epoch,mem_avail_kb,swap_used_kb,load1,arc_bytes,cgroup_bytes,root_free_bytes,tank_alloc_bytes
1791414377,6717052,0,2.57,5859488,,13632421888,9728000
1791414382,6706460,0,2.52,87444000,37265408,13632409600,109035520
1791414387,6777784,0,2.32,86315072,37265408,13632409600,110379008
1791414392,6808860,0,2.13,86315072,37007360,13632409600,53977088
1791414397,6787424,0,1.96,88385144,67207168,13632401408,154775552
1791414402,6795432,0,1.88,86767872,67207168,13632401408,112406528
1791414407,6804548,0,1.81,86767872,67207168,13632401408,54231040
1791414412,6791040,0,1.75,87292120,55689216,13632401408,147480576
1791414417,6808564,0,1.69,85606160,55689216,13632401408,105037824
1791414422,6797268,0,1.55,85606160,55500800,13632401408,54272000
1791414428,6832300,0,1.51,71059056,16707584,13632397312,54251520
1791414433,6796004,0,1.39,88275304,49541120,13632397312,146747392
1791414438,6815136,0,1.27,86561504,49541120,13632397312,104136704
1791414443,6797396,0,1.25,86561504,49242112,13632393216,54120448
1791414448,6810100,0,1.15,87540512,41631744,13632393216,147652608
1791414453,6830364,0,1.06,85750984,41631744,13632393216,105111552
1791414458,6836872,0,0.97,85750984,41410560,13632393216,54132736
1791414463,6844460,0,0.90,88420352,40841216,13632389120,141209600
1791414468,6830628,0,0.82,86713504,40841216,13632389120,98668544
1791414473,6841868,0,0.76,86713504,40841216,13632389120,54173696
1791414478,6852368,0,0.70,88783296,36831232,13632389120,146673664
1791414483,6846352,0,0.64,88443688,37068800,13632389120,104271872
1791414488,6846108,0,0.59,86617064,37068800,13632389120,54272000
1791414493,6838012,0,0.62,53510248,46809088,13632385024,76382208
1791414498,6830396,0,0.57,88531824,36265984,13632385024,146677760
1791414503,6833040,0,0.53,86801600,36270080,13632385024,104071168
1791414508,6832260,0,0.48,86801600,36270080,13632385024,54108160
1791414513,6812468,0,0.44,88236296,35950592,13632380928,151523328
1791414518,6814368,0,0.41,86760000,35655680,13632380928,108933120
1791414523,6828468,0,0.46,86760000,35655680,13632376832,54054912
1791414528,6814816,0,0.50,86543960,37519360,13632372736,146169856
1791414533,6834100,0,0.46,85468448,37519360,13632372736,103895040
1791414538,6839208,0,0.42,85468448,37519360,13632372736,53858304
1791414543,6833208,0,0.47,90113032,63492096,13632368640,146915328
1791414549,6829260,0,0.43,87606192,63492096,13632368640,128036864
1791414554,6834028,0,0.40,86291072,63492096,13632368640,54505472
1791414559,6832880,0,0.36,80848440,38957056,13632360448,54505472
1791414564,6793920,0,0.34,88451304,51400704,13632356352,143794176
1791414569,6814200,0,0.31,86854112,51281920,13632356352,101109760
1791414574,6814284,0,0.28,86854112,51281920,13632356352,54079488
1791414579,6749776,0,0.26,88467376,45977600,13632352256,153296896
1791414584,6790248,0,0.24,86833304,45977600,13632352256,110465024
1791414589,6808856,0,0.22,86833304,45977600,13632348160,54022144
1791414594,6815808,0,0.36,88462312,38723584,13632348160,153563136
1791414599,6841016,0,0.33,86712112,38723584,13632348160,110927872
1791414604,6825944,0,0.31,86712112,38723584,13632348160,54173696
1791414609,6806540,0,0.28,91877776,37523456,13632344064,154079232
1791414614,6817016,0,0.26,88302344,37515264,13632344064,111185920
1791414619,6825820,0,0.24,86812888,37515264,13632344064,54022144
1791414624,6833912,0,0.22,58517304,29831168,13632344064,54022144
1791414629,6830956,0,0.20,88461224,33812480,13632344064,155348992
1791414634,6832748,0,0.18,86762928,33812480,13632339968,112689152
1791414639,6822252,0,0.25,86762928,33427456,13632339968,54091776
1791414644,6806884,0,0.31,87879032,32354304,13632339968,146821120
1791414649,6824236,0,0.29,86066792,32354304,13632339968,104300544
1791414654,6831112,0,0.26,86066792,32354304,13632339968,54226944
1791414659,6800848,0,0.32,88361264,32509952,13632335872,141467648
1791414664,6817400,0,0.30,87624680,32509952,13632335872,98594816
1791414670,6829380,0,0.27,86743736,32509952,13632335872,53772288
1791414675,6854896,0,0.25,69750744,50614272,13632331776,72503296
1791414680,6088484,0,0.87,505236824,252420096,13632331776,153948160
1791414685,5774452,0,1.84,540651784,464150528,13632331776,190193664
1791414690,5496476,0,4.18,579569040,884977664,13632323584,251793408
1791414695,5329268,0,5.52,824532920,841277440,13632319488,310194176
1791414700,5269568,0,6.04,947641656,827731968,13632319488,377069568
1791414705,6326468,0,5.64,498858144,20013056,13632290816,507662336
1791414710,6522680,0,5.27,367820576,20119552,13632290816,487337984
1791414715,6314088,0,5.17,496584344,19574784,13632286720,464048128
1791414720,6457908,0,4.83,444858960,19697664,13632286720,417198080
1791414725,6613404,0,4.52,341193120,18391040,13632286720,361897984
1791414730,6701128,0,4.24,237045184,18685952,13632286720,299147264
1791414735,6501664,0,4.14,272473264,18165760,13632286720,267919360
1791414740,6875096,0,3.89,119056952,89907200,13632282624,245207040
1791414745,6408068,0,3.58,526435864,253038592,13632282624,127975424
1791414750,5993812,0,3.93,631885448,451592192,13632282624,189476864
1791414755,5589112,0,4.58,659773736,887443456,13632282624,250130432
1791414761,5534296,0,6.29,630018752,849162240,13632282624,309239808
1791414766,5256544,0,6.59,721468632,840957952,13632282624,400171008
1791414771,5857204,0,6.14,615479304,25546752,13632262144,460427264
1791414776,6061548,0,5.73,587160408,24068096,13632262144,516874240
1791414781,6279168,0,5.35,460763320,23363584,13632262144,457768960
1791414786,6544452,0,5.16,341114000,22278144,13632262144,404869120
1791414791,6329560,0,4.83,399495504,21110784,13632262144,379359232
1791414796,6426384,0,4.60,418495528,19333120,13632262144,318971904
1791414801,6580380,0,4.39,311201776,18878464,13632262144,250544128
1791414806,6962532,0,5.08,86761328,18415616,13632262144,227569664
1791414811,6529248,0,4.76,461523408,158248960,13632262144,156172288
1791414816,6281064,0,4.38,439445056,246915072,13632258048,158564352
1791414821,5922568,0,4.03,479293392,454049792,13632258048,190361600
1791414826,5931224,0,4.50,573212480,572428288,13632258048,248643584
1791414831,5371388,0,4.54,701989264,853229568,13632258048,310800384
1791414837,5252788,0,5.38,683536976,849498112,13632258048,370982912
1791414842,5333308,0,6.23,605958760,826892288,13632253952,460988416
1791414847,5997140,0,5.89,674320192,27783168,13632229376,492482560
1791414852,6231956,0,5.98,507948800,22777856,13632229376,498454528
1791414857,6414000,0,5.66,419043936,21663744,13632229376,453373952
1791414862,6455792,0,5.29,312967592,20549632,13632237568,427278336
1791414867,6274532,0,4.95,485830616,19873792,13632237568,374353920
1791414872,6508020,0,6.07,383444520,19300352,13632237568,313061376
1791414877,6660680,0,5.66,277920216,18767872,13632237568,245747712
1791414882,6890968,0,5.29,97003512,48128000,13632233472,263610368
1791414887,6624796,0,4.95,275034776,110084096,13632233472,542892032
1791414892,6669400,0,4.63,257748144,110084096,13632233472,406446080
1791414897,6621388,0,4.34,309296336,138596352,13632229376,343330816
1791414902,6635296,0,4.23,307999120,134721536,13632229376,332189696
1791414907,6358460,0,3.97,581283936,144490496,13632225280,564854784
1791414912,6374152,0,3.81,513905224,147750912,13632221184,785383424
1791414917,6432308,0,3.75,491316728,147910656,13632221184,642138112
1791414922,6438240,0,3.85,491316728,147869696,13632221184,494075904
1791414927,6792176,0,4.07,245075432,108175360,13632212992,632250368
1791414932,6690956,0,3.83,258089808,110157824,13632212992,229273600
1791414938,6709168,0,3.68,320265232,133328896,13632212992,229273600
1791414943,6645244,0,3.63,329057280,147623936,13632204800,302419968
1791414948,6477196,0,3.42,477456928,141078528,13632204800,469004288
1791414953,6391640,0,3.54,526260672,147877888,13632200704,567123968
1791414958,6449116,0,3.74,491320992,147877888,13632200704,534433792
1791414963,6452860,0,3.76,491323552,147853312,13632200704,496865280
1791414968,6727160,0,3.54,239233928,191684608,13632196608,562106368
1791414973,6483356,0,3.42,266448368,288985088,13632196608,411111424
1791414978,6513808,0,3.22,249075080,292392960,13632196608,388599808
1791414983,6517876,0,3.04,249075080,295796736,13632196608,246038528
1791414988,6516896,0,2.88,249097824,299466752,13632196608,227971072
1791414993,6512604,0,2.73,249097824,302874624,13632192512,227971072
1791414998,6621676,0,2.67,300948328,193753088,13632192512,334868480
1791415003,6605676,0,2.54,309237256,211877888,13632192512,371257344
1791415008,6304044,0,2.41,477593656,245186560,13632192512,715952128
1791415013,6370692,0,2.46,501096712,234213376,13632192512,777007104
1791415018,6376140,0,2.58,499256104,235114496,13632192512,552853504
1791415024,6375232,0,2.54,499256104,235548672,13632192512,552853504
1791415029,6846552,0,2.41,135259536,195620864,13632184320,650616832
1791415034,6717056,0,2.30,156583368,214253568,13632184320,718323712
1791415039,6732712,0,2.20,152243280,217714688,13632184320,134336512
1791415044,6744152,0,2.10,150367712,221384704,13632184320,135774208
1791415049,6750744,0,2.01,150477104,225054720,13632184320,121864192
1791415054,6840792,0,1.93,182486392,104026112,13632184320,120008704
1791415059,6857412,0,2.34,166799376,82120704,13632180224,192294912
1791415064,6878948,0,2.23,182347024,93593600,13632180224,193433600
1791415069,6840780,0,2.13,199361952,112873472,13632180224,146104320
1791415074,6841488,0,2.12,183831856,113987584,13632180224,186523648
1791415079,6843920,0,2.51,181937064,102948864,13632180224,191393792
1791415084,6843892,0,2.71,181937064,103374848,13632180224,170971136
1791415089,6843956,0,2.81,182045680,104947712,13632180224,161787904
1791415094,6934260,0,2.67,84846832,46710784,13632163840,255311872
1791415099,6623876,0,2.53,241305904,281669632,13632159744,392097792
1791415104,6947036,0,2.33,142221664,61665280,13632155648,299208704
1791415109,6910396,0,2.14,128666128,62185472,13632155648,344973312
1791415114,6910860,0,1.97,128666128,62758912,13632155648,99106816
1791415119,6914692,0,1.81,128666128,62902272,13632155648,98320384
1791415124,6914040,0,1.67,128666128,62840832,13632155648,98320384
1791415130,6914744,0,1.54,128666128,62857216,13632155648,98320384
1791415135,6914068,0,1.41,128666128,62808064,13632155648,98320384
1791415140,6913436,0,1.30,128666128,61661184,13632151552,98320384
1791415145,6835000,0,1.27,226440864,73752576,13632147456,162099200
1791415150,6712624,0,1.25,334532000,90492928,13632147456,276459520
1791415155,6616676,0,1.23,439689360,76492800,13632147456,386109440
1791415160,6524296,0,1.37,542929816,75960320,13632147456,485646336
1791415165,6401016,0,1.34,646867912,90943488,13632147456,598138880
1791415170,6241624,0,1.32,749585536,81403904,13632147456,697253888
1791415175,6186404,0,1.29,811848248,68751360,13632147456,800223232
1791415180,6101672,0,1.27,911604328,128835584,13632147456,813318144
1791415185,5866808,0,1.41,1084889424,124141568,13632147456,1081954304
1791415190,5915208,0,1.61,990652064,122572800,13632147456,1425231872
1791415195,5849700,0,1.89,1030070704,136814592,13632147456,1435009024
1791415200,5828416,0,2.13,961777088,128032768,13632147456,1436647424
1791415205,5904076,0,2.28,992821016,151388160,13632147456,1458544640
1791415210,5902708,0,2.26,1011798560,147492864,13632147456,1445601280
1791415216,5968136,0,2.08,964351080,83726336,13632147456,1450909696
1791415221,5917804,0,2.15,977872472,142110720,13632147456,1352241152
1791415226,5883252,0,2.14,959465072,145600512,13632147456,1441435648
1791415231,5878092,0,2.13,1033642368,177823744,13632143360,1413079040
1791415236,5901512,0,2.12,1011263984,181633024,13632143360,1422868480
1791415241,5918268,0,2.19,990768624,192376832,13632143360,1417043968
1791415246,5861832,0,2.25,986105800,182243328,13632143360,1414590464
1791415251,5932448,0,2.23,1036238320,90218496,13632143360,1418719232
1791415256,5973988,0,2.05,990148688,137875456,13632135168,1424543744
1791415261,5666044,0,2.05,1062862216,314707968,13632135168,1448370176
1791415266,5750132,0,2.77,1004876480,319967232,13632135168,1460154368
1791415271,5755896,0,2.87,1023035376,298651648,13632135168,1497673728
1791415276,5813208,0,3.36,1007817952,290721792,13632135168,1481293824
1791415281,5759552,0,3.49,1003788424,325558272,13632135168,1443053568
1791415286,5747984,0,3.45,1049630560,325951488,13632135168,1487450112
1791415291,5914212,0,3.65,977020224,96817152,13632135168,1476796416
1791415296,6961208,0,3.36,84976352,15138816,13632126976,1341493248
1791415301,6320752,0,3.97,415136008,329269248,13632126976,350941184
1791415307,5956824,0,4.54,825947720,345391104,13632126976,863916032
1791415312,5320064,0,4.97,1003544264,809713664,13632126976,1029345280
1791415317,5802980,0,5.70,790329008,369410048,13632126976,1072447488
1791415322,5666820,0,5.64,983972568,363560960,13632126976,1024012288
1791415327,5910028,0,5.59,1025226112,85590016,13632122880,1081139200
1791415332,6656440,0,5.14,238521416,238383104,13632122880,1119993856
1791415337,6145936,0,5.53,566529720,388173824,13632122880,498724864
1791415342,5725248,0,5.89,897456584,490967040,13632122880,950710272
1791415347,5080052,0,6.30,911045848,993193984,13632122880,1102614528
1791415352,5766480,0,5.95,860166992,408731648,13632122880,1068249088
1791415357,5959676,0,5.64,1052944192,84545536,13632118784,1012662272
1791415362,6017696,0,5.19,1040615752,47120384,13632114688,1055584256
1791415367,6454948,0,4.85,363596976,303878144,13632114688,1227264000
1791415372,5971152,0,5.34,762324056,354250752,13632114688,723070976
1791415377,5505876,0,6.20,925541336,642428928,13632114688,1001635840
1791415383,5433388,0,7.68,799314992,696774656,13632114688,1087483904
1791415388,5715612,0,7.30,920509976,417374208,13632114688,1020194816
1791415393,5931524,0,6.72,1051276384,84656128,13632110592,1019158528
1791415398,6777260,0,6.82,176399296,183975936,13632110592,1107820544
1791415403,6238348,0,7.48,502453008,357404672,13632106496,351461376
1791415408,5872424,0,7.52,853838160,374587392,13632106496,900755456
1791415413,5239100,0,8.04,1005122672,881221632,13632106496,1055047680
1791415418,5781844,0,7.71,792274496,364326912,13632106496,1042714624
1791415423,5830220,0,7.58,1073267040,172982272,13632106496,1011826688
1791415428,5940620,0,7.05,1027734104,84774912,13632102400,1074171904
1791415433,6508016,0,6.56,304024288,267464704,13632102400,1233051648
1791415438,6008936,0,6.84,607239696,383119360,13632102400,615727104
1791415443,5667544,0,6.93,858913128,543666176,13632102400,970645504
1791415448,5114472,0,7.42,940986056,899997696,13632102400,1095442432
1791415453,5713784,0,7.31,882601504,422592512,13632102400,1029279744
1791415458,5886036,0,6.72,1036459312,88788992,13632098304,1034838016
1791415464,6935868,0,6.26,86383128,15360000,13632094208,1095286784
1791415469,6320484,0,6.24,397797936,317620224,13632094208,350261248
1791415474,5960308,0,6.30,746173992,356368384,13632094208,722403328
1791415479,5526576,0,6.84,939152152,629325824,13632094208,1005019136
1791415484,5600180,0,7.01,780261536,563884032,13632094208,1061761024
1791415489,5746940,0,6.77,918076968,442384384,13632094208,997974016
1791415494,5958240,0,6.23,1057025480,84901888,13632081920,999436288
1791415499,6918092,0,5.81,137732816,75169792,13632073728,1117290496
1791415504,6873464,0,5.34,130178288,71634944,13632073728,1116856320
1791415509,6874336,0,4.91,128703920,71626752,13632073728,95891456
1791415514,6874260,0,4.52,128703920,71626752,13632073728,95203328
1791415519,6874524,0,4.16,128703920,71897088,13632073728,95203328
1791415524,6874284,0,3.83,128703920,71897088,13632065536,95203328
1791415529,6872056,0,3.52,128703920,71892992,13632065536,95203328
1791415534,6837100,0,3.32,128703920,71675904,13632061440,95203328
1791415539,6858108,0,3.13,128703920,71942144,13632061440,95203328
1791415544,6861336,0,2.96,128703920,71942144,13632061440,95203328
1791415549,6861064,0,2.80,128703920,71942144,13632061440,95203328
1791415554,6861172,0,2.58,128703920,71942144,13632061440,95203328
1791415559,6865060,0,2.37,128862752,69185536,13632061440,95203328
1791415565,6864296,0,2.18,128775144,69181440,13632061440,95645696
1791415570,6867276,0,2.01,128775144,69181440,13632061440,95645696
1791415575,6868576,0,1.85,128775144,70230016,13632057344,95232000
1791415580,6871636,0,1.70,128773000,69644288,13632057344,95232000
1791415585,6880488,0,1.56,130795456,70209536,13632053248,111460352
1791415590,6622468,0,1.52,408289712,116764672,13632053248,111460352
1791415595,6590644,0,1.39,392948240,138076160,13632053248,139243520
1791415600,6630604,0,1.28,323839512,139247616,13632053248,138780672
1791415605,6637788,0,1.18,323382576,139243520,13632045056,138993664
1791415610,6657820,0,1.08,323382576,139591680,13632045056,137850880
1791415615,6661676,0,1.00,323382576,139243520,13632045056,136843264
1791415620,6647652,0,0.92,323986464,139403264,13632040960,136843264
1791415625,6665252,0,0.84,324402832,140402688,13632040960,137441280
1791415630,6666060,0,0.78,325345904,140353536,13632040960,137441280
1791415635,6664112,0,0.71,325132952,140836864,13632040960,136859648
1791415640,6668088,0,0.66,325355120,141451264,13632040960,137203712
1791415645,6668016,0,0.60,324706224,142123008,13632040960,137203712
1791415650,6667116,0,0.56,324634496,142987264,13632040960,136847360
1791415655,6624596,0,0.59,325484096,143667200,13632040960,137981952
1791415660,6649232,0,0.54,325235688,144744448,13632040960,138399744
1791415665,6656632,0,0.58,325149440,144998400,13632036864,137682944
1791415670,6660060,0,0.61,325406456,146182144,13632036864,137748480
1791415675,6658944,0,0.56,324918192,146239488,13632036864,137584640
1791415680,6536048,0,0.52,484028552,170975232,13632036864,138137600
1791415686,6440492,0,0.56,496264568,206647296,13632036864,162967552
1791415691,6385824,0,0.75,515172408,238997504,13632036864,191070208
1791415696,6368056,0,0.93,433295584,251514880,13632036864,216662016
1791415701,6403136,0,0.86,418303896,253489152,13632036864,218558464
1791415706,6396504,0,0.79,418735072,255504384,13632036864,217370624
1791415711,6427152,0,0.73,422695736,257519616,13632036864,216223744
1791415716,6450508,0,0.67,423904208,259227648,13632036864,217260032
1791415721,6435576,0,0.61,422494480,261578752,13632032768,217608192
1791415726,6450072,0,0.56,426095400,263258112,13632032768,216903680
1791415731,6446328,0,0.52,426834152,265125888,13632032768,216543232
1791415736,6445992,0,0.48,426514016,265125888,13632032768,216719360
1791415741,6448608,0,0.44,426514016,265138176,13632032768,216719360
1791415746,6452660,0,0.40,426514016,265138176,13632032768,216174592
1791415751,6433820,0,0.37,426514016,265154560,13632032768,216174592
1791415756,6445420,0,0.34,426514016,265154560,13632032768,216174592
1791415761,6449688,0,0.31,426514016,264904704,13632032768,216174592
1791415766,6448884,0,0.29,426514016,264904704,13632032768,216174592
1791415771,6460824,0,0.35,407989496,263012352,13632028672,216174592
1791415776,6462804,0,0.40,407714488,263012352,13632028672,216174592
1791415781,6437928,0,0.37,427851216,266678272,13632028672,216174592
1791415786,6293540,0,0.50,527387144,316223488,13632028672,236920832
1791415791,6215884,0,0.54,529594984,349454336,13632028672,264900608
1791415796,6165416,0,0.57,519779880,378789888,13632028672,291872768
1791415801,6186588,0,0.53,489592840,379334656,13632028672,298135552
1791415807,6211104,0,0.49,491339072,383049728,13632028672,296665088
1791415812,6249272,0,0.45,492121728,385925120,13632028672,295325696
1791415817,6267908,0,0.41,494837272,388624384,13632024576,295325696
1791415822,6272204,0,0.38,491332336,389226496,13632016384,295325696
1791415827,6273308,0,0.35,491332336,389218304,13632016384,295325696
1791415832,6275132,0,0.32,491332336,388956160,13632016384,295325696
1791415837,6275056,0,0.29,491332336,389218304,13632016384,295325696
1791415842,6259884,0,0.27,491332336,389206016,13632016384,295325696
1791415847,6273088,0,0.25,491129776,389468160,13632016384,296062976
1791415852,6276028,0,0.23,491129776,389484544,13632016384,296062976
1791415857,6274368,0,0.21,491129776,389484544,13632016384,295321600
1791415862,6273368,0,0.19,491129776,389230592,13632016384,295321600
1791415867,6276136,0,0.18,491129776,389484544,13632012288,295321600
1791415872,6284192,0,0.16,465871104,392212480,13632012288,295321600
1791415877,6285556,0,0.23,460705080,385454080,13632012288,295321600
1791415882,6285472,0,0.21,459241656,385454080,13632012288,295321600
1791415887,6281844,0,0.27,482352104,391651328,13632012288,298401792
1791415892,6095892,0,0.41,510637304,427081728,13632012288,298401792
1791415897,5998720,0,0.46,545884096,462839808,13632012288,327503872
1791415902,5920004,0,0.58,580445904,491233280,13632012288,355426304
1791415907,5831548,0,0.70,644650968,551391232,13632008192,380542976
1791415912,5772448,0,0.88,704471024,588472320,13632008192,407326720
1791415918,5751356,0,1.53,741256056,625332224,13632008192,434343936
1791415923,5709792,0,2.05,757968704,659689472,13632008192,461402112
1791415928,5726268,0,1.88,659679392,672710656,13632008192,488513536
1791415933,5742908,0,1.73,613944928,672710656,13632004096,495853568
1791415938,5766080,0,1.59,616461840,674390016,13632004096,494342144
1791415943,5814060,0,1.46,617382752,677720064,13632004096,492900352
1791415948,5834808,0,1.35,619616152,681111552,13632004096,492900352
1791415953,5842200,0,1.24,623197640,684748800,13632004096,492900352
1791415958,5843808,0,1.14,628853912,688435200,13632004096,492900352
1791415963,5831240,0,1.05,627470040,691978240,13632004096,492900352
1791415968,5822692,0,0.96,627960128,692011008,13632004096,492900352
1791415973,5820780,0,0.89,627203408,692277248,13632004096,493666304
1791415978,5837168,0,0.81,627203408,692277248,13632000000,493666304
1791415983,5840436,0,0.75,627203408,692285440,13632000000,492896256
1791415988,5837528,0,0.69,627203408,692285440,13632000000,492896256
1791415993,5837528,0,0.63,627203408,692297728,13632000000,492896256
1791415998,5838120,0,0.66,627203408,691658752,13632000000,492896256
1791416003,5855668,0,0.85,593278504,707481600,13632000000,492896256
1791416008,5818676,0,0.86,587704480,723996672,13632000000,492896256
1791416013,5820872,0,0.79,584790104,687194112,13632000000,492896256
1791416018,5840736,0,0.73,584790104,687181824,13632000000,492896256
1791416023,5983756,0,0.75,708641448,16236544,13631995904,492896256
1791416028,6400996,0,1.57,435784552,15769600,13631991808,506580992
1791416033,6238784,0,1.53,441868544,16158720,13631991808,448544768
1791416039,6479728,0,1.48,416171552,16064512,13631991808,385978368
1791416044,6606196,0,1.45,264161120,15716352,13631991808,323141632
1791416049,6480084,0,1.41,385818624,15536128,13631991808,291696640
1791416054,6698016,0,1.54,197258048,15138816,13631991808,226344960
1791416059,6569576,0,1.49,298311064,15323136,13631991808,194203648
1791416064,6911668,0,3.54,135768848,78929920,13631987712,221843456
1791416069,6869752,0,3.25,124443968,70082560,13631983616,229007360
1791416074,6869604,0,2.99,124443968,70082560,13631983616,95834112
1791416079,6872512,0,2.75,124443968,70082560,13631983616,95195136
1791416084,6876852,0,2.53,124443968,70090752,13631983616,95195136
1791416089,6852412,0,2.33,124443968,70225920,13631983616,95195136
1791416094,6869056,0,2.14,124443968,70479872,13631983616,95195136
1791416099,6872404,0,2.05,124443968,71528448,13631983616,95195136
1791416104,6858252,0,1.89,124443968,70483968,13631983616,95195136
1791416109,6869616,0,1.73,124443968,70479872,13631983616,95195136
1791416114,6870888,0,1.60,124443968,70479872,13631983616,95195136
1791416119,6870420,0,1.55,124443968,70483968,13631979520,95195136
1791416124,6872408,0,1.50,124443968,70483968,13631979520,95195136
1791416129,6869668,0,1.46,124443968,70774784,13631979520,95195136
1791416134,6872824,0,1.35,124443968,70750208,13631979520,95195136
1791416139,6874184,0,1.24,124443968,70508544,13631979520,95195136
1791416144,6874224,0,1.14,124443968,70508544,13631979520,95195136
1791416149,6878904,0,1.05,136747264,71753728,13631975424,111607808
1791416155,6618904,0,1.04,411006248,117321728,13631975424,111607808
1791416160,6612876,0,0.96,386595608,137240576,13631975424,140554240
1791416165,6666500,0,0.88,317048232,137240576,13631975424,138862592
1791416170,6666072,0,0.81,317048232,137240576,13631975424,137711616
1791416175,6666072,0,0.75,317048232,137515008,13631975424,136626176
1791416180,6669080,0,0.69,317048232,137510912,13631975424,136626176
1791416185,6669732,0,0.63,317048232,137510912,13631975424,136626176
1791416190,6669220,0,0.58,317048232,137510912,13631975424,136626176
1791416195,6668612,0,0.53,317048232,137519104,13631971328,136626176
1791416200,6668784,0,0.49,317048232,137519104,13631971328,136626176
1791416205,6668784,0,0.45,317048232,137523200,13631971328,136626176
1791416210,6640596,0,0.41,317048232,137408512,13631971328,136626176
1791416215,6646236,0,0.38,317395800,137187328,13631967232,136626176
1791416220,6655292,0,0.35,317263104,137187328,13631967232,137543680
1791416225,6656244,0,0.32,317263104,137187328,13631967232,137543680
1791416230,6656036,0,0.30,317263104,137187328,13631967232,136634368
1791416235,6658540,0,0.35,316407056,137637888,13631967232,136634368
1791416240,6654208,0,0.41,316407056,137637888,13631963136,136634368
1791416245,6537108,0,0.45,490389512,164618240,13631963136,136634368
1791416250,6389296,0,0.58,499410776,199323648,13631963136,162893824
1791416255,6399584,0,0.61,509685048,231890944,13631963136,192512000
1791416260,6432452,0,0.56,400083128,240189440,13631963136,218566656
1791416265,6436964,0,0.52,399589536,240189440,13631963136,218230784
1791416270,6439328,0,0.47,399589536,240189440,13631963136,216690688
1791416276,6434012,0,0.44,399529480,240111616,13631959040,216817664
1791416281,6445024,0,0.40,399529480,240111616,13631959040,216817664
1791416286,6437892,0,0.37,399529480,239968256,13631959040,215724032
1791416291,6441412,0,0.34,399529480,239968256,13631959040,215724032
1791416296,6441564,0,0.31,399529480,239706112,13631954944,215724032
1791416301,6444220,0,0.29,399529480,239968256,13631954944,215724032
1791416306,6445288,0,0.26,399529480,239489024,13631954944,215724032
1791416311,6441640,0,0.24,399529480,239747072,13631954944,215724032
1791416316,6443032,0,0.22,399529480,240017408,13631954944,215724032
1791416321,6444204,0,0.20,399532328,240017408,13631954944,215724032
1791416326,6432576,0,0.19,399532328,240021504,13631954944,215724032
1791416331,6447024,0,0.17,399532328,240021504,13631954944,215724032
1791416336,6467920,0,0.24,408120152,239050752,13631954944,215724032
1791416341,6469980,0,0.22,408051400,239050752,13631954944,215724032
1791416346,6483340,0,0.20,436621776,245714944,13631954944,215724032
1791416351,6321372,0,0.59,520620080,293507072,13631954944,237916160
1791416356,6217224,0,0.70,532467576,327659520,13631950848,266686464
1791416361,6216932,0,0.72,497948784,352292864,13631950848,293335040
1791416366,6264272,0,0.67,470626296,352919552,13631950848,298299392
1791416371,6265068,0,0.61,471432616,353320960,13631950848,296525824
1791416376,6282176,0,0.56,470977560,353812480,13631950848,294928384
1791416381,6298272,0,0.52,471501816,354635776,13631950848,294928384
1791416386,6292592,0,0.48,471256352,355217408,13631950848,294928384
1791416391,6292856,0,0.44,471917424,355958784,13631950848,294928384
1791416397,6266840,0,0.40,472752368,356327424,13631942656,294928384
1791416402,6279508,0,0.37,472862256,357081088,13631942656,294928384
1791416407,6293292,0,0.34,472239088,357978112,13631942656,294928384
1791416412,6294760,0,0.31,473515600,358621184,13631942656,296013824
1791416417,6284232,0,0.29,473598848,359104512,13631942656,296013824
1791416422,6299444,0,0.26,473730784,359350272,13631942656,294809600
1791416427,6299624,0,0.24,474538720,360054784,13631942656,294809600
1791416432,6302472,0,0.22,472523352,360636416,13631942656,295051264
1791416437,6319456,0,0.20,460602240,364912640,13631942656,295051264
1791416442,6307384,0,0.43,458715200,359288832,13631942656,295182336
1791416447,6310716,0,0.39,455492888,359735296,13631942656,295182336
1791416452,6292704,0,0.36,492951344,369029120,13631942656,299106304
1791416457,6051544,0,0.41,495063336,402104320,13631938560,299106304
1791416462,6014660,0,0.46,507272480,435441664,13631938560,328658944
1791416467,5968268,0,0.75,541530184,469192704,13631938560,356098048
1791416472,5858376,0,0.85,597449880,528457728,13631938560,384081920
1791416477,5817948,0,0.94,646685344,561627136,13631938560,410673152
1791416482,5784812,0,1.02,687615600,598450176,13631938560,438849536
1791416487,5749560,0,1.02,743074656,634003456,13631938560,466685952
1791416492,5767244,0,1.26,600832312,633020416,13631938560,494858240
1791416498,5820028,0,1.16,590712832,633745408,13631938560,496209920
1791416503,5849144,0,1.07,591804400,634580992,13631938560,494227456
1791416508,5871664,0,0.98,593787440,635408384,13631938560,492605440
1791416513,5890108,0,0.90,596688704,635965440,13631938560,492605440
1791416518,5897964,0,0.83,597431584,637075456,13631934464,492605440
1791416523,5864244,0,0.85,600005712,637747200,13631930368,492605440
1791416528,5896808,0,0.78,600030128,638304256,13631930368,492605440
1791416533,5894620,0,0.80,601612200,640270336,13631930368,493461504
1791416538,5898448,0,0.73,602450144,639668224,13631930368,494551040
1791416543,5896620,0,0.68,603134880,640094208,13631930368,493690880
1791416548,5881144,0,0.62,604500464,640651264,13631930368,492617728
1791416553,5884604,0,0.57,604972672,641355776,13631930368,492617728
1791416558,5886784,0,0.53,606227304,641884160,13631930368,492883968
1791416563,5869936,0,0.48,626598656,646488064,13631930368,492883968
1791416568,5870844,0,0.52,583594664,660525056,13631930368,493039616
1791416573,5857136,0,0.56,587166792,678887424,13631930368,493039616
1791416578,5864200,0,0.60,589312976,642887680,13631930368,492617728
1791416583,5872068,0,0.63,588982664,643293184,13631926272,492617728
1791416588,6397380,0,2.42,427659304,16044032,13631922176,502431744
1791416593,6214928,0,2.31,557095368,15863808,13631922176,499449856
1791416598,6474932,0,2.20,437284072,15822848,13631922176,436477952
1791416603,6580408,0,2.27,311936832,15953920,13631922176,373936128
1791416608,6390356,0,2.16,440826928,15826944,13631918080,342192128
1791416613,6636056,0,2.07,289913216,15441920,13631918080,278159360
1791416619,6742084,0,1.99,138667880,15581184,13631918080,246149120
1791416624,6664492,0,1.83,216383832,51789824,13631913984,181362688
1791416629,6770388,0,1.76,163218984,143638528,13631913984,54415360
1791416634,6865636,0,1.62,107568824,98385920,13631913984,80277504
1791416639,6806988,0,1.65,117928488,87113728,13631913984,136695808
1791416644,6893772,0,1.60,111154984,106815488,13631909888,88068096
1791416649,6790496,0,1.55,141003400,151920640,13631909888,143732736
1791416654,6850964,0,1.42,111032288,79130624,13631905792,94625792
1791416659,6769168,0,1.39,112697208,215056384,13631901696,88289280
1791416664,6820208,0,1.36,112616312,184487936,13631901696,132149248
1791416669,6836444,0,1.33,110311792,149037056,13631901696,88289280
1791416674,6814372,0,1.30,112659984,127107072,13631901696,131395584
1791416679,6754832,0,1.28,114457376,242593792,13631901696,149856256
1791416684,6735344,0,1.26,127498064,194920448,13631897600,88276992
1791416689,6804632,0,1.32,133482320,164212736,13631897600,131796992
1791416694,6868380,0,1.37,112165008,91701248,13631889408,189476864
1791416699,6812032,0,1.42,142377800,152944640,13631881216,94900224
1791416704,6772832,0,1.47,150107592,172728320,13631881216,115281920
1791416709,6778364,0,1.43,144107920,169594880,13631877120,96903168
1791416714,6817984,0,1.40,118210216,104910848,13631877120,102785024
1791416719,6852292,0,1.44,133620304,118943744,13631868928,97005568
1791416724,6819800,0,1.41,103315072,105418752,13631868928,97226752
1791416730,6852328,0,1.38,112987352,149213184,13623476224,97333248
1791416735,6765000,0,1.35,139336000,195084288,13623476224,97357824
1791416740,6787240,0,1.72,138029824,166838272,13623476224,115421184
1791416745,6702828,0,1.66,126907168,257835008,13623476224,97271808
1791416750,6767516,0,1.61,117407472,198287360,13623472128,115040256
1791416755,6760560,0,1.56,110568616,154611712,13623472128,97161216
1791416760,6719612,0,1.67,117409088,132313088,13623472128,114921472
1791416765,6706348,0,1.62,117619440,245956608,13623472128,133947392
1791416770,6853184,0,1.57,138810168,120233984,13623459840,190980096
1791416775,6767524,0,1.52,169282400,150708224,13623459840,253677568
1791416780,6751612,0,1.48,192230216,152907776,13623459840,164278272
1791416785,6732460,0,1.44,211389840,159141888,13623459840,203456512
1791416790,6719244,0,1.41,251168752,164012032,13623459840,226127872
1791416795,6672612,0,1.37,275097536,161071104,13623459840,252223488
1791416800,6654876,0,1.34,294484064,163766272,13623459840,282787840
1791416805,6618692,0,1.32,334986984,170885120,13623459840,311259136
1791416810,6581148,0,1.29,359040256,168456192,13623459840,338780160
1791416815,6548040,0,1.35,379953776,171241472,13623459840,368168960
1791416820,6534844,0,1.40,413871560,167464960,13623455744,391094272
1791416825,6473188,0,1.45,441839960,179343360,13623451648,420339712
1791416830,6472772,0,1.41,462578552,179236864,13623447552,452976640
1791416835,6435220,0,1.38,500420568,183226368,13623447552,480669696
1791416840,6394972,0,1.35,525717248,188301312,13623447552,508801024
1791416846,6381924,0,1.32,547454864,191496192,13623447552,539582464
1791416851,6342664,0,1.29,583728776,205393920,13623447552,566538240
1791416856,6321572,0,1.27,607815864,196259840,13623447552,596262912
1791416861,6313984,0,1.25,640645096,198578176,13623447552,596262912
1791416866,6279452,0,1.23,667763312,198717440,13623447552,625967104
1791416871,6230572,0,1.21,710864120,203546624,13623447552,651567104
1791416876,6196372,0,1.19,724122064,208666624,13623443456,684298240
1791416881,6174560,0,1.18,753085664,206553088,13623443456,713928704
1791416886,6136872,0,1.16,795269488,212348928,13623443456,738922496
1791416891,6114808,0,1.15,807625864,215375872,13623443456,769142784
1791416896,6085016,0,1.14,847090360,217747456,13623443456,802553856
1791416901,6045060,0,1.13,878535296,225910784,13623443456,827924480
1791416906,6067176,0,1.12,890309192,185819136,13623443456,856772608
1791416911,5979176,0,1.11,941617720,226406400,13623443456,889004032
1791416916,5954376,0,1.10,960821816,231100416,13623443456,916811776
1791416921,5929404,0,1.09,987523280,233426944,13623443456,947777536
1791416926,5886196,0,1.08,1039862200,233209856,13623443456,986152960
1791416931,5837144,0,1.24,1065030392,239411200,13623443456,1017028608
1791416936,5813272,0,1.30,1074082872,242888704,13623439360,1050296320
1791416941,5810932,0,1.35,1097780280,238796800,13623439360,1074728960
1791416946,5823360,0,1.33,1074774904,246566912,13623439360,1105063936
1791416951,5823184,0,1.30,1085943096,249372672,13623439360,1135960064
1791416956,5846192,0,1.27,1084666672,216969216,13623439360,1157132288
1791416961,6017212,0,1.25,999746536,220557312,13623439360,1449213952
1791416967,5966616,0,1.23,1044900488,203669504,13623439360,1465360384
1791416972,5995812,0,1.21,961173008,182337536,13623439360,1483227136
1791416977,6028548,0,1.20,934895688,182337536,13623439360,1389965312
1791416982,5958308,0,1.10,1054776352,184147968,13623435264,1163726848
1791416987,5995980,0,1.01,939908152,184557568,13623435264,1171005440
1791416992,5995812,0,0.93,939779680,184844288,13623435264,1171738624
1791416997,5973608,0,0.94,945799368,187609088,13623435264,1171017728
1791417002,5958848,0,0.86,973435248,210493440,13623427072,1173688320
1791417007,5992876,0,0.79,953689208,210755584,13623427072,1250926592
1791417012,5835300,0,0.73,1089225120,282693632,13623427072,1185505280
1791417017,5719068,0,0.75,1089104848,375025664,13623427072,1461092352
1791417022,5720584,0,0.77,1080103024,409600000,13623427072,1560948736
1791417027,5712592,0,0.79,1032639304,412999680,13623427072,1584865280
1791417032,5930588,0,0.81,1026352528,194433024,13623427072,1535602688
1791417037,5942952,0,0.74,1027125240,194220032,13623427072,1478307840
1791417042,5941460,0,0.68,1027003592,194215936,13623422976,1478885376
1791417047,5830600,0,0.71,1092462192,285392896,13623422976,1478283264
1791417052,5963012,0,0.73,1047580080,196681728,13623422976,1521729536
1791417057,5933688,0,0.75,1046862576,195801088,13623422976,1521729536
1791417062,5911120,0,0.69,1082384072,198971392,13623418880,1935986688
1791417067,5957796,0,0.64,953515800,198971392,13623418880,2057355264
1791417072,5900964,0,0.67,1075677168,202756096,13623418880,1996124160
1791417077,5973472,0,0.61,967558280,201711616,13623418880,1997164544
1791417082,5985508,0,0.56,965326248,201453568,13623418880,2005422080
1791417088,6002528,0,0.60,998951960,200245248,13623414784,2001190912
1791417093,5989576,0,0.55,995205520,206737408,13623414784,2003189760
1791417098,5998944,0,0.51,991876912,199131136,13623414784,2026840064
1791417103,5998956,0,0.46,991876912,199131136,13623414784,2026840064
1791417108,5970564,0,0.43,1047682232,195866624,13623414784,2026803200
1791417113,7013460,0,0.39,44029296,74485760,13623406592,2036543488
1791417118,6786360,0,0.44,189542808,178462720,13623406592,2126028800
1791417123,6760936,0,0.49,195484856,191475712,13623402496,211050496
1791417128,6742964,0,0.79,232165328,192700416,13623402496,197255168
1791417133,6732432,0,0.80,261076088,190361600,13623398400,240889856
1791417138,6687636,0,0.82,274910264,200056832,13623398400,257417216
1791417143,6653940,0,0.83,318857208,202285056,13623398400,277860352
1791417148,6636100,0,0.85,344344280,194232320,13623398400,311054336
1791417153,6590460,0,0.86,361274864,206589952,13623398400,344338432
1791417158,6566284,0,0.87,404383464,208773120,13623398400,364654592
1791417163,6532884,0,0.88,434821672,210419712,13623398400,395497472
1791417168,6479164,0,0.89,444855576,223789056,13623398400,429600768
1791417173,6458448,0,0.98,491656144,217239552,13623398400,454733824
1791417178,6443196,0,1.06,521491696,219750400,13623398400,479322112
1791417183,6439056,0,1.06,536734224,173432832,13623394304,517431296
1791417188,6368348,0,1.05,574065576,225853440,13623394304,543645696
1791417193,6348184,0,1.05,610721152,226127872,13623394304,569679872
1791417198,6373744,0,1.04,630475208,189366272,13623390208,609476608
1791417203,6280684,0,1.04,654058168,231370752,13623390208,640471040
1791417209,6257696,0,1.04,701563288,235167744,13623390208,662482944
1791417214,6241656,0,1.03,721277144,223567872,13623390208,696033280
1791417219,6191204,0,1.03,739523856,239603712,13623390208,731566080
1791417224,6168352,0,1.03,787433672,243007488,13623390208,745893888
1791417229,6158992,0,1.03,806549256,233443328,13623390208,779640832
1791417234,6092784,0,1.02,823643864,253636608,13623390208,817823744
1791417239,6048388,0,1.02,880101704,254558208,13623390208,842559488
1791417244,6042952,0,1.02,897879704,241827840,13623386112,864382976
1791417249,5994356,0,1.02,904761440,261812224,13623386112,905134080
1791417254,5948736,0,1.02,965484824,263868416,13623386112,934764544
1791417259,5968120,0,1.01,987094232,248975360,13623386112,955334656
1791417264,5904292,0,1.01,992209048,267649024,13623386112,995553280
1791417269,5827732,0,1.01,1050616784,269881344,13623386112,1022836736
1791417274,5829488,0,1.01,1082541888,266514432,13623386112,1047597056
1791417279,5834060,0,1.01,1059673656,274976768,13623386112,1088143360
1791417284,5796944,0,1.01,1093280416,279166976,13623386112,1118560256
1791417289,5811092,0,1.09,1096125096,262377472,13623386112,1129730048
1791417294,5810920,0,1.16,1061867264,282099712,13623386112,1169899520
1791417299,5801688,0,1.23,1069949752,283238400,13623386112,1201111040
1791417304,5830760,0,1.21,1088881128,263966720,13623382016,1216618496
1791417309,5813608,0,1.19,1062096576,289722368,13623382016,1256771584
1791417314,5792400,0,1.18,1097332904,292069376,13623382016,1286946816
1791417320,5822460,0,1.16,1089630312,252215296,13623382016,1305817088
1791417325,5818308,0,1.15,1068402048,296058880,13623382016,1346039808
1791417330,5785716,0,1.14,1078132464,298090496,13623382016,1372954624
1791417335,5844292,0,1.13,1075946184,270499840,13623382016,1394307072
1791417340,5787380,0,1.12,1071569912,304549888,13623382016,1434574848
1791417345,5769884,0,1.11,1076163096,305664000,13623382016,1464827904
1791417350,5803748,0,1.10,1079131896,286982144,13623382016,1485307904
1791417355,5780628,0,1.09,1070656648,311353344,13623382016,1523052544
1791417360,5771432,0,1.08,1071031680,313430016,13623382016,1555230720
1791417365,5792988,0,1.08,1074260424,296251392,13623377920,1574940672
1791417370,5756240,0,1.07,1065373568,316497920,13623373824,1607598080
1791417375,5731768,0,1.06,1087628152,321982464,13623373824,1643151360
1791417380,5815120,0,1.06,1080887976,279912448,13623373824,1657364480
1791417385,5790136,0,1.05,1058177488,327426048,13623373824,1695232000
1791417390,5761368,0,1.05,1078448888,328933376,13623373824,1728737280
1791417395,5833992,0,1.04,1089701016,285540352,13623373824,1728737280
1791417400,5739716,0,1.04,1089497416,334364672,13623373824,1749065728
1791417405,5784380,0,1.12,1091912848,336076800,13623373824,1782374400
1791417410,5855532,0,1.19,1082892016,286990336,13623369728,1816555520
1791417415,5787720,0,1.25,1091879584,340152320,13623369728,1850138624
1791417420,5804208,0,1.23,1073667384,342003712,13623365632,1885130752
1791417425,5780912,0,1.21,1101637304,311402496,13623365632,1920532480
1791417430,5764728,0,1.20,1075795592,348770304,13623365632,1944727552
1791417435,5780604,0,1.18,1079896896,351694848,13623365632,1967865856
1791417441,5794828,0,1.17,1082969544,336818176,13623365632,2006958080
1791417446,5778244,0,1.15,1078252416,357105664,13623365632,2037444608
1791417451,5766460,0,1.14,1088596000,360513536,13623365632,2063843328
1791417456,5768720,0,1.13,1074471968,361975808,13623365632,2104074240
1791417461,5733408,0,1.12,1090276280,365641728,13623365632,2132914176
1791417466,5752340,0,1.11,1082086952,367943680,13623361536,2157735936
1791417471,5751424,0,1.10,1085138256,369651712,13623361536,2189619200
1791417476,5803600,0,1.09,1075198120,323702784,13623361536,2224078848
1791417481,5721772,0,1.08,1095927912,374034432,13623361536,2250608640
1791417486,5799692,0,1.08,1084074872,300052480,13623361536,2422648832
1791417491,5813948,0,1.07,1097712680,300228608,13623361536,2561953792
1791417496,5931948,0,1.06,931405824,268091392,13623361536,2562547712
1791417501,5867284,0,1.06,1094073384,281677824,13623361536,2562732032
1791417506,5868448,0,1.05,1091080456,282447872,13623361536,2581643264
1791417511,5926324,0,1.05,984865640,262995968,13623361536,2587082752
1791417516,5890108,0,0.97,1048565496,263643136,13623357440,2282426368
1791417521,5880668,0,0.97,979257480,264785920,13623357440,2282426368
1791417526,5924316,0,0.97,930970032,264998912,13623357440,2293972992
1791417531,5925192,0,0.97,938442904,267898880,13623353344,2293972992
1791417536,5931764,0,0.90,935376296,266985472,13623353344,2304102400
1791417541,5904048,0,0.90,965878352,289894400,13623353344,2296643584
1791417546,5961776,0,0.83,945807856,268222464,13623353344,2308313088
1791417551,5657880,0,0.85,1093933888,386301952,13623353344,2460639232
1791417557,5668340,0,0.86,1055645040,459255808,13623349248,2609639424
1791417562,5650580,0,0.87,1079243240,489922560,13623349248,2654158848
1791417567,5654440,0,0.88,1022836880,493912064,13623349248,2674667520
1791417572,5665176,0,0.81,1017383464,494313472,13623349248,2619899904
1791417577,5885244,0,0.75,1019505440,274268160,13623349248,2559840256
1791417582,5879696,0,0.68,1041472408,278474752,13623349248,2560688128
1791417587,5646048,0,0.71,998832088,453423104,13623349248,2723934208
1791417592,5704744,0,0.65,982228368,453423104,13623345152,2783260672
1791417597,5903332,0,0.60,1017405896,276381696,13623345152,2639155200
1791417602,5834032,0,0.55,1081688616,278171648,13622579200,2641997824
1791417607,5864312,0,0.59,1033031832,302903296,13622579200,3192365056
1791417612,5892440,0,0.62,985756000,279605248,13622579200,3082530816
1791417617,5938880,0,0.57,951812616,279031808,13622575104,3093037056
1791417622,5928428,0,0.53,980713312,279846912,13622575104,3086045184
1791417627,5911364,0,0.48,1015535024,280285184,13622575104,3092041728
1791417632,5904804,0,0.44,1003905336,280117248,13622575104,3094876160
1791417637,5874056,0,0.49,1035069160,281165824,13622575104,3094876160
1791417642,5853696,0,0.53,1025059504,277471232,13622571008,3139854336
1791417647,5839696,0,0.49,1083889488,275922944,13622571008,3139842048
1791417652,5938008,0,0.53,906820352,275922944,13622571008,3139842048
1791417657,6922136,0,0.49,144711008,136523776,13622566912,3237429248
1791417662,6765184,0,0.53,234382296,170500096,13622562816,230969344
1791417667,6536200,0,0.57,307494136,323358720,13622562816,268865536
1791417673,6541200,0,0.60,296406736,326758400,13622562816,314609664
1791417678,6551028,0,0.63,297723080,329932800,13622562816,308609024
1791417683,6642584,0,0.66,342591568,192454656,13622562816,329043968
1791417688,6388048,0,0.69,413000952,330993664,13622562816,413667328
1791417693,6426368,0,0.72,400045592,334397440,13622562816,412901376
1791417698,6449284,0,0.74,398722280,337805312,13622562816,394711040
1791417703,6477112,0,0.76,457178672,224186368,13622562816,421699584
1791417708,6279424,0,0.78,512825320,341680128,13622558720,511541248
1791417713,6327708,0,0.80,504885864,345088000,13622558720,514899968
1791417718,6335204,0,0.81,506121256,348405760,13622554624,494882816
1791417723,6331560,0,0.92,569005192,264753152,13622554624,541642752
1791417728,6193452,0,0.93,615848728,351051776,13622554624,618192896
1791417733,6225388,0,0.94,610165760,354058240,13622554624,614944768
1791417738,6205128,0,0.94,610534800,357150720,13622554624,594448384
1791417743,6196372,0,0.95,677627616,273944576,13622554624,653881344
1791417748,6062172,0,1.03,719925312,358707200,13622554624,723652608
1791417753,6088808,0,1.11,718899096,361852928,13622554624,719405056
1791417758,6102840,0,1.10,717953416,365260800,13622554624,699510784
1791417763,6133100,0,1.09,782280880,281010176,13622554624,699510784
1791417768,5973808,0,1.08,846331832,367714304,13622554624,761958400
1791417773,5964932,0,1.08,825915008,370843648,13622550528,830500864
1791417778,5974224,0,1.07,822594824,374251520,13622550528,823463936
1791417783,5992492,0,1.06,896864128,294256640,13622550528,802816000
1791417788,5856288,0,1.06,948495376,376385536,13622550528,880930816
1791417794,5876904,0,1.05,930030824,379793408,13622550528,935669760
1791417799,5850684,0,1.05,928315904,383045632,13622550528,926216192
1791417804,5877124,0,1.05,999427808,308219904,13622550528,916660224
1791417809,5748684,0,1.04,1055616608,384811008,13622550528,997666816
1791417814,5742952,0,1.04,1037458192,388218880,13622546432,1036115968
1791417819,5763972,0,1.04,1036256536,391626752,13622546432,1031651328
1791417824,5808880,0,1.03,1087719720,330309632,13622546432,1032417280
1791417829,5696444,0,1.03,1087017072,393859072,13622546432,1125167104
1791417834,5715604,0,1.03,1066967016,396881920,13622546432,1150861312
1791417839,5931420,0,1.02,1079281584,182022144,13622546432,1137704960
1791417844,5779148,0,1.02,1077756000,344608768,13622546432,1149509632
1791417849,5668916,0,1.02,1097673496,402636800,13622542336,1244786688
1791417854,5715204,0,1.02,1054885536,406306816,13622542336,1262022656
1791417859,5894836,0,1.10,1075373432,207507456,13622542336,1243332608
1791417864,5733740,0,1.17,1091207624,375136256,13622542336,1267118080
1791417869,5688176,0,1.24,1077107816,414048256,13622542336,1362976768
1791417874,5708464,0,1.30,1061647344,417193984,13622542336,1367822336
1791417879,5895212,0,1.27,1087463176,232247296,13622542336,1347891200
1791417884,5730880,0,1.25,1081436992,394629120,13622542336,1387651072
1791417889,5685788,0,1.23,1074880456,423923712,13622542336,1471807488
1791417894,5710428,0,1.21,1062571512,427069440,13622542336,1473941504
1791417899,5868016,0,1.20,1091386968,249004032,13622538240,1454706688
1791417904,5707472,0,1.18,1090130880,414752768,13622538240,1506390016
1791417910,5675628,0,1.16,1072591800,431333376,13622538240,1581142016
1791417915,5707836,0,1.15,1069196272,434741248,13622538240,1576169472
1791417920,5851792,0,1.14,1083261576,281370624,13622538240,1556914176
1791417925,5703940,0,1.13,1081920560,437547008,13622534144,1628200960
1791417930,5671424,0,1.12,1072047544,442265600,13622534144,1690386432
1791417935,5685492,0,1.11,1069689640,445411328,13622534144,1680846848
1791417940,5846408,0,1.10,1082234928,281690112,13622534144,1661837312
1791417945,5686548,0,1.09,1080146880,442232832,13622534144,1739018240
1791417950,5668724,0,1.08,1053479168,454283264,13622530048,1799938048
1791417955,5711184,0,1.08,1053439296,457691136,13622530048,1790545920
1791417960,5802804,0,1.07,1104136720,308436992,13622530048,1794166784
1791417965,5655324,0,1.06,1089732112,460382208,13622530048,1879724032
1791417970,5656108,0,1.06,1059436800,463695872,13622530048,1918689280
1791417975,5677992,0,1.05,1057437720,467365888,13622530048,1916416000
1791417980,5792296,0,1.13,1083471920,343314432,13622530048,1925935104
1791417985,5606600,0,1.28,1093377784,471273472,13622530048,2026754048
1791417990,5655148,0,1.34,1055223768,474906624,13622525952,2043199488
1791417995,5676232,0,1.31,1057045968,478314496,13622525952,2025545728
1791418000,5703368,0,1.29,1073760600,393236480,13622525952,2057932800
1791418005,5598300,0,1.26,1082383296,480911360,13622525952,2145861632
1791418010,5634148,0,1.24,1071960880,484614144,13622525952,2146643968
1791418015,5643316,0,1.22,1072899640,487759872,13622521856,2126516224
1791418020,5677772,0,1.20,1074194184,428769280,13622521856,2188296192
1791418025,5586492,0,1.19,1073706888,489324544,13622521856,2254884864
1791418031,5634256,0,1.17,1074255880,492441600,13622190080,2245406720
1791418036,5822620,0,1.16,1093232088,290832384,13622190080,2225811456
1791418041,5609980,0,1.14,1096451928,464367616,13622190080,2315685888
1791418046,5587084,0,1.13,1061522960,497401856,13622185984,2364301312
1791418051,5631748,0,1.12,1059673336,500846592,13622185984,2354749440
1791418056,5776880,0,1.11,1085554760,328413184,13622185984,2358169600
1791418061,5560076,0,1.10,1094883400,496050176,13622185984,2457829376
1791418066,5590584,0,1.09,1069327800,506535936,13622185984,2479288320
1791418071,5614208,0,1.09,1070474872,509915136,13622185984,2463436800
1791418076,5709920,0,1.08,1092392424,371511296,13622185984,2489798656
1791418081,5543956,0,1.07,1080296264,514772992,13622185984,2583523328
1791418086,5601808,0,1.07,1078860640,518180864,13622185984,2585886720
1791418091,5605892,0,1.06,1078472144,521560064,13622185984,2565873664
1791418096,5728828,0,1.14,1077813160,405827584,13622185984,2565873664
1791418101,5605104,0,1.21,1081628096,523661312,13622185984,2617327616
1791418106,5579800,0,1.27,1068202824,526950400,13622181888,2692759552
1791418111,5590324,0,1.25,1062424320,530587648,13622181888,2688450560
1791418116,5673528,0,1.23,1080338184,454815744,13622181888,2668552192
1791418121,5604128,0,1.21,1082735552,531488768,13622181888,2750730240
1791418126,5608932,0,1.19,1060764248,534896640,13622181888,2801868800
1791418131,5613684,0,1.18,1063645992,538337280,13622181888,2792284160
1791418136,5667064,0,1.16,1076822840,479604736,13622181888,2788855808
1791418141,5551912,0,1.15,1100827400,542228480,13622181888,2881564672
1791418146,5577928,0,1.14,1053540896,545374208,13622181888,2911019008
1791418152,5587964,0,1.13,1064073128,548741120,13622181888,2901069824
1791418157,5636360,0,1.12,1073727544,495005696,13622177792,2907185152
1791418162,5565784,0,1.11,1088618192,551100416,13622177792,3004702720
1791418167,5568716,0,1.10,1069298600,553717760,13622177792,3026010112
1791418172,5574068,0,1.09,1069934344,556675072,13622177792,3010727936
1791418177,5638364,0,1.08,1092798136,485752832,13622177792,3016183808
1791418182,5591036,0,1.88,1076618744,558096384,13622177792,3112108032
1791418187,5590480,0,1.81,1058757088,561242112,13622177792,3134930944
1791418192,5579836,0,1.74,1056495328,564105216,13622173696,3119800320
1791418197,5625052,0,1.68,1081554456,502099968,13622173696,3131248640
1791418202,5539220,0,1.63,1075005384,565538816,13622173696,3234988032
1791418207,5574568,0,1.58,1056810616,569245696,13622173696,3246854144
1791418212,5796364,0,1.53,1068959960,351309824,13622173696,3228876800
1791418217,5617148,0,1.57,1078510512,524705792,13622157312,3254042624
1791418222,5517136,0,1.60,1090308280,574775296,13622157312,3348787200
1791418227,5546420,0,1.64,1075843696,578646016,13622157312,3353997312
1791418232,5535852,0,1.66,1074864200,592826368,13622149120,3334574080
1791418237,5577004,0,1.61,1085575104,550285312,13622149120,3378106368
1791418242,5523852,0,1.56,1082378048,584097792,13622149120,3458289664
1791418247,5541168,0,1.52,1073647456,587694080,13622149120,3457769472
1791418252,5721176,0,1.47,1078892416,407142400,13622149120,3438333952
1791418257,5551732,0,1.44,1075878896,577695744,13622149120,3498975232
1791418262,5483376,0,1.40,1071269160,592637952,13622149120,3567640576
1791418268,5520416,0,1.37,1071719616,596234240,13622149120,3559256064
1791418273,5661988,0,1.34,1087483176,445415424,13622149120,3539750912
1791418278,5504308,0,1.31,1073654264,599609344,13622149120,3623141376
1791418283,5495160,0,1.29,1058257736,603275264,13622149120,3676246016
1791418288,5527616,0,1.26,1060192416,606302208,13622149120,3666616320
1791418293,5653392,0,1.24,1078931808,468287488,13622145024,3666042880
1791418298,5470760,0,1.22,1089156064,607420416,13622145024,3761328128
1791418303,5507348,0,1.20,1054624336,610566144,13622145024,3787341824
1791418308,5524828,0,1.19,1054965656,614121472,13622145024,3775471616
1791418313,5631848,0,1.17,1083785912,493277184,13622140928,3789111296
1791418318,5445220,0,1.16,1093949432,616353792,13622140928,3890835456
1791418323,5491788,0,1.15,1056905904,619450368,13622136832,3903897600
1791418328,5515172,0,1.13,1055794576,623161344,13622136832,3884933120
1791418333,5554828,0,1.20,1099614360,538996736,13622136832,3910610944
1791418338,5419196,0,1.40,1088681488,629481472,13622136832,4005756928
1791418343,5471000,0,1.37,1059927800,632987648,13622136832,4009975808
1791418348,5496304,0,1.34,1057511416,636170240,13622136832,3989995520
1791418353,5535688,0,1.31,1098314184,560779264,13622136832,4037013504
1791418358,5437884,0,1.29,1068090136,640335872,13622136832,4115030016
1791418363,5474428,0,1.26,1065956432,643743744,13622136832,4110647296
1791418368,5482136,0,1.24,1073939832,646885376,13622136832,4090642432
1791418373,5502476,0,1.22,1093867264,591888384,13622136832,4164018176
1791418378,5448276,0,1.20,1070352144,649285632,13622136832,4223807488
1791418383,5478892,0,1.19,1071009504,652693504,13622136832,4213964800
1791418388,5684644,0,1.17,1081066480,445112320,13622136832,4203622400
1791418394,5489596,0,1.80,1077900832,608882688,13622136832,4285251584
1791418399,5437632,0,1.73,1070610600,655867904,13622132736,4326789120
1791418404,5457352,0,1.68,1071249552,659537920,13622132736,4323491840
1791418409,5656892,0,1.62,1086028360,459366400,13622132736,4321529856
1791418414,5457140,0,1.65,1061485352,632467456,13622128640,4416344064
1791418419,5438456,0,1.60,1069713736,664698880,13622128640,4443320320
1791418424,5429936,0,1.55,1070484160,668102656,13622128640,4432314368
1791418429,5625432,0,1.51,1097697584,489824256,13622128640,4432314368
1791418434,5488100,0,1.47,1080884424,650301440,13622128640,4444418048
1791418439,5424432,0,1.43,1078266400,674152448,13622128640,4543234048
1791418444,5462908,0,1.47,1059263720,677294080,13622128640,4560273408
1791418449,5610596,0,1.52,1091469456,507346944,13622128640,4541952000
1791418454,5452348,0,1.56,1088694448,672956416,13622128640,4562288640
1791418459,5425880,0,1.51,1083456912,684081152,13622128640,4662452224
1791418464,5440684,0,1.47,1068477416,687292416,13622124544,4669652992
1791418469,5601540,0,1.43,1087136640,536145920,13622124544,4649517056
1791418474,5438544,0,1.40,1085580896,688635904,13622124544,4685836288
1791418479,5401036,0,1.36,1076122056,691892224,13622120448,4771885056
1791418484,5413752,0,1.34,1070744848,695300096,13622120448,4770324480
1791418489,5562648,0,1.31,1091875296,549396480,13622120448,4750004224
1791418494,5429976,0,1.28,1083814808,697425920,13622120448,4804890624
1791418499,5413628,0,1.26,1073294496,701083648,13622120448,4881133568
1791418504,5427712,0,1.24,1069227240,704229376,13622120448,4874838016
1791418510,5538620,0,1.22,1085029472,582082560,13622120448,4854640640
1791418515,5429744,0,1.20,1085119416,706441216,13622120448,4931973120
1791418520,5412316,0,1.18,1065356760,709111808,13622128640,4990033920
1791418525,5429824,0,1.17,1067310432,712699904,13622124544,4980076544
1791418530,5510608,0,1.16,1086485880,628281344,13622124544,4976959488
1791418535,5412700,0,1.14,1083011416,716140544,13622124544,5072072704
1791418540,5396744,0,1.13,1064661824,719429632,13622124544,5099589632
1791418545,5406292,0,1.12,1062671336,722837504,13622124544,5089189888
1791418550,5485580,0,1.11,1074648072,662061056,13622124544,5104402432
1791418555,5375376,0,1.10,1094699960,724967424,13622124544,5208006656
1791418560,5401712,0,1.17,1057142680,728109056,13622124544,5214818304
1791418565,5591312,0,1.24,1081379872,540725248,13622120448,5195816960
1791418570,5435284,0,1.22,1078107824,710377472,13622120448,5240258560
1791418575,5379508,0,1.28,1065211928,733958144,13622120448,5317836800
1791418580,5411004,0,1.26,1061017056,737366016,13622120448,5313142784
1791418585,5569640,0,1.24,1073642384,559132672,13622120448,5293576192
1791418590,5394516,0,1.22,1088027136,721096704,13622120448,5361504256
1791418595,5361044,0,1.20,1067908616,741539840,13622120448,5426814976
1791418600,5375420,0,1.27,1065805064,744595456,13622120448,5416976384
1791418605,5527720,0,1.24,1076826952,600875008,13622120448,5402841088
1791418610,5338472,0,1.95,1092316560,751325184,13622116352,5491376128
1791418615,5358764,0,1.87,1058987576,754724864,13622116352,5528678400
1791418620,5381504,0,1.80,1058724632,757870592,13622116352,5525811200
1791418625,5631784,0,1.74,1030152048,552230912,13622112256,5757243392
1791418630,5620340,0,1.68,1075476200,546316288,13622112256,5821800448
1791418636,5643144,0,1.62,1033415136,546672640,13622112256,5823197184
1791418641,5717668,0,1.57,931848344,547024896,13622112256,5830897664
1791418646,5593028,0,1.53,1097510888,547766272,13622112256,5830811648
1791418651,5609008,0,1.48,1084906728,527642624,13622108160,5847527424
1791418656,5658452,0,1.60,955503008,529850368,13622108160,5864742912
1791418661,5566216,0,1.56,1090253960,528928768,13622108160,5881692160
1791418666,5601476,0,1.51,1101643648,528564224,13622108160,5898362880
1791418671,5690652,0,1.47,1015109720,529547264,13622108160,5932294144
1791418676,5631548,0,1.43,1074632424,509743104,13622108160,5932220416
1791418681,5545156,0,1.40,1092531512,511172608,13622108160,5626249216
1791418686,5744896,0,1.29,860708936,511291392,13622108160,5667160064
1791418691,5749776,0,1.18,861006896,511692800,13622104064,5648265216
1791418696,5743844,0,1.09,868298880,514883584,13622104064,5648277504
1791418701,5753316,0,1.00,865636256,514121728,13622104064,5658705920
1791418706,5732152,0,1.00,895229592,536932352,13622104064,5651091456
1791418711,5779184,0,0.92,875120008,516714496,13622099968,5662633984
1791418716,5555824,0,0.93,971292664,623931392,13622099968,5807972352
1791418721,5457012,0,0.93,1063254184,704073728,13622099968,5866676224
1791418726,5387272,0,1.42,1093800264,736604160,13622099968,5943717888
1791418731,5432956,0,1.39,1015262912,740007936,13622099968,5963919360
1791418736,5446716,0,1.27,1010199568,740929536,13622099968,5908201472
1791418741,5652524,0,1.25,1011732016,520679424,13622095872,5848084480
1791418746,5641452,0,1.15,1043699712,520560640,13622095872,5848059904
1791418752,5415616,0,1.14,1088232288,721080320,13622095872,6012518400
1791418757,5226864,0,1.13,1013751544,909598720,13622095872,6239600640
1791418762,5172420,0,1.60,1002268392,966389760,13622095872,6351675392
1791418767,5619640,0,1.47,1046839848,524111872,13622087680,6091321344
1791418772,5665932,0,1.35,989007648,523956224,13622087680,6109753344
1791418777,5608456,0,1.32,1061907936,526340096,13622087680,6508851200
1791418782,5657228,0,1.22,926913872,526340096,13622087680,6641504256
1791418787,5669636,0,1.28,964215096,526221312,13622083584,6609346560
1791418792,5668332,0,1.26,990830872,556306432,13622083584,6614622208
1791418797,5682884,0,1.24,989950488,527237120,13622083584,6641266688
1791418802,5645452,0,1.30,1035768192,526946304,13622083584,6627598336
1791418807,5580776,0,1.19,1050048592,563003392,13622079488,6632886272
1791418812,5582552,0,1.10,1022639304,565755904,13622079488,6983417856
1791418817,5618312,0,1.01,1023002160,523505664,13622079488,6740623360
1791418822,5589524,0,0.93,1096453808,523153408,13622079488,6742081536
1791418827,6034652,0,0.85,603707184,525807616,13622075392,6861762560
1791418832,6922572,0,0.79,146302072,124239872,13622071296,4090437632
1791418837,6617112,0,0.80,243244696,304545792,13622071296,222564352
1791418842,6586608,0,0.82,342127272,194314240,13622071296,320393216
1791418847,6320024,0,0.83,418227232,365404160,13622071296,422305792
1791418852,6105416,0,0.85,504232488,536576000,13622071296,488296448
1791418857,6123128,0,0.86,498204800,546537472,13622071296,514772992
1791418862,6137752,0,0.87,497276136,549941248,13622071296,509673472
1791418867,6129484,0,0.88,496764400,553611264,13622071296,499671040
1791418873,6127888,0,0.89,498073192,557535232,13622071296,500948992
1791418878,6331628,0,0.90,510346808,245809152,13622067200,518905856
1791418883,6229592,0,0.91,599822424,316952576,13622067200,594923520
1791418888,5976260,0,0.92,679244896,480526336,13622067200,664698880
1791418893,5876096,0,0.92,708345152,559980544,13622067200,721829888
1791418898,5925084,0,0.93,705461360,563388416,13622067200,701554688
1791418903,5921728,0,0.93,707546504,567058432,13622067200,680992768
1791418908,5881140,0,1.02,705574424,569827328,13622063104,680992768
1791418913,5897688,0,1.10,707795464,574148608,13622059008,680992768
1791418918,6103756,0,1.17,771650512,273448960,13622059008,760799232
1791418923,5892700,0,1.16,871483104,439771136,13622059008,760799232
1791418928,5699936,0,1.14,941241472,575029248,13622059008,864731136
1791418933,5668568,0,1.13,930692104,579657728,13622059008,932954112
1791418938,5695164,0,1.12,917897072,583327744,13622059008,923410432
1791418943,5699932,0,1.11,918878688,586997760,13622059008,903401472
1791418948,5689384,0,1.10,917958384,590667776,13622059008,893616128
1791418953,5987072,0,1.25,973335768,235925504,13622059008,893616128
1791418958,5680416,0,1.29,1058416360,415682560,13622059008,958664704
1791418963,5522568,0,1.27,1078308088,586309632,13622054912,1067012096
1791418968,5496220,0,1.24,1078736512,596267008,13622054912,1145847808
1791418973,5495820,0,1.22,1065160664,599707648,13622054912,1140142080
1791418978,5517060,0,1.21,1064378584,602853376,13622054912,1120559104
1791418983,5525500,0,1.19,1062275032,606330880,13622054912,1105674240
1791418988,5523440,0,1.17,1063852696,609476608,13622054912,1105674240
1791418994,5801356,0,1.16,1082347768,308371456,13622054912,1120854016
1791418999,5619820,0,1.15,1085560264,465281024,13622054912,1205768192
1791419004,5507684,0,1.13,1073683536,609722368,13622054912,1291120640
1791419009,5482576,0,1.12,1055719664,613130240,13622050816,1358000128
1791419014,5519788,0,1.11,1053658520,616800256,13622050816,1338949632
1791419019,5515320,0,1.18,1055379424,619880448,13622050816,1319571456
1791419024,5511984,0,1.25,1055223200,623288320,13622050816,1318182912
1791419029,5899516,0,1.31,1079265736,208318464,13622050816,1317744640
1791419034,5736512,0,1.29,1080033584,378462208,13622046720,1372332032
1791419039,5554300,0,1.26,1079933032,546230272,13622046720,1475493888
1791419044,5446584,0,1.24,1083993176,628531200,13622046720,1560662016
1791419049,5491544,0,1.22,1066343952,631676928,13622046720,1569128448
1791419054,5498624,0,1.20,1064718960,635121664,13622046720,1548922880
1791419059,5503036,0,1.19,1064578152,638529536,13622042624,1530335232
1791419064,5499504,0,1.17,1064459304,642199552,13622042624,1530335232
1791419069,5800060,0,1.16,1090865696,308027392,13622042624,1551998976
1791419074,5593008,0,1.14,1088897760,470564864,13622042624,1640038400
1791419079,5466220,0,1.13,1081325184,633049088,13622042624,1724571648
1791419084,5446416,0,1.12,1071202288,647204864,13622042624,1782460416
1791419089,5470744,0,1.11,1071596704,650612736,13622042624,1762185216
1791419094,5449728,0,1.10,1070498936,653729792,13622042624,1742053376
1791419099,5462776,0,1.09,1072644184,657137664,13622038528,1742053376
1791419104,5456684,0,1.09,1071446824,660545536,13622038528,1742053376
1791419110,5750812,0,1.08,1087477352,377569280,13622038528,1798815744
1791419115,5586460,0,1.07,1079848376,537468928,13622038528,1897164800
1791419120,5449084,0,1.07,1085112456,661155840,13622038528,1981829120
1791419125,5440692,0,1.06,1080926976,664563712,13622038528,1993814016
1791419130,5454316,0,1.06,1082303584,668229632,13622038528,1973391360
1791419135,5454536,0,1.13,1074757960,671469568,13622038528,1971793920
1791419140,5462440,0,1.20,1074531288,674877440,13622038528,1971793920
1791419145,5815992,0,1.27,1086435920,309858304,13622038528,1993396224
1791419150,5599972,0,1.32,1088266408,509014016,13622038528,2079199232
1791419155,5429368,0,1.30,1081431328,636997632,13622034432,2167918592
1791419160,5417688,0,1.27,1066451856,682344448,13622034432,2223693824
1791419165,5445372,0,1.25,1068555408,685748224,13622030336,2203553792
1791419170,5447408,0,1.23,1068931416,689156096,13622030336,2183184384
1791419175,5439084,0,1.21,1068932616,692539392,13622030336,2183184384
1791419180,5439100,0,1.20,1066827864,695943168,13622030336,2183184384
1791419185,5707308,0,1.18,1076888088,395325440,13622030336,2250194944
1791419190,5495500,0,1.16,1098569080,561631232,13622030336,2351915008
1791419195,5392064,0,1.15,1067118888,696225792,13622030336,2435284992
1791419200,5419528,0,1.14,1060098680,699633664,13622026240,2432671744
1791419205,5435184,0,1.13,1059975800,703041536,13622022144,2412883968
1791419210,5431324,0,1.12,1061533432,706711552,13622022144,2395222016
1791419215,5398888,0,1.11,1061623208,710139904,13622022144,2395222016
1791419220,5755648,0,1.10,1071924648,336646144,13622022144,2432573440
1791419225,5571992,0,1.09,1089955944,488615936,13622022144,2529435648
1791419230,5421992,0,1.08,1055600168,654262272,13622022144,2616672256
1791419236,5346868,0,1.08,1060893432,721289216,13622022144,2654748672
1791419241,5381804,0,1.07,1060376136,724959232,13622022144,2634297344
1791419246,5396608,0,1.06,1059305952,728367104,13622022144,2614538240
1791419251,5402308,0,1.06,1058385648,731770880,13622022144,2614538240
1791419256,5405888,0,1.13,1058377856,734920704,13622018048,2614538240
1791419261,5690620,0,1.20,1090287784,426815488,13622018048,2614538240
1791419266,5540068,0,1.27,1082568944,583962624,13622018048,2696175616
1791419271,5401788,0,1.25,1073802624,737263616,13622018048,2800136192
1791419276,5390340,0,1.23,1063910368,740528128,13622018048,2875088896
1791419281,5379924,0,1.21,1053459976,743985152,13622018048,2865115136
1791419286,5402392,0,1.19,1052749704,747655168,13622013952,2844614656
1791419291,5406272,0,1.18,1053390280,751063040,13622013952,2834042880
1791419296,5752252,0,1.16,1094311656,363638784,13622013952,2834042880
1791419301,5606208,0,1.15,1087926672,527310848,13622013952,2888626176
1791419306,5437112,0,1.14,1092317784,697683968,13622013952,2991398912
1791419311,5362992,0,1.12,1073927840,754552832,13622013952,3080855552
1791419316,5386060,0,1.11,1055402016,758214656,13622013952,3093012480
1791419321,5403684,0,1.10,1054210176,761622528,13622013952,3072708608
1791419326,5400684,0,1.10,1054060296,765292544,13622013952,3053424640
1791419331,5399220,0,1.09,1054849128,768962560,13622013952,3053424640
1791419336,5655588,0,1.08,1089470088,483495936,13622013952,3081515008
1791419341,5460296,0,1.15,1080122232,657690624,13622009856,3183558656
1791419346,5324516,0,1.14,1090518152,771710976,13622009856,3275292672
1791419351,5345860,0,1.13,1072077872,775110656,13622009856,3312807936
1791419357,5348672,0,1.12,1072543808,778231808,13622009856,3292565504
1791419362,5343880,0,1.11,1072563200,781377536,13622009856,3272724480
1791419367,5322500,0,1.10,1069670816,784785408,13622009856,3272724480
1791419372,5746516,0,1.17,1081597760,382631936,13622009856,3272724480
1791419377,5560112,0,1.24,1082623344,554803200,13622005760,3342192640
1791419382,5407480,0,1.22,1082436824,718561280,13622005760,3446472704
1791419387,5289024,0,1.20,1087020744,791162880,13622005760,3529973760
1791419392,5330980,0,1.18,1066719800,794828800,13622005760,3530682368
1791419397,5342068,0,1.17,1068172248,798023680,13622005760,3510919168
1791419402,5318948,0,1.16,1066970592,801615872,13622001664,3492208640
1791419407,5328200,0,1.14,1065787344,805023744,13622001664,3492208640
1791419412,5649004,0,1.13,1093592936,463138816,13622001664,3521474560
1791419417,5448460,0,1.12,1080642640,627814400,13621997568,3615293440
1791419422,5296672,0,1.11,1078287720,794783744,13621997568,3703767040
1791419427,5284912,0,1.10,1067296368,808341504,13621997568,3751976960
1791419432,5323408,0,1.09,1068971784,812195840,13621997568,3731468288
1791419437,5323400,0,1.09,1068080528,815390720,13621997568,3712143360
1791419442,5318840,0,1.08,1068444520,818925568,13621997568,3712143360
1791419447,5304528,0,1.07,1091654344,822853632,13621997568,3711565824
1791419452,5544536,0,1.07,1084746648,562913280,13621997568,3785342976
1791419457,5360492,0,1.14,1082088912,725098496,13621993472,3889332224
1791419462,5221792,0,1.13,1077727408,826744832,13621993472,3971375104
1791419467,5299188,0,1.12,1063135672,830414848,13621993472,3969159168
1791419472,5315712,0,1.11,1062554128,834232320,13621993472,3949031424
1791419478,5320500,0,1.10,1060721896,837332992,13621993472,3931013120
1791419483,5312496,0,1.09,1063219864,841003008,13621993472,3931013120
1791419488,5646736,0,1.16,1078690392,482627584,13621993472,3966201856
1791419493,5444496,0,1.23,1083426872,648937472,13621993472,4067246080
1791419498,5272236,0,1.21,1082035416,820817920,13621989376,4156579840
1791419503,5257704,0,1.20,1059747824,847835136,13621985280,4190928896
1791419508,5286324,0,1.18,1061239808,851243008,13621985280,4170240000
1791419513,5293372,0,1.16,1060958272,854806528,13621985280,4150407168
1791419518,5293992,0,1.15,1061239808,857808896,13621985280,4150407168
1791419523,5293200,0,1.14,1059925088,861478912,13621985280,4150407168
1791419528,5521572,0,1.21,1088759792,584331264,13621985280,4236763136
1791419533,5308028,0,1.19,1094241496,756707328,13621985280,4342403072
1791419538,5239612,0,1.18,1063022184,864616448,13621981184,4410298368
1791419543,5294724,0,1.16,1056262152,868233216,13621981184,4397232128
1791419548,5298808,0,1.15,1056365000,871903232,13621981184,4377366528
1791419553,5293984,0,1.14,1055031688,875491328,13621981184,4369928192
1791419558,5301900,0,1.12,1056760216,879013888,13621981184,4369928192
1791419563,5554576,0,1.11,1073638424,542040064,13621981184,4436418560
1791419568,5373168,0,1.11,1068174288,709132288,13621981184,4539899904
1791419573,5163940,0,1.10,1062109336,879079424,13621981184,4628271104
1791419578,5206900,0,1.24,1081667496,884846592,13621977088,4628271104
1791419583,5253972,0,1.22,1064028128,888254464,13621977088,4627812352
1791419588,5248440,0,1.20,1063482208,891916288,13621977088,4607979520
1791419593,5251680,0,1.19,1062526528,894771200,13621977088,4589342720
1791419598,5231648,0,1.25,1073569672,894386176,13621977088,4589342720
1791419604,5476960,0,1.31,1084575944,648773632,13621977088,4626038784
1791419609,5316848,0,1.29,1084394480,814702592,13621977088,4728156160
1791419614,5223976,0,1.26,1079685688,897560576,13621972992,4815605760
1791419619,5244560,0,1.24,1060754680,901230592,13621972992,4848791552
1791419624,5240080,0,1.22,1059288456,904753152,13621972992,4828323840
1791419629,5236052,0,1.21,1061129064,908161024,13621972992,4808855552
1791419634,5225480,0,1.19,1059672472,911790080,13621972992,4808855552
1791419639,5550112,0,1.17,1086938288,574263296,13621972992,4808855552
1791419644,5396472,0,1.16,1083965336,744517632,13621972992,4893937664
1791419649,5195756,0,1.15,1081237184,912736256,13621972992,4999667712
1791419654,5200124,0,1.13,1073408376,918732800,13621972992,5069107200
1791419659,5225804,0,1.12,1064613600,922140672,13621968896,5057306624
1791419664,5229796,0,1.11,1063664672,925548544,13621968896,5037166592
1791419669,5225256,0,1.10,1063401728,929218560,13621968896,5028241408
1791419674,5600056,0,1.10,1097704360,523575296,13621968896,5028241408
1791419679,5454116,0,1.09,1086993536,690343936,13621968896,5088206848
1791419684,5280928,0,1.08,1074922224,859340800,13621968896,5191761920
1791419689,5159000,0,1.07,1092917712,932212736,13621968896,5282619392
1791419694,5203988,0,1.07,1053976704,935317504,13621968896,5287190528
1791419699,5218600,0,1.06,1052539688,938725376,13621968896,5267042304
1791419704,5218244,0,1.06,1055300600,942133248,13621964800,5247606784
1791419709,5193600,0,1.05,1054511768,945983488,13621960704,5247606784
1791419714,5518296,0,1.13,1079218928,637526016,13621960704,5279514624
1791419719,5334864,0,1.20,1083511576,807510016,13621960704,5382746112
1791419724,5174112,0,1.26,1089173840,946679808,13621960704,5473816576
1791419730,5172748,0,1.24,1069549232,950075392,13621960704,5506703360
1791419735,5186288,0,1.22,1071790592,953319424,13621960704,5487153152
1791419740,5184524,0,1.20,1070884128,956727296,13621960704,5467525120
1791419745,5182820,0,1.43,1070731000,960319488,13621956608,5466996736
1791419750,5546396,0,1.39,1075642432,590999552,13621956608,5466996736
1791419755,5312492,0,1.36,1088665264,801005568,13621956608,5562462208
1791419760,5155356,0,1.33,1092063280,933113856,13621956608,5669400576
1791419765,5137136,0,1.30,1056031096,968486912,13621956608,5726498816
1791419770,5130916,0,1.28,1054179296,971894784,13621956608,5709373440
1791419775,5153580,0,1.26,1055963600,975044608,13621956608,5689372672
1791419780,5177288,0,1.24,1054261616,978452480,13621956608,5686321152
1791419785,5179996,0,1.22,1053604256,982122496,13621956608,5686321152
1791419790,5403800,0,1.20,1097673984,693477376,13621956608,5751238656
1791419795,5221244,0,1.18,1093701056,856612864,13621948416,5853458432
1791419800,5099480,0,1.17,1081473400,983195648,13621948416,5942239232
1791419805,5121256,0,1.16,1065112240,985985024,13621948416,5944999936
1791419810,5146956,0,1.14,1063622952,989655040,13621948416,5924892672
1791419815,5143540,0,1.13,1065687480,992894976,13621944320,5905965056
1791419820,5140288,0,1.12,1064128808,996302848,13621944320,5905965056
1791419825,5134940,0,1.11,1081176592,1000755200,13621944320,5905965056
1791419830,5368300,0,1.18,1094573512,726769664,13621944320,5989011456
1791419835,5157376,0,1.25,1097365128,893767680,13621940224,6093631488
1791419840,5076092,0,1.31,1064756480,1001238528,13621940224,6166265856
1791419845,5133952,0,1.28,1056145744,1004904448,13621940224,6157291520
1791419851,5138148,0,1.26,1056548752,1008312320,13621936128,6136733696
1791419856,5120012,0,1.24,1057438160,1011879936,13621936128,6125318144
1791419861,5130064,0,1.22,1054548048,1015287808,13621936128,6125318144
1791419866,5451228,0,1.20,1094590408,640622592,13621932032,6164115456
1791419871,5225348,0,1.18,1091789648,842072064,13621932032,6265245696
1791419876,5101012,0,1.17,1074018792,968781824,13621932032,6352400384
1791419881,5088456,0,1.16,1068800536,1019629568,13621927936,6385016832
1791419886,5116872,0,1.14,1067933968,1023037440,13621927936,6364676096
1791419891,5113684,0,1.13,1067521144,1026445312,13621927936,6344630272
1791419896,5092516,0,1.12,1066190440,1029775360,13621923840,6344630272
1791419901,5101936,0,1.11,1068967336,1033699328,13621923840,6344630272
1791419906,5394976,0,1.10,1075798016,740528128,13621923840,6344630272
1791419911,5226072,0,1.09,1090151120,905543680,13621923840,6434717696
1791419916,5102272,0,1.09,1087825064,1036431360,13621923840,6538469376
1791419921,5084180,0,1.08,1075514472,1039839232,13621919744,6604083200
1791419926,5106004,0,1.07,1068027744,1043247104,13621919744,6589128704
1791419931,5113820,0,1.07,1068253872,1046896640,13621919744,6569107456
1791419936,5109712,0,1.06,1067700400,1050013696,13621915648,6564003840
1791419941,5439548,0,1.06,1086111320,694788096,13621915648,6564003840
1791419946,5217980,0,1.13,1092792768,908279808,13621915648,6633046016
1791419951,5111648,0,1.20,1082340816,1040101376,13621915648,6740262912
1791419956,5026608,0,1.27,1086362488,1055522816,13621911552,6824038400
1791419961,5065504,0,1.24,1071613408,1058930688,13621911552,6819418112
1791419967,5068688,0,1.22,1069219912,1062600704,13621911552,6799536128
1791419972,5068848,0,1.21,1071857944,1066008576,13621907456,6783520768
1791419977,5112076,0,1.19,1078980000,1022611456,13621907456,6783520768
1791419982,5324680,0,1.17,1081033624,810364928,13621907456,6830182400
1791419987,5166364,0,1.16,1083209016,980463616,13621907456,6930456576
1791419992,5038072,0,1.23,1082761176,1070829568,13621903360,7020843008
1791419997,5064892,0,1.21,1060979976,1074470912,13621903360,7042535424
1791420002,5075932,0,1.19,1060810752,1077825536,13621895168,7022166016
1791420007,5076932,0,1.18,1063045776,1081233408,13621895168,7002894336
1791420012,5067172,0,1.16,1061196576,1084903424,13621895168,7002894336
1791420017,5367392,0,1.15,1089890336,767442944,13621882880,7011028992
1791420022,5218152,0,1.22,1080726240,922206208,13621882880,7104573440
1791420027,5052236,0,1.20,1076409200,1082605568,13621882880,7197163520
1791420032,5059532,0,1.18,1056903936,1086263296,13621882880,7263195136
1791420037,5060692,0,1.17,1057636592,1089912832,13621882880,7243124736
1791420042,5064940,0,1.15,1057878704,1093320704,13621878784,7222734848
1791420047,5063328,0,1.14,1055906624,1096990720,13621878784,7222185984
1791420052,5439484,0,1.13,1077071768,706404352,13621874688,7222185984
1791420057,5256404,0,1.12,1092269264,875790336,13621874688,7303147520
1791420062,5089740,0,1.19,1087053496,1039089664,13621874688,7405801472
1791420067,4997920,0,1.25,1081178880,1102786560,13621874688,7482380288
1791420072,5045472,0,1.31,1067250320,1105936384,13621870592,7475724288
1791420077,5034292,0,1.37,1067618136,1109508096,13621870592,7455612928
1791420082,5006288,0,1.34,1064988296,1112973312,13621870592,7441756160
1791420088,5011576,0,1.31,1067749208,1116381184,13621862400,7441756160
1791420093,5310096,0,1.29,1076250224,818565120,13621862400,7493271552
1791420098,5109088,0,1.26,1090999936,982880256,13621862400,7596437504
1791420103,5003120,0,1.24,1076551248,1118658560,13621862400,7684136960
1791420108,5034216,0,1.22,1059068344,1122066432,13621862400,7700738048
1791420113,5040852,0,1.20,1058119232,1126150144,13621858304,7680397312
1791420118,5040768,0,1.19,1060101712,1129349120,13621858304,7661117440
1791420123,5036992,0,1.17,1059312880,1132756992,13621858304,7661117440
1791420128,5393464,0,1.16,1087282744,744325120,13621858304,7676375040
1791420133,5195428,0,1.15,1094991280,914059264,13621858304,7760539648
1791420138,5013204,0,1.13,1101079968,1082007552,13621854208,7850504192
1791420143,4937812,0,1.12,1070865264,1141325824,13621854208,7921577984
1791420148,4979132,0,1.11,1068199384,1144733696,13621854208,7903047680
1791420153,4985732,0,1.10,1068295880,1148936192,13621850112,7882436608
1791420158,4984124,0,1.10,1067372264,1151791104,13621850112,7880589312
1791420163,4978192,0,1.09,1068826248,1155457024,13621850112,7880589312
1791420168,5242968,0,1.08,1092142488,856920064,13621850112,7950479360
1791420173,5026560,0,1.07,1095680512,1021116416,13621846016,8053460992
1791420178,4927192,0,1.15,1074230352,1159184384,13621846016,8140546048
1791420183,4979812,0,1.22,1068660776,1162850304,13621846016,8137363456
1791420188,4987428,0,1.20,1067074520,1166520320,13621841920,8117006336
1791420193,4988380,0,1.26,1068606992,1169842176,13621841920,8099999744
1791420198,4985112,0,1.24,1069254160,1173041152,13621841920,8099999744
1791420203,5334592,0,1.28,1070041072,773636096,13621837824,8133128192
1791420209,5130724,0,1.26,1089625760,943865856,13621837824,8231981056
1791420214,5009460,0,1.23,1068355280,1112317952,13621837824,8319193088
1791420219,4926788,0,1.22,1054890464,1176727552,13621837824,8359436288
1791420224,4948880,0,1.20,1052777096,1179873280,13621833728,8339275776
1791420229,4972148,0,1.18,1055143592,1183539200,13621833728,8319373312
1791420234,4971604,0,1.17,1055133192,1187106816,13621829632,8319373312
1791420239,4964232,0,1.15,1055143592,1190297600,13621829632,8319373312
1791420244,5241964,0,1.22,1086558288,877539328,13621829632,8319373312
1791420249,5081708,0,1.20,1083482400,1030545408,13621829632,8393838592
1791420254,4947716,0,1.19,1076135856,1191407616,13621829632,8500748288
1791420259,4929924,0,1.17,1069961912,1194811392,13621825536,8579403776
1791420264,4930964,0,1.16,1055492520,1197899776,13621825536,8572956672
1791420269,4953776,0,1.14,1055997440,1201045504,13621825536,8552640512
1791420274,4959660,0,1.13,1055182224,1204379648,13621821440,8538734592
1791420279,4953624,0,1.12,1055485664,1207316480,13621821440,8538734592
1791420284,5213356,0,1.11,1080186328,908845056,13621821440,8547414016
1791420289,5052956,0,1.10,1074865296,1082224640,13621817344,8640839680
1791420294,4891084,0,1.18,1091913200,1209229312,13621817344,8733020160
1791420299,4909516,0,1.24,1053726224,1212899328,13621813248,8799002624
1791420304,4926680,0,1.22,1052928800,1216569344,13621813248,8778575872
1791420309,4926988,0,1.20,1051990088,1219977216,13621813248,8758079488
1791420314,4922964,0,1.19,1051963304,1223356416,13621813248,8758079488
1791420319,5259720,0,1.17,1086041056,859279360,13621809152,8758079488
1791420324,5041592,0,1.24,1082298928,1075208192,13621809152,8837464064
1791420329,4914848,0,1.22,1084673664,1205641216,13621805056,8944336896
1791420335,4878572,0,1.20,1072113744,1228410880,13621805056,9018609664
1791420340,4908912,0,1.18,1060790504,1231818752,13621805056,9009016832
1791420345,4912148,0,1.17,1059324280,1235226624,13621805056,8988594176
1791420350,4898164,0,1.16,1058798392,1238896640,13621800960,8977645568
1791420355,4906104,0,1.14,1061811848,1242013696,13621800960,8977645568
1791420360,5180984,0,1.13,1075680000,954056704,13621796864,9019150336
1791420365,5007676,0,1.12,1075798848,1118519296,13621796864,9121783808
1791420370,4908832,0,1.11,1078720400,1243017216,13621796864,9210040320
1791420375,4895296,0,1.10,1058128776,1246781440,13621792768,9237450752
1791420380,4910744,0,1.09,1057619856,1250451456,13621788672,9216983040
1791420385,4898948,0,1.09,1056436608,1253785600,13621788672,9197133824
1791420390,4878520,0,1.08,1059328992,1257000960,13621780480,9197133824
1791420395,5213048,0,1.07,1088481544,891453440,13621780480,9197133824
1791420400,5004768,0,1.07,1102067008,1109651456,13621776384,9296134144
1791420405,4865724,0,1.06,1091053584,1244155904,13621776384,9404727296
1791420410,4855996,0,1.14,1069171696,1262755840,13621776384,9457418240
1791420415,4881532,0,1.21,1068545968,1266135040,13621776384,9437253632
1791420420,4876980,0,1.19,1066868712,1269501952,13621772288,9416536064
1791420425,4871300,0,1.17,1069498152,1272909824,13621772288,9416536064
1791420430,4933864,0,1.16,1075204608,1196240896,13621768192,9416536064
1791420435,5095220,0,1.15,1086448936,1027448832,13621768192,9497198592
1791420440,4869204,0,1.13,1087212560,1201995776,13621768192,9604833280
1791420445,4810764,0,1.12,1078027432,1275633664,13621764096,9676185600
1791420450,4813184,0,1.19,1070436984,1278496768,13621760000,9664659456
1791420456,4846392,0,1.18,1070451792,1282658304,13621760000,9645125632
1791420461,4848884,0,1.16,1070255152,1286066176,13621760000,9636376576
1791420466,4850872,0,1.15,1070255152,1289736192,13621755904,9635913728
1791420471,5126784,0,1.14,1081631168,991842304,13621755904,9697476608
1791420476,4959352,0,1.13,1076780848,1159032832,13621755904,9803354112
1791420481,4789204,0,1.12,1085368976,1294430208,13621751808,9894260736
1791420486,4826152,0,1.11,1070266536,1297825792,13621751808,9894899712
1791420491,4849528,0,1.10,1071844200,1301233664,13621751808,9874591744
1791420496,4857460,0,1.09,1071702088,1304883200,13621747712,9855344640
1791420501,4855436,0,1.08,1072070328,1308291072,13621747712,9855344640
1791420506,5212840,0,1.08,1082861312,918441984,13621743616,9885143040
1791420511,4979688,0,1.15,1089229064,1092694016,13621743616,9982218240
1791420516,4779668,0,1.22,1092502048,1259773952,13621739520,10070753280
1791420521,4787236,0,1.20,1068313720,1313763328,13621739520,10115194880
1791420526,4820164,0,1.34,1067606808,1317171200,13621739520,10094788608
1791420531,4805872,0,1.40,1064977368,1320603648,13621735424,10074705920
1791420536,4807988,0,1.37,1067619696,1324253184,13621735424,10074705920
1791420541,4798356,0,1.42,1065747792,1327489024,13621731328,10074705920
1791420546,5028728,0,1.38,1082898992,1036021760,13621731328,10161696768
1791420551,4862224,0,1.35,1082779352,1201537024,13621727232,10266128384
1791420556,4774296,0,1.32,1057921432,1329803264,13621727232,10333863936
1791420561,4806800,0,1.30,1063542600,1332944896,13621723136,10333863936
1791420566,4813116,0,1.27,1056171856,1336614912,13621723136,10323636224
1791420571,4796820,0,1.25,1055777440,1339486208,13621719040,10303664128
1791420576,4799116,0,1.23,1054657768,1343127552,13621719040,10294071296
1791420582,5102528,0,1.21,1077637696,967839744,13621714944,10294071296
1791420587,4944112,0,1.20,1092110936,1175355392,13621714944,10346389504
1791420592,4836792,0,1.18,1081320576,1305092096,13621714944,10453364736
1791420597,4778912,0,1.16,1074922808,1348313088,13621710848,10542977024
1791420602,4799128,0,1.15,1056810136,1351622656,13621710848,10552762368
1791420607,4801084,0,1.14,1055345536,1355030528,13621706752,10532712448
1791420612,4793020,0,1.13,1056660256,1358438400,13621706752,10513432576
1791420617,4792780,0,1.12,1056012688,1361821696,13621706752,10513432576
1791420622,5071236,0,1.11,1080628520,1058541568,13621702656,10530844672
1791420627,4921564,0,1.10,1094785688,1193082880,13621702656,10615537664
1791420632,5860540,0,1.09,1006468440,65417216,13621686272,10690203648
1791420637,6788156,0,1.08,151064968,146538496,13621686272,10778226688
1791420642,6778396,0,1.16,170277968,146866176,13621682176,10815246336
1791420647,6783452,0,1.22,213593408,144736256,13621682176,155463680
1791420652,6767624,0,1.29,238943080,154927104,13621682176,199094272
1791420657,6751472,0,1.26,250664176,156839936,13621678080,224944128
1791420662,6719856,0,1.24,283826184,160493568,13621673984,245100544
1791420667,6674288,0,1.22,326088648,161648640,13621669888,277053440
1791420672,6662564,0,1.20,337498400,163913728,13621665792,312868864
1791420677,6636824,0,1.19,367824584,168275968,13621665792,332963840
1791420682,6599144,0,1.17,408534496,164679680,13621665792,360763392
1791420687,6576252,0,1.16,423023288,171532288,13621665792,392900608
1791420693,6539292,0,1.15,448300144,175943680,13621661696,416866304
1791420698,6487232,0,1.21,488572888,185466880,13621657600,445751296
1791420703,6451016,0,1.20,504266864,183549952,13621653504,475062272
1791420708,6432272,0,1.18,541766776,188641280,13621653504,503115776
1791420713,6404080,0,1.17,575736232,190566400,13621653504,533143552
1791420718,6380244,0,1.15,590866672,193843200,13621649408,563380224
1791420723,6332836,0,1.14,623032824,195817472,13621649408,590462976
1791420728,6311032,0,1.13,658595752,199487488,13621645312,620724224
1791420733,6296312,0,1.12,675382536,200900608,13621645312,651554816
1791420738,6240916,0,1.11,711862880,202354688,13621645312,675831808
1791420743,6219808,0,1.10,742644880,206372864,13621641216,706822144
1791420748,6199684,0,1.09,765296936,209690624,13621641216,739672064
1791420753,6153168,0,1.08,796913888,217128960,13621641216,764440576
1791420758,6112040,0,1.16,823687528,214450176,13621637120,792829952
1791420763,6085356,0,1.23,854700992,217137152,13621633024,827932672
1791420768,6067844,0,1.29,886098456,231989248,13621633024,856387584
1791420773,6050752,0,1.26,910234000,228102144,13621633024,889188352
1791420778,6003348,0,1.24,939723976,230141952,13621628928,913989632
1791420783,5961780,0,1.22,984386600,226689024,13621628928,943063040
1791420788,5911004,0,1.61,1016280256,234897408,13621624832,987648000
1791420793,5877996,0,1.56,1038651608,239849472,13621624832,1014886400
1791420798,5860008,0,1.51,1065761240,243859456,13621620736,1046990848
1791420803,5849732,0,1.47,1076330160,244195328,13621616640,1076703232
1791420808,5838884,0,1.43,1079062184,247111680,13621616640,1104596992
1791420814,5842656,0,1.40,1089045272,247754752,13621616640,1130962944
1791420819,5807388,0,1.42,1070823672,250810368,13621612544,1160200192
1791420824,5872168,0,1.38,1085166392,215891968,13621608448,1306578944
1791420829,5912160,0,1.35,1057567488,206331904,13621608448,1466253312
1791420834,6007148,0,1.32,966633704,205856768,13621608448,1466593280
1791420839,6035340,0,1.22,929658352,182960128,13621604352,1483993088
1791420844,5848324,0,1.44,1078978488,181833728,13621604352,2114469888
1791420849,5892544,0,1.33,1086798192,184238080,13621600256,3219369984
1791420854,5922376,0,1.22,1009576872,184750080,13621596160,3295772672
1791420859,5931888,0,1.12,1009441840,184750080,13621596160,3296276480
1791420864,5930076,0,1.03,1017535832,187826176,13621592064,3295760384
1791420869,5900652,0,1.03,1045072944,210751488,13621592064,3297071104
1791420874,5910232,0,1.03,1024727392,210501632,13621587968,3374260224
1791420879,5832964,0,1.18,1089960328,283811840,13621579776,3308863488
1791420884,5712324,0,1.17,1099066896,374558720,13621579776,3584487424
1791420889,5712160,0,1.16,1094086864,409292800,13621575680,3683991552
1791420894,5730272,0,1.14,1025023896,413089792,13621575680,3707789312
1791420899,5747696,0,1.05,1016811656,414269440,13621575680,3658764288
1791420904,5964980,0,0.97,1019530568,193986560,13621571584,3601403904
1791420909,5977880,0,0.89,1018495416,193699840,13621567488,3603566592
1791420914,5861964,0,0.82,1090707184,194732032,13621567488,3601403904
1791420919,5949428,0,0.83,1032917224,194813952,13621567488,3620855808
1791420924,5893296,0,0.77,1082383160,196538368,13621563392,4553105408
1791420929,5962932,0,0.78,977865616,197222400,13621559296,4686483456
1791420935,5914288,0,0.80,1048407952,198254592,13621559296,4686913536
1791420940,5893924,0,0.82,1072463936,198463488,13621555200,4702179328
1791420945,5915016,0,0.91,1068916736,198864896,13621555200,4761088000
1791420950,5934276,0,1.24,971993840,198762496,13621551104,4871335936
1791420955,5915204,0,1.14,1008855520,198889472,13621551104,4968865792
1791420960,5910732,0,1.05,1095312816,198344704,13621547008,5002596352
1791420965,5912804,0,0.96,1073144464,198889472,13621542912,5634138112
1791420970,5951768,0,0.89,970729792,205246464,13621538816,5752057856
1791420975,5965900,0,0.82,971186424,198791168,13621534720,5758930944
1791420980,5876676,0,0.75,1094152328,197976064,13621530624,6701690880
1791420985,5955720,0,0.85,984034808,207425536,13621530624,6820204544
1791420990,5972424,0,0.86,976248512,207425536,13621526528,6894813184
1791420995,5983532,0,0.79,976672552,197779456,13621526528,6820401152
1791421000,5988624,0,0.81,1005480240,195276800,13621522432,6820282368
1791421005,5979112,0,0.74,974743672,195014656,13621514240,6821036032
1791421010,6896164,0,0.68,139723080,95473664,13621506048,5856751616
1791421015,6650992,0,0.87,301931848,145420288,13621501952,157753344
1791421020,6351936,0,0.88,472538360,175992832,13621501952,288133120
1791421025,6551988,0,1.21,309619008,151793664,13621501952,309182464
1791421030,6784544,0,1.11,188915640,143650816,13621497856,320851968
1791421035,6817032,0,1.02,159589848,139517952,13621493760,234622976
1791421040,6893880,0,0.94,146570144,133369856,13621489664,145321984
1791421046,6519096,0,0.95,472704768,174006272,13621485568,223444992
1791421051,6305680,0,0.87,517552392,181641216,13621485568,289353728
1791421056,6481812,0,0.80,366139144,154517504,13621485568,309145600
1791421061,6630792,0,0.74,191963568,150167552,13621587968,339415040
1791421066,6419380,0,0.76,137834240,148529152,13627240448,241872896
1791421071,6150040,0,0.94,283941144,166735872,13629349888,230490112
1791421076,5948404,0,1.10,376531928,187387904,14013173760,288358400
1791421081,5987872,0,1.18,263962656,164589568,14013280256,288358400
1791421086,6309788,0,1.32,189689040,160067584,14012010496,321552384
1791421091,6279968,0,1.38,177370104,157233152,14014369792,223158272
1791421096,6361476,0,1.43,78921136,153587712,14013444096,163045376
1791421101,6081292,0,1.63,350753160,176754688,14017990656,240816128
1791421106,5893376,0,1.82,471314800,188387328,14013345792,295276544
1791421111,6094468,0,1.84,292459968,171843584,14013538304,335495168
1791421116,6249188,0,1.85,258559400,161665024,14016200704,330711040
1791421121,6285260,0,1.86,152146360,161112064,14013562880,231329792
1791421126,6299312,0,1.87,272961616,165224448,14015123456,173985792
1791421131,6104012,0,1.96,399937808,194871296,14015193088,294162432
1791421136,5756636,0,1.97,446796192,180244480,14013358080,294162432
1791421142,6032940,0,2.05,364634896,173543424,14012432384,315088896
1791421147,6224228,0,2.05,234933248,163188736,14015094784,334815232
1791421152,6212300,0,2.12,155719112,160456704,14013259776,246546432
1791421157,6128344,0,2.19,360011056,186789888,14014885888,239693824
1791421162,5948836,0,2.26,423499768,194539520,14014726144,295153664
1791421167,6087828,0,2.24,281159784,171937792,14013165568,314781696
1791421172,6249904,0,2.22,230839824,167063552,14012051456,320032768
1791421177,6217224,0,2.20,183453656,163028992,14015205376,240726016
1791421182,6352108,0,2.18,205449504,162615296,14014083072,167084032
1791421187,6069528,0,2.17,495066368,203587584,14011293696,244989952
1791421192,5815144,0,2.16,518566848,193777664,14012514304,297021440
1791421197,6109748,0,2.46,324169656,169861120,14014164992,317857792
1791421202,6381840,0,4.75,199513776,165052416,14012579840,327442432
1791421207,6326080,0,4.61,135284344,163430400,14012006400,229969920
1791421212,6179448,0,4.64,285762304,180793344,14012424192,152604672
1791421217,5737728,0,4.67,400116128,201965568,14022864896,296374272
1791421222,5738820,0,4.62,265610072,173129728,14021283840,315465728
1791421227,6339884,0,4.49,204196208,168017920,14011047936,315731968
1791421232,6329920,0,4.29,161556200,163364864,14013386752,227336192
1791421238,6292332,0,4.10,132222600,166293504,14012919808,162902016
1791421243,6063948,0,4.02,427616712,197230592,14014238720,232951808
1791421248,5910960,0,4.09,461711120,191344640,14014980096,295919616
1791421253,6090184,0,3.93,286807472,173535232,14011830272,315908096
1791421258,6157876,0,4.09,214573080,169578496,14020583424,342413312
1791421263,6141012,0,3.92,161317712,164945920,14017912832,237740032
1791421268,6129352,0,3.77,347238160,180785152,14017826816,187011072
1791421273,5933236,0,3.71,534365544,208080896,14018805760,262909952
1791421278,5833688,0,3.57,485274952,182226944,14017482752,298217472
1791421283,6035104,0,3.53,314161592,171020288,14019117056,336973824
1791421288,6134616,0,3.40,180127448,165289984,14014603264,319442944
1791421293,6287228,0,3.29,270819752,170688512,14013730816,206008320
1791421298,5929460,0,3.27,554352496,211607552,14012895232,242933760
1791421303,5674216,0,3.16,516347096,193908736,14014775296,297488384
1791421308,5870196,0,4.19,407612568,169914368,14012080128,317554688
1791421313,6168700,0,4.18,199353480,166944768,14015311872,345956352
1791421318,6213472,0,4.00,149729896,164372480,14012850176,250200064
1791421323,5980844,0,4.08,352332176,187252736,14020231168,239976448
1791421328,5762028,0,4.00,458000288,197107712,14018871296,296742912
1791421333,5984276,0,3.84,298469184,177389568,14014259200,336191488
1791421339,6215168,0,3.85,186491528,169611264,14018822144,352428032
1791421344,6329560,0,3.78,107409928,159932416,14017056768,229040128
1791421349,6220260,0,3.64,306597688,189521920,14015582208,211595264
1791421354,5884760,0,3.70,484017504,206729216,14013562880,280629248
1791421359,6072288,0,3.56,365883144,183177216,14012047360,315875328
1791421364,6250672,0,3.44,237662904,174297088,14012510208,334254080
1791421369,6302768,0,3.32,178943272,167759872,14011289600,281972736
1791421374,6339604,0,3.30,157973256,166526976,14013292544,168390656
1791421379,6144664,0,3.27,443808872,201895936,14011375616,228012032
1791421384,5767612,0,3.17,540273680,198234112,14012821504,299143168
1791421389,5620028,0,3.08,389732264,175390720,14016319488,317591552
1791421394,5883184,0,2.99,206598208,168341504,14017445888,329338880
1791421399,6147532,0,2.91,152424616,164458496,14011629568,257323008
1791421404,6220952,0,2.92,247665088,178450432,14012112896,150364160
1791421409,5971440,0,2.92,417967832,204423168,14012506112,299937792
1791421414,5723020,0,3.01,541164248,193671168,14012399616,299937792
1791421419,5981828,0,3.01,424137296,173768704,14013526016,317001728
1791421424,6198012,0,2.93,195942200,169050112,14012702720,354779136
1791421429,6220624,0,2.85,153237104,163594240,14014140416,259133440
1791421434,6126044,0,2.87,404853848,193486848,14016987136,241549312
1791421440,5743124,0,2.80,487439368,199856128,14017536000,304062464
1791421445,5981308,0,2.73,322512192,178384896,14013370368,317288448
1791421450,6231756,0,2.75,197232904,168656896,14013591552,338554880
1791421455,6276020,0,2.77,159145568,165810176,14015434752,234258432
1791421460,6084112,0,2.87,344116704,177221632,14014414848,156307456
1791421465,6006940,0,2.88,541833584,204845056,14010699776,240345088
1791421470,5841416,0,2.81,469670112,182697984,14011719680,298496000
1791421475,6049904,0,2.75,383169384,178651136,14011457536,315805696
1791421480,6261416,0,2.69,205055696,170897408,14010527744,339361792
1791421485,6233456,0,2.63,191609848,171192320,14012542976,225378304
1791421490,6090348,0,2.74,363131144,193699840,14010458112,205398016
1791421495,5973644,0,2.76,365055352,199438336,14087352320,318038016
1791421500,5805904,0,2.70,227481496,177373184,14087319552,336949248
1791421505,5847972,0,2.64,175353200,169922560,14080704512,303828992
1791421510,5571780,0,2.59,129179640,165257216,14121181184,198688768
1791421515,5310472,0,2.63,270742952,183201792,14121140224,207360000
1791421520,4812124,0,2.66,507640048,202268672,14121107456,295292928
1791421525,4806044,0,2.84,349213992,192442368,14121107456,316948480
1791421530,4979924,0,2.94,222126144,174985216,14121107456,334311424
1791421536,4964616,0,3.02,175205912,168361984,14115598336,281120768
1791421541,5193660,0,2.94,147164008,163721216,14099902464,165081088
1791421546,4833624,0,3.10,449701680,205545472,14094008320,239718400
1791421551,4495516,0,3.02,514062144,205160448,14092038144,298823680
1791421556,4867364,0,3.18,313094328,178393088,14089998336,337801216
1791421561,5010412,0,3.08,204229712,169619456,14085976064,361926656
1791421566,5154512,0,3.07,127044456,166047744,14073827328,235315200
1791421571,4979572,0,3.39,425229016,190849024,14069383168,200712192
1791421576,4770336,0,3.44,566899296,204509184,14064803840,271241216
1791421581,4772132,0,3.32,452694128,181084160,14058360832,318156800
1791421586,5112060,0,3.22,273313928,171388928,14053224448,336912384
1791421591,5213780,0,3.12,157343616,168730624,14045024256,305737728
1791421596,5500932,0,3.11,394128488,182587392,14041149440,182677504
1791421601,5196380,0,3.10,475667648,207613952,14038556672,302698496
1791421606,5346004,0,3.09,299263800,183566336,14040690688,320696320
1791421611,5499452,0,3.00,203336064,170803200,14067617792,329449472
1791421616,5397988,0,2.92,158605768,168656896,14063788032,231903232
1791421621,5312544,0,2.85,164833736,170127360,14060306432,149733376
1791421626,4881472,0,2.86,472255824,199606272,14057803776,232517632
1791421631,4585452,0,2.79,548925024,196755456,14057803776,299057152
1791421636,4927012,0,2.81,327926608,182763520,14050897920,339099648
1791421642,5088972,0,2.74,200586560,169828352,14045876224,362127360
1791421647,5170116,0,2.68,120932904,167124992,14044123136,238784512
1791421652,5699612,0,2.71,440879544,194154496,14037635072,200519680
1791421657,5360752,0,2.73,519200824,203862016,14035607552,268021760
1791421662,5364732,0,2.75,418072280,181915648,14028099584,299642880
1791421667,5753600,0,2.69,266128720,172691456,14028673024,312614912
1791421672,5853228,0,2.64,190178464,169918464,14024871936,294617088
1791421677,5910776,0,2.59,173807800,166232064,14021730304,172384256
1791421682,5662676,0,2.70,372504832,206127104,14020427776,265797632
1791421687,5681388,0,2.81,356089704,200441856,14017572864,317988864
1791421692,5597360,0,2.82,209494440,177864704,14020489216,335339520
1791421697,5793948,0,2.75,167251456,170901504,14014529536,298250240
1791421702,6343636,0,2.77,106271408,165203968,14012768256,188477440
1791421707,6213836,0,2.79,288022864,183934976,14011957248,226377728
1791421712,5901988,0,2.81,488668552,205258752,14011265024,306597888
1791421717,6073840,0,2.83,313231544,190906368,14010073088,318558208
1791421722,6319100,0,2.76,212339560,175448064,14011502592,334544896
1791421727,6339752,0,2.70,168717104,170151936,14012076032,258732032
1791421732,6393340,0,2.56,153782928,166887424,14012305408,162213888
1791421737,6031668,0,2.68,448739360,207097856,14010925056,237830144
1791421742,5773680,0,2.70,484261104,198389760,14011604992,299356160
1791421748,5994152,0,2.65,307666456,178692096,14021627904,319373312
1791421753,6027244,0,2.59,200757232,172105728,14026313728,350920704
1791421758,6043536,0,2.79,154582544,164597760,14020726784,240136192
1791421763,6032816,0,2.72,363483056,188235776,14015430656,166969344
1791421768,5741704,0,2.75,459969104,207986688,14014029824,309805056
1791421773,6149924,0,2.77,255317392,188878848,14016614400,337678336
1791421778,6217452,0,2.70,192346544,173539328,14017597440,363278336
1791421783,6251696,0,2.65,122236656,169156608,14011817984,223711232
1791421788,6308348,0,2.60,235276952,178843648,14010687488,199565312
1791421793,5996448,0,2.71,533897656,207343616,14012432384,272064512
1791421798,5968856,0,2.81,391254416,197259264,14009487360,319340544
1791421803,6169056,0,2.91,253555152,173125632,14010957824,336756736
1791421808,6348332,0,2.92,175045096,169930752,14010101760,300204032
1791421813,6341824,0,2.92,154451256,173113344,14012092416,183705600
1791421818,6120504,0,2.93,434779872,202559488,14009856000,232824832
1791421823,5864484,0,2.93,522302256,199323648,14009843712,308318208
1791421828,6170364,0,2.86,336644808,174186496,14009524224,319352832
1791421833,6314364,0,2.79,232571824,172273664,14009692160,337518592
1791421838,6292404,0,2.73,152642616,168374272,14011338752,248045568
1791421844,6187388,0,2.67,336409168,181239808,14014758912,167026688
1791421849,5905156,0,2.70,465522880,209596416,14012071936,301498368
1791421854,6126576,0,2.64,262006800,198012928,14010400768,322043904
1791421859,6246004,0,2.67,182812736,172867584,14011129856,352563200
1791421864,6413996,0,2.64,149632328,170303488,14009765888,237797376
1791421869,6285728,0,2.75,179559248,178769920,14016192512,178659328
1791421874,5961484,0,2.77,462478096,209281024,14014386176,259166208
1791421879,5704812,0,2.71,460560368,202891264,14011641856,318525440
1791421884,6068364,0,2.65,298293864,175968256,14012456960,336732160
1791421889,6207876,0,2.60,182948672,170975232,14016348160,339738624
1791421894,6177888,0,2.55,134743248,167620608,14017150976,223576064
1791421899,6060056,0,2.59,394002296,197492736,14011985920,193146880
1791421904,5813976,0,2.62,571438360,206934016,14011305984,278237184
1791421909,5940652,0,2.57,439940640,184373248,14009196544,319279104
1791421914,6285136,0,2.60,233506160,173391872,14013448192,337657856
1791421919,6403920,0,2.64,166363368,170450944,14011875328,303497216
1791421924,6266644,0,2.75,298798872,178974720,14010703872,167133184
1791421929,6000220,0,2.77,424830688,212516864,14010322944,306782208
1791421934,6022592,0,2.70,315430968,190013440,14012059648,320622592
1791421940,6253700,0,2.73,202303128,177938432,14009208832,339755008
1791421945,6408632,0,2.67,159932240,171397120,14007963648,263249920
1791421950,6760404,0,2.46,81869760,164270080,14007791616,163745792
1791421955,6563256,0,2.42,404897280,197476352,14007787520,233746432
1791421960,6282148,0,2.22,509297840,208752640,14007783424,302268416
1791421965,6481484,0,2.05,357976512,185348096,14007783424,339496960
1791421970,6759972,0,1.88,196611768,170569728,14007783424,339222528
1791421975,6768860,0,1.73,152737224,168325120,14007779328,251105280
1791421980,6788264,0,1.67,232117304,180441088,14007779328,146116608
1791421985,6461964,0,1.70,552350984,213475328,14007775232,235081728
1791421990,6232076,0,1.56,538380032,202534912,14007775232,307679232
1791421995,6403992,0,1.44,369451424,176775168,14007775232,321318912
1791422000,6731388,0,1.32,195790472,170975232,14007771136,331104256
1791422005,6746344,0,1.22,141910592,167714816,14007771136,248483840
1791422010,6688800,0,1.20,347017712,183873536,14007767040,150872064
1791422015,6424360,0,1.18,468852552,211660800,14007767040,303214592
1791422020,6611620,0,1.09,302764904,186978304,14007762944,321638400
1791422025,6772984,0,1.08,175063616,172384256,14007762944,330838016
1791422030,6780708,0,1.07,161851616,171290624,14007762944,243339264
1791422035,6839968,0,1.07,81586432,167866368,14007758848,150839296
1791422040,6577976,0,1.22,377019824,202739712,14007758848,233930752
1791422045,6294140,0,1.12,506764864,207183872,14007758848,301920256
1791422050,6473536,0,1.03,346153152,183197696,14007754752,323080192
1791422056,6707096,0,0.95,209198736,172244992,14007754752,334532608
1791422061,6745356,0,0.87,159039008,169123840,14007754752,246132736
1791422066,6771988,0,0.80,227861248,178659328,14007750656,153288704
1791422071,6450384,0,0.98,548825432,212021248,14007746560,234573824
1791422076,6215060,0,0.90,537677984,203014144,14007746560,303271936
1791422081,6374292,0,0.83,358049040,177954816,14007746560,322584576
1791422086,6733460,0,0.84,195798952,172355584,14007742464,331685888
1791422091,6755780,0,0.78,142664928,167526400,14007742464,243781632
1791422096,6629368,0,0.79,404575120,185823232,14007742464,150978560
1791422101,6367164,0,0.89,475038816,211451904,14007738368,302436352
1791422106,6533388,0,0.82,313294040,186429440,14007738368,322883584
1791422111,6792844,0,0.75,180378648,174645248,14007738368,331386880
1791422116,6802472,0,0.69,162026384,171769856,14007738368,238837760
1791422121,6862684,0,0.64,105214632,169742336,14007738368,151060480
1791422126,6557872,0,0.67,435638664,206295040,14007734272,235646976
1791422131,6303588,0,0.61,510812584,206655488,14007734272,304947200
1791422136,6453248,0,0.56,351735000,181780480,14007734272,323182592
1791422141,6745876,0,0.52,203189432,172322816,14007734272,332218368
1791422146,6762780,0,0.56,152625976,170037248,14007730176,242327552
1791422151,6768008,0,0.59,278057672,178569216,14007730176,151273472
1791422156,6399456,0,0.70,465852968,214839296,14007730176,302714880
1791422161,6215004,0,0.65,502368744,196874240,14007730176,302714880
1791422167,6348084,0,0.60,408380640,172310528,14007730176,340774912
1791422172,6662316,0,0.63,182671688,172220416,14007730176,358121472
1791422177,6697228,0,0.58,186800640,173502464,14007721984,260136960
1791422182,6528832,0,0.61,450100648,203587584,14007717888,251969536
1791422187,6267068,0,0.80,531124000,208109568,14007717888,321200128
1791422192,6480472,0,0.74,353841016,181600256,14007717888,342261760
1791422197,6771896,0,0.68,146595936,171040768,14007713792,348737536
1791422202,6837904,0,0.62,165965184,171220992,14007713792,222703616
1791422207,6526080,0,0.66,491654448,209166336,14007713792,228089856
1791422212,6290992,0,0.60,526494912,206176256,14007713792,304050176
1791422217,6465248,0,0.55,358382128,178393088,14007713792,322449408
1791422222,6747272,0,0.51,204598016,172912640,14007705600,331862016
1791422227,6776972,0,0.47,147014896,169971712,14007705600,247128064
1791422232,6711568,0,0.43,339633384,183799808,14007705600,151941120
1791422237,6388268,0,0.48,471116536,212807680,14007705600,303259648
1791422242,6510724,0,0.44,307765296,188469248,14007705600,323256320
1791422247,6654272,0,0.40,186492536,175566848,14007705600,351551488
1791422252,6730308,0,0.37,161546216,173228032,14007701504,248565760
1791422257,6800232,0,0.34,184958424,180629504,14007701504,158949376
1791422262,6483860,0,0.47,535192640,208490496,14007701504,243130368
1791422267,6228508,0,0.60,578901232,207667200,14007697408,318349312
1791422272,6324792,0,0.55,408721504,179666944,14007697408,339943424
1791422277,6681392,0,0.58,169972680,173428736,14007697408,361689088
1791422282,6829620,0,0.54,128607888,172494848,14007697408,258707456
1791422287,6555472,0,0.58,397506272,206086144,14007693312,248279040
1791422293,6392428,0,0.61,438977736,207015936,14007693312,320696320
1791422298,6526876,0,0.64,277419360,182099968,14007693312,338182144
1791422303,6736432,0,0.59,183544568,172974080,14007693312,331522048
1791422308,6761608,0,0.54,142873616,170590208,14007693312,218861568
1791422313,6755800,0,0.50,266492576,181837824,14007689216,173178880
1791422318,6423724,0,0.54,572354408,215171072,14007689216,256286720
1791422323,6272916,0,0.74,535639216,199639040,14007689216,321417216
1791422328,6505340,0,0.68,338430120,176910336,14007689216,340930560
1791422333,6764484,0,0.62,151789672,172642304,14007685120,341397504
1791422338,6760452,0,0.57,259802096,185929728,14007685120,209731584
1791422343,6418288,0,0.61,437107864,220229632,14007685120,309903360
1791422348,6419224,0,0.64,352533384,204443648,14007685120,309903360
1791422353,6456256,0,0.59,264970320,182542336,14007685120,323690496
1791422358,6719748,0,0.62,167748080,175153152,14007681024,261177344
1791422363,6755036,0,0.57,112175976,171683840,14007681024,261177344
1791422368,6606768,0,0.52,305133816,193597440,14007681024,235528192
1791422373,6362008,0,0.56,488190424,212221952,14007681024,303943680
1791422378,6533880,0,0.60,315624600,188260352,14007676928,324145152
1791422383,6748192,0,0.71,182566752,176775168,14007676928,333217792
1791422388,6785432,0,0.81,162008880,172589056,14007676928,238034944
1791422393,6880228,0,0.75,103665416,170483712,14007676928,152698880
1791422398,6585352,0,0.77,426534496,204701696,14007676928,235524096
1791422403,6276080,0,0.79,512847872,209330176,14007676928,303730688
1791422409,6437188,0,0.72,356012896,184283136,14007672832,324063232
1791422414,6726740,0,0.67,205043792,175493120,14007672832,333041664
1791422419,6755092,0,0.61,158264064,173121536,14007672832,245440512
1791422424,6755536,0,0.56,266184888,185446400,14007668736,152649728
1791422429,6370320,0,0.60,481950624,215089152,14007668736,235843584
1791422434,6138196,0,0.63,579002208,198832128,14007664640,304402432
1791422439,6410132,0,0.74,371945336,184078336,14007664640,342102016
1791422444,6690472,0,0.76,185753080,175349760,14007664640,359059456
1791422449,6705696,0,0.70,163434776,178393088,14007664640,251318272
1791422454,6536216,0,0.82,421029936,213295104,14007660544,252493824
1791422459,6356716,0,0.75,457945536,210411520,14007660544,321687552
1791422464,6497984,0,0.69,321449352,185561088,14007656448,340103168
1791422469,6746108,0,0.64,201422776,176418816,14007656448,340283392
1791422474,6749160,0,0.59,158537368,174080000,14007656448,239169536
1791422479,6705252,0,0.70,334508264,188432384,14007656448,156487680
1791422484,6359028,0,0.64,464054376,216928256,14007652352,314322944
1791422489,6513580,0,2.52,310160336,193601536,14007648256,321974272
1791422494,6728020,0,2.55,163503600,180281344,14007648256,332963840
1791422499,6730276,0,2.67,164885656,176009216,14007644160,248586240
1791422504,6831336,0,2.46,90159288,173371392,14007644160,153276416
1791422509,6593432,0,2.82,317676248,201310208,14007644160,234672128
1791422514,6391108,0,2.67,491273440,214843392,14007644160,305975296
1791422519,6512840,0,2.54,348207424,190976000,14007644160,324104192
1791422525,6751456,0,2.34,191465416,179490816,14007644160,335695872
1791422530,6772324,0,2.15,165173576,177000448,14007644160,257593344
1791422535,6818612,0,2.06,161653336,172335104,14007640064,155471872
1791422540,6541504,0,2.05,479137256,207347712,14007640064,232239104
1791422545,6347728,0,1.89,516751288,210378752,14007640064,307765248
1791422550,6478104,0,1.82,353956096,185507840,14007640064,323874816
1791422555,6764632,0,1.67,205846176,177344512,14007640064,333017088
1791422560,6761680,0,1.54,151372144,174817280,14007635968,243691520
1791422565,6730536,0,1.49,306285712,194379776,14007635968,153378816
1791422570,6422988,0,1.45,463068008,218578944,14007635968,305213440
1791422575,6443004,0,1.58,325599504,197050368,14007635968,342773760
1791422580,6734428,0,1.45,157194072,182677504,14007635968,342773760
1791422585,6762472,0,1.33,160064032,177762304,14007631872,254185472
1791422590,6859560,0,1.23,85084048,174501888,14007631872,149114880
1791422595,6591116,0,1.21,376039424,206962688,14007631872,234135552
1791422600,6327204,0,1.11,511923088,214810624,14007631872,305254400
1791422605,6498616,0,1.02,347765496,191250432,14007631872,342470656
1791422610,6752360,0,1.02,184154256,180563968,14007627776,342478848
1791422615,6766860,0,1.02,159070552,175370240,14007627776,249458688
1791422620,6801420,0,0.94,170671536,178597888,14007619584,149082112
1791422625,6520808,0,0.94,493191968,215015424,14007619584,232525824
1791422630,6237924,0,0.95,528657008,211533824,14007619584,306393088
1791422635,6377068,0,0.87,360855784,183230464,14007619584,324616192
1791422641,6684400,0,0.80,189179360,179519488,14007619584,353243136
1791422646,6721548,0,0.82,145617952,176144384,14007615488,253751296
1791422651,6594548,0,0.83,352454784,198758400,14007615488,244858880
1791422656,6384696,0,0.77,492710744,213823488,14007615488,315879424
1791422661,6460480,0,1.18,348771096,191127552,14007615488,322822144
1791422666,6669360,0,1.41,193701096,178761728,14007615488,352415744
1791422671,6712540,0,1.30,164645256,176828416,14007611392,255565824
1791422676,6694836,0,1.51,315999584,196022272,14007611392,177872896
1791422681,6411824,0,1.47,575860608,218771456,14007607296,258842624
1791422686,6194564,0,1.35,539653264,196435968,14007607296,322809856
1791422691,6510020,0,1.25,329943184,186798080,14007607296,341499904
1791422696,6764284,0,1.14,183967224,177340416,14007603200,343281664
1791422701,6771296,0,1.05,135220928,173780992,14007603200,233025536
1791422706,6586200,0,1.05,367174320,201969664,14007603200,233885696
1791422711,6314876,0,0.96,505852968,213196800,14007603200,307638272
1791422716,6494928,0,1.13,353114696,190390272,14007603200,325332992
1791422721,6740000,0,1.04,207645160,179179520,14007603200,334573568
1791422726,6762324,0,1.03,160632296,176181248,14007599104,249622528
1791422731,6826608,0,1.03,191443464,187432960,14007599104,154251264
1791422736,6476292,0,1.11,538106048,213377024,14007599104,237514752
1791422741,6182120,0,1.02,532560024,209403904,14007595008,306069504
1791422746,6415156,0,0.94,366382064,183422976,14007595008,325922816
1791422751,6730464,0,0.86,198769224,177876992,14007595008,335138816
1791422756,6729740,0,0.79,148658408,174243840,14007595008,249921536
1791422762,6663780,0,0.81,355023880,194056192,14007595008,154415104
1791422767,6339080,0,0.83,482339776,216903680,14007595008,305614848
1791422772,6571528,0,0.76,295604464,192868352,14007595008,326664192
1791422777,6731924,0,0.70,194914800,181329920,14007590912,357117952
1791422782,6762864,0,0.64,162533272,178319360,14007590912,246566912
1791422787,6782768,0,0.59,218580104,178126848,14007590912,181334016
1791422792,6477228,0,0.70,514269752,215277568,14007586816,258600960
1791422797,6312748,0,0.73,533184960,207220736,14007586816,323198976
1791422802,6495252,0,0.67,315463672,181886976,14007578624,343265280
1791422807,6652268,0,0.70,191160272,176971776,14007578624,346685440
1791422812,6755268,0,0.64,141546216,177524736,14007578624,220475392
1791422817,6511836,0,0.67,498103696,214392832,14007578624,217956352
1791422822,6293508,0,0.61,572398560,214880256,14007574528,287215616
1791422827,6247488,0,0.65,448614040,189542400,14007574528,325681152
1791422832,6689680,0,0.59,209449336,180174848,14007574528,338370560
1791422837,6740876,0,0.55,149415800,173555712,14007574528,290152448
1791422842,6597892,0,0.58,317177696,203055104,14007574528,240590848
1791422847,6334748,0,0.70,499822616,218963968,14007570432,306704384
1791422852,6440628,0,0.80,333662472,195121152,14007570432,344248320
1791422857,6669812,0,0.74,178795296,180846592,14007570432,343683072
1791422862,6698032,0,0.68,159740464,177950720,14007570432,252956672
1791422867,6785164,0,0.62,153784880,173985792,14007570432,150564864
1791422872,6483120,0,0.65,475025880,207310848,14007566336,235581440
1791422877,6255344,0,0.84,517479848,212246528,14007566336,306688000
1791422883,6404060,0,0.77,353156232,186388480,14007566336,326959104
1791422888,6663972,0,0.71,184374264,180019200,14007562240,364122112
1791422893,6703188,0,0.65,152857264,171872256,14007562240,248893440
1791422898,6561416,0,0.68,482442608,209403904,14007562240,218812416
1791422903,6303608,0,0.71,567261784,213213184,14007562240,300011520
1791422908,6304932,0,0.81,441592256,189198336,14007562240,324984832
1791422913,6739908,0,0.83,219951808,180592640,14007562240,340135936
1791422918,6748512,0,0.76,157372328,177557504,14007558144,293543936
1791422923,6591156,0,0.70,304094744,196546560,14007558144,243605504
1791422928,6337492,0,0.72,495360104,218296320,14007558144,306970624
1791422933,6461164,0,0.67,334617872,194367488,14007558144,344231936
1791422938,6761372,0,0.61,179624096,180613120,14007554048,344301568
1791422943,6774208,0,0.56,162975528,177098752,14007554048,253374464
1791422948,6855956,0,0.52,122608736,181870592,14007554048,151158784
1791422953,6572700,0,0.56,464261680,211918848,14007554048,237645824
1791422958,6322108,0,0.59,510038800,212844544,14007554048,314527744
1791422963,6390140,0,0.62,371562360,187523072,14007554048,326283264
1791422968,6684968,0,0.82,207866624,179781632,14007549952,335892480
1791422973,6709940,0,0.75,152453808,176541696,14007549952,250929152
1791422978,6705908,0,0.69,293698584,189923328,14007549952,155607040
1791422983,6403440,0,0.71,467222184,217915392,14007549952,307265536
1791422988,6206632,0,0.74,423871160,207945728,14007545856,307265536
1791422993,6374116,0,0.68,318501120,185585664,14007545856,327127040
1791422998,6700484,0,0.70,199576000,178872320,14007545856,336420864
1791423004,6685628,0,0.65,145249096,173514752,14007545856,245956608
1791423009,6557528,0,0.60,320871632,205361152,14007541760,239390720
1791423014,6301796,0,0.63,497824152,216956928,14007541760,306966528
1791423019,6460024,0,0.66,334096176,192086016,14007541760,327364608
1791423024,6730060,0,0.69,184897208,182169600,14007541760,336596992
1791423029,6759344,0,0.63,166611856,178946048,14007541760,248668160
1791423034,6831156,0,0.58,158812672,176381952,14007537664,155942912
1791423039,6518416,0,0.61,479633296,209068032,14007533568,239173632
1791423044,6269608,0,0.64,518278584,212783104,14007533568,307392512
1791423049,6436596,0,0.67,350617240,186298368,14007533568,328056832
1791423054,6680676,0,0.70,191916384,179900416,14007529472,367570944
1791423059,6702580,0,0.64,145199608,176566272,14007529472,249217024
1791423064,6594244,0,0.70,438291768,203116544,14007529472,202911744
1791423069,6306992,0,0.65,565556024,206475264,14007529472,283168768
1791423074,6373412,0,0.68,416898328,196550656,14007525376,324456448
1791423079,6674836,0,0.70,271869560,182116352,14007525376,324882432
1791423084,6745776,0,0.81,185243048,178401280,14007525376,302198784
1791423089,6785728,0,0.82,244365832,182366208,14007525376,179875840
1791423094,6455072,0,0.84,447344168,212213760,14007521280,288235520
1791423099,6537844,0,0.93,330393896,204017664,14007517184,324182016
1791423104,6721672,0,1.02,177784392,184193024,14007517184,324182016
1791423109,6746460,0,0.93,189205504,180707328,14007517184,290435072
1791423114,6861824,0,0.86,87632384,177586176,14007508992,172560384
1791423120,6599408,0,1.35,326314480,205574144,14007508992,251863040
1791423125,6327944,0,1.32,502765256,215359488,14007508992,307916800
1791423130,6499932,0,1.30,326479024,192421888,14007508992,327872512
1791423135,6697068,0,1.27,197511952,183844864,14007508992,338923520
1791423140,6708068,0,1.17,167557944,178049024,14007504896,246480896
1791423145,6814116,0,1.16,166970888,178892800,14007504896,159051776
1791423150,6510008,0,1.14,486533984,213544960,14007504896,239554560
1791423155,6258292,0,1.13,530407400,213086208,14007504896,308490240
1791423160,6449072,0,1.12,360216552,185049088,14007500800,327921664
1791423165,6754408,0,1.03,207793024,180199424,14007500800,336654336
1791423170,6767224,0,0.95,156085528,177565696,14007500800,246415360
1791423175,6574616,0,0.95,301703216,195387392,14007496704,158285824
1791423180,6373968,0,0.88,487063368,217583616,14007496704,313606144
1791423185,6498836,0,1.13,323399584,194052096,14007496704,328306688
1791423190,6695744,0,1.44,189529576,182292480,14007492608,339832832
1791423195,6732808,0,1.40,165284152,178802688,14007492608,246501376
1791423200,6848884,0,1.37,115209912,178868224,14007488512,158941184
1791423205,6548156,0,1.34,444726272,215687168,14007488512,241917952
1791423210,6274500,0,1.23,517100368,213700608,14007488512,310878208
1791423215,6404436,0,1.21,370380704,185925632,14007488512,328491008
1791423220,6731988,0,1.20,209369584,180301824,14007484416,337158144
1791423225,6780632,0,1.10,155727008,177180672,14007484416,251887616
1791423230,6756224,0,1.09,278594496,184254464,14007480320,156577792
1791423236,6398972,0,1.08,581798400,220823552,14007480320,239697920
1791423241,6146184,0,1.00,551958472,206372864,14007480320,307998720
1791423246,6425540,0,0.92,409901816,184762368,14007476224,347435008
1791423251,6661076,0,0.84,188628592,177754112,14007476224,374149120
1791423256,6736576,0,0.86,256527744,186691584,14007476224,253452288
1791423261,6500428,0,0.87,473791192,213250048,14007476224,273567744
1791423266,6427504,0,0.80,388340528,211013632,14007476224,326602752
1791423271,6735768,0,0.73,199217600,185131008,14007472128,345776128
1791423276,6758396,0,0.67,168447480,181116928,14007472128,309764096
1791423281,6868892,0,0.62,100706216,174473216,14007472128,174391296
1791423286,6569796,0,0.65,414779416,204804096,14007472128,242622464
1791423291,6374448,0,0.60,485885056,207011840,14007472128,306552832
1791423296,6544440,0,0.79,292394056,188743680,14007468032,339349504
1791423301,6646788,0,0.81,215852264,181743616,14007468032,361603072
1791423306,6721736,0,0.82,139684984,178319360,14007468032,233521152
1791423311,6707852,0,0.92,334800168,196292608,14007468032,194170880
1791423316,6396896,0,1.01,581925304,219357184,14007463936,265957376
1791423321,6258588,0,1.00,514586432,195989504,14007463936,325767168
1791423326,6495524,0,0.92,335225696,181862400,14007463936,342986752
1791423331,6688036,0,0.85,182068824,178053120,14007463936,336056320
1791423336,6749720,0,0.78,139175176,171307008,14007463936,226234368
1791423342,6549784,0,0.88,387087240,203804672,14007463936,260919296
1791423347,6360780,0,0.81,455533264,214790144,14007459840,327135232
1791423352,6583280,0,0.82,285271264,190251008,14007459840,345112576
1791423357,6692364,0,0.84,182867528,181710848,14007459840,351764480
1791423362,6750160,0,0.77,135155016,176721920,14007459840,228274176
1791423367,6676056,0,0.87,309723656,201572352,14007459840,214425600
1791423372,6427028,0,1.36,531091712,219938816,14007455744,298749952
1791423377,6430528,0,1.25,403740040,195338240,14007455744,327942144
1791423382,6695408,0,1.15,208259616,182005760,14007455744,344838144
1791423387,6733984,0,1.06,176787120,178012160,14007455744,290910208
1791423392,6821872,0,0.97,117028792,173195264,14007455744,169222144
1791423397,6572888,0,0.98,436497304,205651968,14007447552,231718912
1791423402,6296732,0,0.98,535785136,213524480,14007447552,305803264
1791423407,6372444,0,0.90,399002288,189054976,14007447552,326619136
1791423412,6640752,0,0.83,220429024,181288960,14007447552,341585920
1791423417,6694532,0,0.76,166282600,178122752,14007447552,274268160
1791423422,6694744,0,0.78,281940576,186900480,14007443456,164909056
1791423427,6382392,0,0.88,436269328,220336128,14007443456,309764096
1791423432,6202548,0,0.89,425802360,210087936,14007443456,309764096
1791423437,6417908,0,0.90,378901936,186118144,14007443456,329592832
1791423442,6680156,0,0.83,198633848,180482048,14007439360,360214528
1791423447,6725468,0,0.76,174893464,180412416,14007439360,254447616
1791423452,6549416,0,0.78,433239616,212385792,14007439360,248696832
1791423458,6279944,0,0.96,512405472,214216704,14007439360,319619072
1791423463,6416648,0,0.88,373415680,189046784,14007439360,326909952
1791423468,6747708,0,0.81,210406336,179884032,14007435264,337846272
1791423473,6762608,0,0.74,165583584,177192960,14007435264,253288448
1791423478,6747412,0,0.68,282607048,186380288,14007431168,158044160
1791423483,6367076,0,1.27,540589136,218222592,14007431168,241070080
1791423488,6150860,0,1.17,546933208,208687104,14007427072,309522432
1791423493,6449632,0,1.39,347849152,187146240,14007427072,329531392
1791423498,6738708,0,1.28,201133064,180588544,14007427072,338575360
1791423503,6750212,0,1.18,147701800,174006272,14007427072,243277824
1791423508,6574124,0,1.25,304809552,197853184,14007427072,241340416
1791423513,6332128,0,1.31,493126520,218202112,14007422976,309661696
1791423518,6567088,0,1.20,323662992,195215360,14007422976,329760768
1791423523,6736516,0,1.10,201115696,182374400,14007422976,357351424
1791423528,6774456,0,1.02,166036360,178749440,14007422976,250040320
1791423533,6773164,0,1.01,252142824,188964864,14007422976,167186432
1791423538,6478060,0,1.09,544609072,219045888,14007422976,250507264
1791423543,6249868,0,1.33,560477040,205590528,14007418880,311701504
1791423548,6494140,0,1.54,353797904,187617280,14007418880,347107328
1791423553,6653856,0,1.50,203664896,179838976,14007418880,363085824
1791423558,6740188,0,1.38,137626232,172417024,14007414784,235302912
1791423563,6551904,0,1.35,382099632,204201984,14007414784,262385664
1791423568,6386116,0,1.32,438116064,215588864,14007414784,327839744
1791423574,6624212,0,1.21,265346664,193724416,14007414784,344739840
1791423579,6745636,0,1.12,194016504,181747712,14007414784,338087936
1791423584,6786572,0,1.03,160227528,179253248,14007410688,225058816
1791423589,6799528,0,0.94,226591264,184193024,14007410688,178020352
1791423594,6492224,0,0.95,523943632,219648000,14007410688,259289088
1791423599,6308712,0,0.95,491091608,212873216,14007410688,327667712
1791423604,6441188,0,0.88,329431464,188256256,14007402496,345886720
1791423609,6719648,0,0.89,199214208,181043200,14007402496,347189248
1791423614,6744204,0,0.82,137764128,175874048,14007402496,243290112
1791423619,6544892,0,0.83,490392104,207765504,14007402496,203526144
1791423624,6469508,0,1.72,374435704,214212608,14007398400,327741440
1791423629,6568756,0,1.59,264345272,192999424,14007398400,327741440
1791423634,6734252,0,2.58,184077768,185634816,14007398400,346488832
1791423639,6804008,0,2.69,154752800,178270208,14007398400,198381568
1791423644,6775296,0,2.51,209902880,182075392,14007398400,198381568
1791423649,6510856,0,2.39,461190208,214257664,14007394304,258908160
1791423654,6389168,0,2.36,463973432,214716416,14007394304,327385088
1791423659,6565864,0,2.25,283841216,186056704,14007394304,345989120
1791423664,6722332,0,2.15,196044656,181407744,14007394304,341626880
1791423669,6730036,0,1.97,164508000,178421760,14007394304,222879744
1791423674,6710604,0,1.90,311015856,197582848,14007390208,160747520
1791423679,6442884,0,1.82,459359088,220262400,14007390208,321540096
1791423685,6573812,0,1.84,306657672,202977280,14007390208,327913472
1791423690,6742968,0,1.69,157494864,188391424,14007390208,338812928
1791423695,6776736,0,1.56,170558160,181612544,14007390208,251961344
1791423700,6867992,0,1.43,89569400,174215168,14007386112,159129600
1791423705,6576296,0,1.40,369718112,204906496,14007386112,242266112
1791423710,6298248,0,1.36,508543208,220250112,14007382016,310677504
1791423715,6441392,0,1.25,347239528,194863104,14007382016,348303360
1791423720,6692188,0,1.15,205070320,182075392,14007382016,348053504
1791423725,6703460,0,1.06,165841032,178647040,14007382016,254754816
1791423730,6752484,0,1.06,180146720,185032704,14007373824,154861568
1791423735,6480568,0,1.05,504408488,220549120,14007373824,243822592
1791423740,6276776,0,0.97,532893552,213286912,14007373824,316116992
1791423745,6416980,0,0.89,377185464,186589184,13998981120,330907648
1791423750,6753836,0,0.82,213943176,180854784,13998981120,340688896
1791423755,6761496,0,0.75,152296408,175939584,13998981120,257216512
1791423760,6731192,0,0.77,295044152,189833216,13998981120,159498240
1791423765,6426604,0,0.87,478741096,220246016,13998981120,309952512
1791423770,6540460,0,0.88,323225776,210411520,13998977024,328843264
1791423775,6750976,0,0.89,161387864,188592128,13998977024,339849216
1791423780,6772016,0,0.90,170746384,181420032,13998977024,269242368
1791423785,6842728,0,0.91,103529712,176500736,13998977024,161996800
1791423790,6094580,0,0.92,138471528,938872832,13986193408,239153152
1791423795,5287780,0,0.92,126856176,1747447808,13986193408,260329472
1791423801,6906708,0,0.85,68149128,60297216,13986193408,97419264
1791423806,6838936,0,0.78,84366864,84668416,13986189312,189042688
1791423811,6720792,0,0.72,63385488,57683968,13986189312,123707392
1791423816,4788952,0,0.90,183449584,2157830144,13986189312,155648000
1791423821,6682080,0,0.83,136725808,57622528,13986189312,180367360
1791423826,6507672,0,0.92,217949960,207396864,13984018432,228069376
1791423831,6528204,0,1.25,242420368,296935424,13982400512,548732928
1791423836,6415260,0,1.95,350217584,332541952,13980823552,817860608
1791423841,6452856,0,1.87,311664568,352886784,13979512832,806608896
1791423846,6403476,0,1.80,391049672,427479040,13975621632,569057280
1791423851,6246380,0,2.06,490844912,438648832,13974286336,587153408
1791423856,6455380,0,1.97,88450800,,13972008960,780013568
1791423861,7020108,0,1.82,6062056,,13972000768,474058752
1791423867,6980992,0,1.75,88799000,,13971980288,148504576
