epoch,mem_avail_kb,swap_used_kb,load1,arc_bytes,cgroup_bytes,root_free_bytes,tank_alloc_bytes
1791404588,7120356,0,0.35,4087208,,14912233472,50769920
1791404594,6915728,0,0.40,122023840,72241152,14912221184,145297408
1791404599,6910872,0,0.37,161964648,83394560,14912217088,101675008
1791404604,6883580,0,0.34,193358536,94863360,14912217088,109588480
1791404609,7027460,0,0.31,71986560,37752832,14912200704,204812288
1791404614,6937716,0,0.28,137258072,75677696,14912200704,231981056
1791404619,6946172,0,0.26,139954032,79331328,14912200704,99713024
1791404624,6949652,0,0.24,149350928,82804736,14912200704,101883904
1791404629,6951596,0,0.22,158363120,86728704,14912200704,104120320
1791404634,6938744,0,0.20,167457520,89616384,14912200704,106168320
1791404639,6928504,0,0.19,176832008,93483008,14912200704,108101632
1791404644,6918552,0,0.17,186125616,96813056,14912200704,110129152
1791404649,6912840,0,0.24,193625608,99909632,14912196608,112422912
1791404654,6903412,0,0.30,204004048,103297024,14912196608,114544640
1791404659,6612836,0,0.35,264599176,15777792,14912196608,116551680
1791404664,6975364,0,0.41,109956864,67776512,14912192512,255815680
1791404669,6958360,0,0.45,108016648,69042176,14912192512,95952896
1791404674,6971468,0,0.42,125208672,37277696,14912184320,95010816
1791404679,6966220,0,0.46,119906848,70635520,14912180224,187715584
1791404684,6712748,0,0.43,380361496,72306688,14912180224,243818496
1791404689,5993744,0,0.47,1090634240,88735744,14912180224,932909056
1791404694,5941248,0,0.52,1089254888,98508800,14912180224,1728405504
1791404699,5975144,0,0.55,1081575680,110927872,14912180224,2399481856
1791404704,5976992,0,0.59,1079187352,118554624,14912176128,2754859008
1791404710,6075984,0,0.62,1078217576,123252736,14912176128,2901839872
1791404715,5875288,0,0.65,1002403208,344526848,14912176128,2920247296
1791404720,5793108,0,0.68,970655816,470376448,14912176128,2975141888
1791404725,5861784,0,0.63,929583200,264609792,14912176128,2922262528
1791404730,6222084,0,0.66,504691672,137199616,14912167936,2832384000
1791404735,6888404,0,0.60,30143360,137785344,14912163840,2800189440
1791404740,6580096,0,0.64,442847000,137535488,14912163840,1582317568
1791404745,6143796,0,0.67,828031376,147685376,14912163840,1872478208
1791404750,5783124,0,0.69,1020585264,158650368,14912163840,2232225792
1791404755,5907456,0,0.72,1091447336,173109248,14912163840,2509950976
1791404760,5831452,0,1.46,1016985648,184840192,14912163840,2884272128
1791404765,5748480,0,1.42,1057476096,267112448,14912163840,2947997696
1791404770,5702636,0,1.39,1040369664,390705152,14912163840,2928447488
1791404775,5693960,0,1.44,1086599032,445624320,14912163840,2964791296
1791404780,5650680,0,1.40,1063382856,236589056,14912163840,2991730688
1791404785,6166920,0,1.37,543527600,175181824,14912163840,2902073344
1791404790,6810188,0,1.26,189228248,147709952,14912159744,1906663424
1791404795,6437432,0,1.24,560928840,154554368,14912159744,1671163904
1791404800,6082500,0,1.42,901364592,164605952,14912159744,1960448000
1791404805,5927888,0,1.47,1081246288,173641728,14912159744,2242494464
1791404810,5917740,0,1.59,1055508488,183439360,14912159744,2602897408
1791404816,5875204,0,1.55,1057050344,193699840,14912155648,2885742592
1791404821,5797396,0,1.50,1089533064,288837632,14912155648,2962186240
1791404826,5713960,0,1.46,1099718224,400592896,14912155648,2925395968
1791404831,5699956,0,1.34,1072754808,447070208,14912155648,2955034624
1791404836,5716596,0,1.32,1027566232,233885696,14912155648,3015241728
1791404841,6192308,0,1.21,537228128,152584192,14912155648,2929233920
1791404846,6806428,0,1.27,205810864,148475904,14912155648,2832297984
1791404851,6413628,0,1.25,526393304,156934144,14912155648,1678331904
1791404856,5999708,0,1.23,899415920,166576128,14912155648,1960013824
1791404861,5845392,0,1.21,1004716312,176488448,14912155648,2319880192
1791404866,5874612,0,1.20,1087040816,187678720,14912155648,2602909696
1791404871,5845164,0,1.26,1073765768,199139328,14912155648,2885402624
1791404876,5672900,0,1.24,1088623040,380174336,14912155648,2962403328
1791404881,5711680,0,1.30,1081855040,414908416,14912151552,2938449920
1791404886,5747640,0,1.28,1094436368,354959360,14912147456,2968543232
1791404891,5538548,0,1.33,1087877000,205107200,14912147456,3005673472
1791404896,6265372,0,1.23,542282696,151343104,14912147456,2917740544
1791404901,6722152,0,1.21,313934680,151404544,14912147456,1896390656
1791404906,6385716,0,1.19,577534992,160256000,14912147456,1746452480
1791404912,5984308,0,1.26,952432216,169811968,14912147456,2029711360
1791404917,5972648,0,1.24,1092130120,180375552,14912147456,2321993728
1791404922,5895848,0,1.30,1024167360,191090688,14912143360,2670641152
1791404927,5897640,0,1.35,1084401840,201093120,14912143360,2885955584
1791404932,5729272,0,1.33,1074818680,381583360,14912143360,2961960960
1791404937,5739708,0,1.30,1092486592,420958208,14912143360,2920157184
1791404942,5828900,0,1.19,1077752280,269664256,14912143360,2950012928
1791404947,5599464,0,1.18,953219200,198840320,14912143360,3020460032
1791404952,6167020,0,1.08,546405232,164343808,14912143360,2933731328
1791404957,6699752,0,1.08,264479192,153759744,14912143360,1450303488
1791404962,6359552,0,1.07,555955872,161861632,14912139264,1746386944
1791404967,6023196,0,1.06,916679744,171245568,14912139264,2029297664
1791404972,5837104,0,1.06,1041453384,180785152,14912139264,2321039360
1791404977,5942644,0,1.05,1093218008,191418368,14912139264,2603196416
1791404982,5972232,0,1.13,1086065576,201625600,14912139264,2886836224
1791404987,5739500,0,1.04,1079001904,356483072,14912139264,2964705280
1791404992,5733700,0,0.96,1075516960,409833472,14912139264,2921095168
1791404997,5673240,0,0.88,1074185376,452227072,14912139264,2950815744
1791405002,5702252,0,0.81,1030327552,242888704,14912139264,3021815808
1791405007,6145776,0,0.82,538165672,170405888,14912135168,2934071296
1791405013,6752644,0,0.84,163180208,154779648,14912135168,1894514688
1791405018,6426884,0,0.93,513081608,162234368,14912135168,1679601664
1791405023,6097692,0,0.94,857098256,170307584,14912135168,1960357888
1791405028,5943332,0,0.94,1077077496,180211712,14912135168,2244042752
1791405033,5882644,0,1.59,1032690288,189681664,14912131072,2535960576
1791405038,6001264,0,1.62,1063558216,199626752,14912131072,2886479872
1791405043,5852832,0,1.49,1074327304,301375488,14912131072,2962935808
1791405048,5751932,0,1.37,1085729720,406769664,14912131072,2929995776
1791405053,5681248,0,1.26,1092129232,450940928,14912131072,2959806464
1791405058,5693364,0,1.16,1049831944,239828992,14912131072,3012726784
1791405063,6216468,0,1.15,546747576,169185280,14912131072,2927108096
1791405068,6775944,0,1.06,188503136,156721152,14912131072,1912369152
1791405073,6460608,0,1.05,551909344,163127296,14912131072,1677795328
1791405078,6001676,0,1.05,933400208,173137920,14912131072,1960681472
1791405083,5920916,0,1.04,1010210808,182128640,14912131072,2320674816
1791405088,5909300,0,1.12,1040290112,191258624,14912131072,2603515904
1791405093,5845356,0,1.19,1093876360,201621504,14912126976,2887217152
1791405098,5788676,0,1.09,1100949584,327090176,14912126976,2963525632
1791405103,5752812,0,1.01,1081391336,412717056,14912126976,2927620096
1791405109,5669580,0,1.01,1075647192,452009984,14912126976,2957402112
1791405114,5640036,0,0.92,1056542816,237649920,14912126976,3015368704
1791405119,6136804,0,0.93,543997096,160747520,14912126976,2929213440
1791405124,6755128,0,0.94,199915656,163627008,14912122880,1913372672
1791405129,6418028,0,1.02,576814800,164675584,14912122880,1678200832
1791405134,6035240,0,1.10,865822976,173793280,14912122880,2029936640
1791405139,5870092,0,1.17,1061647872,183169024,14912122880,2322182144
1791405144,5835416,0,1.16,1079714984,193527808,14912122880,2602962944
1791405149,5809836,0,1.15,1091532352,205078528,14912122880,2886582272
1791405154,5672976,0,1.05,1073197792,372105216,14912114688,2963030016
1791405159,5675108,0,0.97,1087905984,416362496,14912114688,2931687424
1791405164,5801472,0,0.97,1083805168,293875712,14912114688,2961784832
1791405169,5606480,0,0.89,1082395392,234135552,14912114688,3012009984
1791405174,6165612,0,0.90,550707000,170795008,14912110592,2925330432
1791405179,6731312,0,0.83,221467000,158793728,14912110592,1901977600
1791405184,6472144,0,0.84,549039992,165679104,14912106496,1678491648
1791405189,6070960,0,0.86,913823904,174804992,14912106496,1961025536
1791405194,5844396,0,0.87,1043183648,184946688,14912106496,2319720448
1791405199,5930108,0,0.88,1078581464,196079616,14912106496,2603249664
1791405204,5924876,0,0.97,1084344208,206680064,14912106496,2886594560
1791405209,5770388,0,0.89,1095965848,385003520,14912106496,2962513920
1791405215,5770608,0,0.82,1095811240,421412864,14912106496,2933817344
1791405220,5780152,0,0.99,1083426080,302571520,14912102400,2964066304
1791405225,5576104,0,0.91,1087598248,216674304,14912102400,3011088384
1791405230,6216716,0,1.48,531845600,156024832,14912102400,2923651072
1791405235,6779424,0,1.36,274810912,158363648,14912102400,1900994560
1791405240,6364364,0,1.41,555571872,167145472,14912102400,1747013632
1791405245,6040488,0,1.46,940218232,176525312,14912102400,2030321664
1791405250,5893260,0,2.15,1077625520,186871808,14912102400,2322763776
1791405255,5885244,0,2.05,997395664,197324800,14912102400,2671173632
1791405260,5894596,0,2.05,1076018904,207835136,14912102400,2886926336
1791405265,5675780,0,1.88,1086921080,386392064,14912102400,2964525056
1791405270,5712804,0,1.73,1081291288,424800256,14912098304,2934255616
1791405275,5708440,0,1.75,1101008360,344322048,14912098304,2964086784
1791405280,5484948,0,1.61,1046570008,212439040,14912098304,3009654784
1791405285,6216652,0,2.13,542495360,171581440,14912098304,2922708992
1791405290,6725836,0,2.12,272545624,159707136,14912098304,1451175936
1791405295,6404452,0,2.03,628205552,168566784,14912098304,1746800640
1791405300,5984756,0,1.94,1009721704,177684480,14912098304,2029985792
1791405305,5910592,0,1.87,1057052152,188207104,14912098304,2389348352
1791405310,5861364,0,1.80,1095307632,198852608,14912094208,2670682112
1791405315,5879460,0,1.67,1088229064,207880192,14912094208,2887168000
1791405321,5743968,0,1.54,1093110488,387112960,14912094208,2962714624
1791405326,5764668,0,1.57,983061776,435126272,14912094208,2967760896
1791405331,5866976,0,2.09,943205112,274907136,14912094208,3008204800
1791405336,6197208,0,2.16,555526192,194351104,14912094208,2921345024
1791405341,6913200,0,2.07,11224792,155258880,14912090112,2832678912
1791405346,6709204,0,1.98,300567400,160935936,14912090112,1451216896
1791405351,6363316,0,1.98,688046752,169672704,14912090112,1747476480
1791405356,5946960,0,1.90,966677168,178892800,14912090112,2105212928
1791405361,5936824,0,2.63,1070515928,188542976,14912090112,2389880832
1791405366,5911840,0,2.58,1079984920,197693440,14912090112,2671845376
1791405371,5887288,0,2.37,1072369992,206045184,14912086016,2887610368
1791405376,5724856,0,2.18,1089948432,390877184,14912086016,2964549632
1791405381,5662232,0,2.25,1005993032,438161408,14912086016,2957721600
1791405386,5804404,0,2.07,943009760,314753024,14912086016,3017392128
1791405391,6172844,0,2.14,563726696,175685632,14912086016,2931359744
1791405396,7045932,0,2.21,86724568,15339520,14912086016,1847386112
1791405401,6886888,0,2.12,175048064,71843840,14912086016,1847386112
1791405406,6762432,0,1.95,156664352,193617920,14912081920,172761088
1791405411,6811504,0,1.79,156332440,98701312,14912081920,130117632
1791405416,6826644,0,1.65,156332440,136974336,14912077824,128991232
1791405421,6725044,0,1.51,156332440,234029056,14912077824,128385024
1791405426,6839868,0,1.39,156332440,89669632,14912077824,128385024
1791405432,6771736,0,1.28,156332440,193642496,14912077824,128385024
1791405437,6747400,0,1.18,156332440,165195776,14912077824,128385024
1791405442,6844000,0,1.08,156332440,124272640,14912077824,128385024
1791405447,6714372,0,1.00,156332440,234188800,14912077824,128385024
1791405452,6824972,0,0.92,156332440,103596032,14912077824,128385024
1791405457,6762084,0,0.84,156978600,194260992,14912077824,128385024
1791405462,6833992,0,0.77,156412096,83132416,14912073728,129277952
1791405467,6824944,0,0.71,156412096,126988288,14912073728,129277952
1791405472,6725520,0,0.65,156412096,234082304,14912073728,128397312
1791405477,6761516,0,0.68,156412096,164945920,14912073728,128397312
1791405482,6765928,0,0.71,156412096,193097728,14912069632,128397312
1791405487,6828752,0,0.65,160854512,82894848,14912069632,128397312
1791405492,6826160,0,0.60,158398040,159973376,14912069632,139309056
1791405497,6733788,0,0.55,158212880,235560960,14912069632,140394496
1791405502,6856396,0,0.51,159309056,83935232,14912069632,130539520
1791405507,6783576,0,0.47,158905512,195751936,14912069632,131072000
1791405512,6756132,0,0.43,158573120,171220992,14912065536,131088384
1791405517,6799032,0,0.39,158573520,191819776,14912065536,129699840
1791405522,6737248,0,0.36,158573520,236163072,14912065536,128749568
1791405527,6797128,0,0.33,158573520,132067328,14912065536,128749568
1791405532,6799672,0,0.31,158573520,195592192,14912065536,128749568
1791405537,6852472,0,0.28,158573520,94015488,14912065536,128749568
1791405542,6796072,0,0.26,158573520,195510272,14912065536,128749568
1791405547,6741212,0,0.32,158571376,236843008,14912065536,128749568
1791405553,6823176,0,0.29,158616456,120131584,14912065536,129273856
1791405558,6791768,0,0.27,158626536,196534272,14912061440,129818624
1791405563,6847320,0,0.25,158641416,83955712,14912061440,129265664
1791405568,7024224,0,0.31,86723648,38178816,14912057344,208572416
1791405573,7030176,0,0.28,85673176,38178816,14912057344,90443776
1791405578,7028828,0,0.26,85673176,38178816,14912057344,53678080
1791405583,7004252,0,0.24,88898728,67493888,14912053248,153088000
1791405588,6959060,0,0.22,89280176,67350528,14912053248,110632960
1791405593,6981068,0,0.28,85993376,67350528,14912049152,53235712
1791405598,7044680,0,0.34,59182864,15843328,14912049152,54448128
1791405603,7002752,0,0.39,87398952,54779904,14912040960,147542016
1791405608,7012308,0,0.36,85736984,55037952,14912040960,148070400
1791405613,7008660,0,0.33,85736984,55037952,14912040960,53121024
1791405618,6985732,0,0.39,87743640,50802688,14912036864,153337856
1791405623,7015452,0,0.35,85966160,50802688,14912036864,110678016
1791405628,7018968,0,0.33,85966160,50802688,14912036864,53137408
1791405633,6999204,0,0.30,86936576,42434560,14912036864,146087936
1791405638,7006108,0,0.27,86555448,42434560,14912036864,109957120
1791405643,7010192,0,0.25,85109256,42434560,14912036864,53137408
1791405648,7045176,0,0.23,53033184,47656960,14912032768,75444224
1791405653,7014492,0,0.21,87957576,41459712,14912032768,146485248
1791405658,7023144,0,0.20,86195488,41635840,14912028672,103825408
1791405663,7007260,0,0.18,86195488,41373696,14912028672,53116928
1791405669,7011056,0,0.16,87542784,37699584,14912024576,145530880
1791405674,7027604,0,0.15,85952888,37629952,14912024576,103047168
1791405679,7030304,0,0.14,85952888,37629952,14912024576,53280768
1791405684,6996364,0,0.21,87453088,36728832,14912020480,146743296
1791405689,7022232,0,0.19,85712848,36728832,14912020480,114614272
1791405694,7024256,0,0.18,85712848,36728832,14912016384,53055488
1791405699,7016252,0,0.16,88008616,36560896,14912012288,149643264
1791405704,7019968,0,0.15,87673864,36560896,14912012288,106790912
1791405709,7034760,0,0.22,86227672,36560896,14912012288,52748288
1791405714,7133396,0,0.28,7212664,4268032,14912012288,52789248
1791405719,7008136,0,0.42,85901712,38211584,14912008192,145952768
1791405724,7028424,0,0.38,84720032,38211584,14912008192,124350464
1791405729,7020020,0,0.35,84720032,37601280,14912008192,52891648
1791405734,6978724,0,0.32,87109424,63963136,14912000000,146046976
1791405739,6993056,0,0.30,85318360,63963136,14912000000,111104000
1791405744,6999448,0,0.27,85318360,63963136,14912000000,52920320
1791405749,6983696,0,0.25,90192056,51740672,14912000000,153464832
1791405754,7000068,0,0.23,87656144,51998720,14912000000,110854144
1791405759,7009816,0,0.21,86332832,51998720,14912000000,53084160
1791405764,7086100,0,0.20,30000872,36782080,14911995904,53317632
1791405770,7011948,0,0.18,87424160,46600192,14911995904,145850368
1791405775,7014664,0,0.16,85743608,46600192,14911995904,111013888
1791405780,7016544,0,0.15,85743608,46477312,14911995904,53088256
1791405785,7011672,0,0.22,87809216,38830080,14911991808,153042944
1791405790,6993964,0,0.20,85986296,38604800,14911991808,110329856
1791405795,7014444,0,0.18,85986296,38604800,14911987712,52985856
1791405800,7019040,0,0.17,88026504,37855232,14911983616,139534336
1791405805,7028332,0,0.16,87762896,37847040,14911983616,96735232
1791405810,7031588,0,0.14,86316704,37847040,14911983616,52793344
1791405815,7058648,0,0.13,78285592,17137664,14911983616,75497472
1791405820,7033784,0,0.12,87878160,34340864,14911979520,140484608
1791405825,7036956,0,0.19,86146720,34340864,14911979520,98004992
1791405830,7036208,0,0.26,86146720,34340864,14911979520,52969472
1791405835,7016100,0,0.40,87725928,32944128,14911979520,151015424
1791405840,7035012,0,0.36,86033120,32944128,14911979520,108408832
1791405845,7039900,0,0.33,86033120,32944128,14911979520,52752384
1791405850,6995020,0,0.31,87017912,32780288,14911971328,146309120
1791405855,7021108,0,0.28,85586032,32780288,14911971328,103358464
1791405860,7031736,0,0.26,85586032,32780288,14911971328,52436992
1791405865,6979972,0,0.24,118508216,69005312,14911967232,145428480
1791405870,6927528,0,0.30,124789128,70639616,14911967232,152379392
1791405875,6931584,0,0.28,124221272,70639616,14911967232,93614080
1791405881,6932560,0,0.25,124221272,70639616,14911967232,92971008
1791405886,6937640,0,0.23,124221272,70635520,14911967232,92971008
1791405891,6937660,0,0.34,124221272,70635520,14911967232,92971008
1791405896,6937412,0,0.32,124221272,70647808,14911967232,92971008
1791405901,6937412,0,0.29,124221272,70647808,14911967232,92971008
1791405906,6937680,0,0.27,124221272,70651904,14911963136,92971008
1791405911,6901568,0,0.33,124221272,70422528,14911963136,92971008
1791405916,6923592,0,0.30,124221272,70340608,14911963136,92971008
1791405921,6935216,0,0.36,124221272,70074368,14911959040,92971008
1791405926,6937152,0,0.33,124355128,68698112,14911959040,92971008
1791405931,6940696,0,0.30,124167144,68698112,14911959040,93376512
1791405936,6943216,0,0.36,124167144,68710400,14911959040,93376512
1791405941,6944832,0,0.41,124167144,68710400,14911959040,92975104
1791405946,6942956,0,0.46,124165000,69058560,14911959040,92975104
1791405951,6940688,0,0.50,124173720,69058560,14911959040,93446144
1791405956,6709708,0,0.54,374843288,111562752,14911954944,109314048
1791405961,6662792,0,0.50,398183936,137519104,14911954944,135573504
1791405966,6737808,0,0.46,319392592,138645504,14911954944,136482816
1791405971,6732628,0,0.42,319047456,138645504,14911954944,136622080
1791405976,6713492,0,0.39,319047456,138653696,14911954944,135516160
1791405981,6720352,0,0.36,319047456,138653696,14911954944,134590464
1791405986,6704720,0,0.33,319799888,138211328,14911950848,134590464
1791405992,6718112,0,0.30,320102592,139321344,14911950848,135184384
1791405997,6721516,0,0.28,319799024,139366400,14911950848,135184384
1791406002,6722700,0,0.25,320017536,140062720,14911950848,134619136
1791406007,6722168,0,0.23,320647064,140804096,14911950848,134963200
1791406012,6726568,0,0.21,320761432,141529088,14911950848,134963200
1791406017,6726100,0,0.20,323292312,142209024,14911950848,134619136
1791406022,6729812,0,0.26,322651088,142782464,14911950848,135667712
1791406027,6732572,0,0.24,322308584,143261696,14911950848,136110080
1791406032,6737184,0,0.22,323565456,144162816,14911950848,135565312
1791406037,6733920,0,0.20,320797928,144773120,14911950848,135557120
1791406042,6740372,0,0.19,320637376,145498112,14911950848,135405568
1791406047,6626648,0,0.25,424908400,164806656,14911938560,137687040
1791406052,6514896,0,0.87,455786896,209092608,14911938560,162148352
1791406057,6465512,0,1.12,469271072,247271424,14911938560,184958976
1791406062,6495800,0,1.43,394107832,255631360,14911938560,200151040
1791406067,6490952,0,1.40,395477800,255500288,14911938560,198930432
1791406072,6492248,0,1.29,396452616,255717376,14911938560,197652480
1791406077,6521500,0,1.18,400460352,256307200,14911938560,198660096
1791406082,6531644,0,1.09,400756016,256016384,14911938560,199008256
1791406087,6534972,0,1.00,397172504,256348160,14911938560,198389760
1791406092,6538152,0,0.92,399608424,256589824,14911934464,198029312
1791406097,6538532,0,0.85,401744800,256937984,14911934464,198119424
1791406103,6542952,0,0.78,400907120,256806912,14911930368,198967296
1791406108,6508312,0,0.72,403933848,257187840,14911930368,199208960
1791406113,6523556,0,0.66,405133576,257372160,14911930368,198705152
1791406118,6525852,0,0.61,411249096,258252800,14911930368,197980160
1791406123,6523988,0,0.56,409073520,258707456,14911930368,198361088
1791406128,6530120,0,0.51,413364664,259223552,14911930368,198361088
1791406133,6530388,0,0.47,412171520,259272704,14911930368,197718016
1791406138,6539932,0,0.51,394439080,258994176,14911930368,197718016
1791406143,6546540,0,0.47,394867368,259362816,14911930368,197718016
1791406148,6538556,0,0.43,420334584,265408512,14911930368,199958528
1791406153,6334956,0,0.48,412362616,312762368,14911926272,199958528
1791406158,6271756,0,0.52,448648040,352878592,14911926272,225189888
1791406163,6241452,0,0.56,434136272,374587392,14911926272,248627200
1791406168,6243168,0,0.51,434076672,374439936,14911926272,261517312
1791406173,6287612,0,0.55,436348672,374689792,14911926272,260055040
1791406178,6332852,0,0.59,442264992,375197696,14911926272,260055040
1791406183,6358384,0,0.54,442926344,375762944,14911926272,260055040
1791406188,6365680,0,0.50,449017112,375930880,14911926272,260743168
1791406193,6360184,0,0.46,451620192,375787520,14911926272,260743168
1791406198,6356036,0,0.42,455796744,375959552,14911922176,260136960
1791406203,6359788,0,0.39,460607336,376082432,14911922176,260825088
1791406209,6355100,0,0.36,466548552,375959552,14911922176,260825088
1791406214,6356156,0,0.33,470567800,376442880,14911922176,260218880
1791406219,6355456,0,0.30,473800400,376840192,14911922176,261431296
1791406224,6354396,0,0.28,474771520,376733696,14911922176,261787648
1791406229,6332084,0,0.25,475201920,376795136,14911922176,261058560
1791406234,6341216,0,0.23,474199888,377229312,14911922176,260714496
1791406239,6384016,0,0.21,427822008,386236416,14911922176,260231168
1791406244,6376668,0,0.44,425046064,375988224,14911922176,260231168
1791406249,6360588,0,0.40,430211704,375496704,14911922176,260231168
1791406254,6306648,0,0.37,512462976,393822208,14911922176,260231168
1791406259,6238780,0,0.42,561848440,430673920,14911922176,276033536
1791406264,6135004,0,0.63,560943072,468570112,14911922176,302067712
1791406269,6002216,0,1.30,574115672,530198528,14911922176,325656576
1791406274,5936048,0,1.52,595010856,569946112,14911922176,348889088
1791406279,5853004,0,1.63,608936992,611717120,14911918080,372502528
1791406284,5810608,0,1.74,607842040,650375168,14911918080,396795904
1791406289,5910088,0,1.76,520134104,662544384,14911918080,419704832
1791406294,5909644,0,1.70,526135992,662769664,14911918080,418168832
1791406299,5950100,0,1.57,529121784,662753280,14911913984,416530432
1791406304,5981040,0,1.44,529460376,662614016,14911913984,416530432
1791406309,5996524,0,1.33,530752696,662753280,14911913984,416530432
1791406314,6003216,0,1.22,533258832,662863872,14911913984,417243136
1791406319,5997460,0,1.12,539777832,663040000,14911913984,417243136
1791406325,6000024,0,1.03,540547464,662847488,14911913984,416612352
1791406330,5993944,0,1.03,548087944,663015424,14911913984,416612352
1791406335,5988456,0,0.95,553843176,663138304,14911913984,417660928
1791406340,5981016,0,0.87,559243696,663379968,14911913984,418066432
1791406345,5974344,0,0.80,561079336,663691264,14911913984,417513472
1791406350,5968864,0,0.74,568815968,663289856,14911913984,417095680
1791406355,5946556,0,0.68,571147400,663826432,14911909888,416600064
1791406360,5957384,0,0.62,575839888,663674880,14911909888,416600064
1791406365,5956012,0,0.57,583052848,664018944,14911909888,416600064
1791406370,5944036,0,0.53,582900976,664768512,14911909888,416600064
1791406375,5941208,0,0.48,591739608,664125440,14911909888,416600064
1791406380,5930876,0,0.52,592215072,665157632,14911909888,416600064
1791406385,5928596,0,0.48,598369552,664518656,14911909888,416600064
1791406390,5925868,0,0.44,603277504,665194496,14911909888,416600064
1791406395,5924016,0,0.41,608029360,665419776,14911909888,416600064
1791406400,5921440,0,0.37,610184176,665047040,14911909888,416600064
1791406405,5917332,0,0.43,613263432,665550848,14911905792,416600064
1791406410,5912620,0,0.47,612252304,665645056,14911901696,416600064
1791406415,5885116,0,0.43,611848352,665677824,14911901696,416600064
1791406420,5908176,0,0.40,609169800,666054656,14911901696,416600064
1791406425,5908564,0,0.37,611910680,665620480,14911901696,417181696
1791406430,5912808,0,0.34,613312216,665841664,14911901696,417181696
1791406435,5917056,0,0.31,613876472,665722880,14911897600,416681984
1791406441,5918464,0,0.28,610462056,665837568,14911897600,416681984
1791406446,5917680,0,0.26,611525144,666058752,14911897600,416681984
1791406451,5898336,0,0.24,612576376,666005504,14911897600,416681984
1791406456,5913668,0,0.22,612908728,665817088,14911897600,416681984
1791406461,5914352,0,0.20,613992440,665743360,14911897600,416681984
1791406466,5912240,0,0.25,614857784,665878528,14911897600,416681984
1791406471,5914860,0,0.22,613912536,665915392,14911897600,416681984
1791406476,5880612,0,0.45,612806232,666021888,14911893504,416681984
1791406481,5900628,0,0.41,613102008,665964544,14911889408,416681984
1791406486,5913524,0,0.38,614000712,665997312,14911889408,416681984
1791406491,5913272,0,0.35,614159032,665706496,14911889408,416681984
1791406496,5912924,0,0.32,614544712,666161152,14911889408,416681984
1791406501,5916208,0,0.29,614830520,665841664,14911889408,416681984
1791406506,5919008,0,0.27,615303976,665849856,14911889408,416681984
1791406511,5919600,0,0.25,614593000,665993216,14911889408,416681984
1791406516,5919060,0,0.31,611240824,665649152,14911889408,416681984
1791406521,5917868,0,0.36,611636344,665923584,14911889408,416681984
1791406526,5914864,0,0.41,611651864,665743360,14911889408,416681984
1791406531,5911780,0,0.38,611326616,665923584,14911881216,416681984
1791406536,5910236,0,0.35,611440680,665788416,14911881216,416681984
1791406541,5889248,0,0.32,611793096,665821184,14911877120,416681984
1791406546,5905296,0,0.30,612447960,666001408,14911877120,416681984
1791406551,5909308,0,0.27,611934280,666017792,14911877120,416681984
1791406556,5909052,0,0.25,614217160,665890816,14911877120,416681984
1791406561,5905428,0,0.23,613641304,666025984,14911877120,416681984
1791406567,5905356,0,0.21,614076152,666058752,14911877120,416681984
1791406572,5912160,0,0.19,615219864,665903104,14911877120,416681984
1791406577,5909604,0,0.18,616888264,666267648,14911877120,416681984
1791406582,5911676,0,0.16,614794392,665976832,14911877120,416681984
1791406587,5908852,0,0.15,615926736,666251264,14911877120,416681984
1791406592,5913676,0,0.14,610536800,665849856,14911877120,417746944
1791406597,5912344,0,0.13,611461568,665710592,14911877120,417746944
1791406602,5885712,0,0.12,622457520,669782016,14911873024,416673792
1791406607,6002064,0,0.19,512481320,683507712,14911873024,416673792
1791406612,5980688,0,0.25,510461944,700362752,14911873024,416673792
1791406617,5985152,0,0.31,511413848,663883776,14911873024,416673792
1791406622,6002960,0,0.29,515443128,663224320,14911873024,416673792
1791406627,5998328,0,0.75,518076896,672489472,14911868928,417173504
1791406632,6003900,0,0.77,523237216,672837632,14911868928,418484224
1791406637,6000764,0,0.79,523403544,672866304,14911868928,419164160
1791406642,5998092,0,0.80,526417864,673476608,14911868928,418992128
1791406647,5997908,0,0.74,530053712,666456064,14911868928,418869248
1791406652,5969292,0,0.68,538869456,701255680,14911868928,421400576
1791406657,5960080,0,0.70,542062792,702050304,14911864832,423972864
1791406662,5933456,0,1.05,547729608,702537728,14911864832,425115648
1791406667,5942936,0,0.96,550712408,704040960,14911864832,424927232
1791406673,5953368,0,0.89,551181568,675262464,14911864832,424415232
1791406678,5884672,0,1.14,570243880,759029760,14911864832,425963520
1791406683,5875332,0,2.33,574453048,759681024,14911864832,429940736
1791406688,5864884,0,4.06,577550912,761110528,14911864832,432574464
1791406693,5859156,0,3.90,584915536,764813312,14911864832,435965952
1791406698,5876472,0,3.58,596348504,694185984,14911864832,452694016
1791406703,5700988,0,5.22,641546632,856424448,14911864832,469053440
1791406708,5665164,0,7.60,639520608,857006080,14911860736,484917248
1791406713,5665536,0,11.80,645341608,858808320,14911856640,477921280
1791406718,5674812,0,11.98,650403928,805822464,14911856640,478482432
1791406723,5791736,0,11.02,649233504,715898880,14911856640,476889088
1791406729,6198968,0,10.21,645314272,22855680,14911856640,482926592
1791406734,6383628,0,9.48,468685424,22585344,14911856640,461295616
1791406739,6297168,0,8.80,570179424,22339584,14911856640,431546368
1791406744,6491780,0,8.17,381072096,22298624,14911856640,378068992
1791406749,6378292,0,7.60,474688344,22122496,14911856640,350773248
1791406754,6575292,0,7.15,298059704,21614592,14911856640,292552704
1791406759,6480976,0,6.74,380327296,21262336,14911852544,264073216
1791406764,6809880,0,6.28,192151200,20713472,14911852544,203440128
1791406769,6945156,0,5.85,139505352,70766592,14911848448,278904832
1791406774,6954972,0,5.39,121716512,70750208,14911848448,188694528
1791406779,6953972,0,4.95,121716512,70750208,14911848448,94154752
1791406784,6947744,0,4.56,121716512,70426624,14911848448,93286400
1791406789,6948192,0,4.19,121716512,70422528,14911844352,93286400
1791406794,6947288,0,3.86,121716512,70430720,14911844352,93286400
1791406799,6950096,0,3.55,121716512,70430720,14911844352,93286400
1791406804,6950096,0,3.26,121716512,70443008,14911844352,93286400
1791406809,6950288,0,3.00,121716512,70443008,14911844352,93286400
1791406814,6950092,0,2.76,121716512,70447104,14911844352,93286400
1791406819,6947712,0,2.54,121716512,70447104,14911844352,93286400
1791406824,6949260,0,2.33,121716512,70463488,14911844352,93286400
1791406829,6949148,0,2.15,121716912,70668288,14911848448,93286400
1791406834,6944820,0,1.98,121716912,70430720,14911848448,93286400
1791406839,6946732,0,1.82,121716912,70430720,14911848448,93286400
1791406845,6932608,0,1.67,121765952,70451200,14911844352,93286400
1791406850,6938060,0,1.54,121765952,70565888,14911844352,93286400
1791406855,6918432,0,1.41,207854104,83156992,14911840256,109133824
1791406860,6743000,0,1.38,331115744,127938560,14911840256,137494528
1791406865,6732844,0,1.27,316209336,136622080,14911840256,137043968
1791406870,6731020,0,1.25,316209336,136617984,14911840256,135901184
1791406875,6714184,0,1.23,316209336,136617984,14911840256,134758400
1791406880,6713432,0,1.21,316209336,136626176,14911840256,134758400
1791406885,6714088,0,1.11,316209336,136626176,14911840256,134758400
1791406890,6723984,0,1.02,316209336,136638464,14911836160,134758400
1791406895,6724764,0,0.94,316209336,136638464,14911836160,134758400
1791406900,6728144,0,0.86,316209336,136646656,14911836160,134758400
1791406905,6727128,0,0.80,316209336,136646656,14911836160,134758400
1791406910,6713604,0,0.73,316209336,136298496,14911836160,134758400
1791406915,6716972,0,0.67,316209336,136298496,14911836160,134758400
1791406920,6719244,0,0.62,316759112,136564736,14911836160,135536640
1791406925,6720684,0,0.57,316102152,136564736,14911836160,135536640
1791406930,6720192,0,0.52,316102152,136577024,14911836160,134742016
1791406935,6719464,0,0.48,316102152,136577024,14911832064,134742016
1791406940,6723272,0,0.52,315144744,136704000,14911832064,134742016
1791406945,6724836,0,0.48,315144744,136704000,14911832064,134742016
1791406950,6548032,0,0.44,478838992,173117440,14911827968,134742016
1791406955,6438008,0,0.49,542022944,203673600,14911827968,158593024
1791406961,6362948,0,1.17,558987648,238194688,14911827968,187445248
1791406966,6402284,0,1.32,422089320,240549888,14911827968,214675456
1791406971,6444156,0,1.21,408676168,240320512,14911823872,216596480
1791406976,6472428,0,1.11,408676168,240320512,14911823872,215150592
1791406981,6491860,0,1.02,408974536,240857088,14911823872,213901312
1791406986,6496300,0,1.02,408704416,240857088,14911823872,214777856
1791406991,6497460,0,1.02,408704416,240857088,14911823872,214777856
1791406996,6498424,0,0.94,408704416,240857088,14911823872,213884928
1791407001,6475400,0,0.86,408704416,240869376,14911823872,213884928
1791407006,6490288,0,0.79,408704416,240869376,14911823872,213884928
1791407011,6494636,0,0.73,408704416,240619520,14911823872,213884928
1791407016,6499568,0,0.67,408704416,240619520,14911823872,213884928
1791407021,6499700,0,0.62,408707264,240361472,14911819776,213884928
1791407026,6498968,0,0.57,408707264,240361472,14911819776,213884928
1791407031,6496080,0,0.52,408707264,240324608,14911815680,213884928
1791407036,6495832,0,0.48,409665064,240861184,14911815680,213884928
1791407041,6553604,0,0.44,406457272,238972928,14911815680,213884928
1791407046,6552264,0,0.40,406457272,238968832,14911815680,213884928
1791407051,6521964,0,0.53,474907712,251932672,14911811584,213884928
1791407056,6374400,0,0.57,534242552,295464960,14911811584,233132032
1791407061,6266688,0,0.77,552156672,328134656,14911811584,260202496
1791407066,6267204,0,0.86,542218768,352739328,14911811584,286711808
1791407072,6336988,0,0.79,487773392,352739328,14911811584,296390656
1791407077,6335736,0,0.73,487773392,352739328,14911811584,294768640
1791407082,6333216,0,0.67,487773392,352755712,14911811584,292982784
1791407087,6332972,0,0.62,487773392,352755712,14911811584,292982784
1791407092,6338692,0,0.57,487773392,352137216,14911807488,292982784
1791407097,6343632,0,0.60,487773392,352083968,14911803392,292982784
1791407102,6342632,0,0.72,487773392,352096256,14911803392,292982784
1791407107,6339860,0,0.74,487773392,352096256,14911803392,292982784
1791407112,6340656,0,0.68,488860592,352366592,14911803392,292982784
1791407117,6344740,0,0.62,487773392,352108544,14911803392,293715968
1791407122,6349188,0,0.57,487773392,352116736,14911803392,293715968
1791407127,6349112,0,0.53,487776240,352116736,14911803392,292966400
1791407132,6335820,0,0.48,487776240,352124928,14911803392,292966400
1791407137,6337784,0,0.45,487776240,352124928,14911803392,292966400
1791407142,6385564,0,0.57,455273496,358830080,14911803392,292966400
1791407147,6367280,0,0.52,456860544,347557888,14911803392,292966400
1791407152,6367032,0,0.48,456860544,347557888,14911799296,292966400
1791407157,6315148,0,0.52,506940632,358846464,14911799296,292966400
1791407162,6210800,0,0.56,574737432,393650176,14911799296,317411328
1791407167,6143900,0,1.00,583406376,426024960,14911799296,346308608
1791407172,6061452,0,1.16,598462696,457707520,14911799296,372928512
1791407177,5969700,0,1.31,611668232,514195456,14911799296,398405632
1791407182,5905792,0,1.52,620865744,546492416,14911795200,425017344
1791407188,5833952,0,1.48,635021080,578953216,14911795200,451952640
1791407193,5806136,0,1.44,651463696,612462592,14911795200,478687232
1791407198,5827360,0,1.33,580703880,618360832,14911795200,494206976
1791407203,5847600,0,1.22,580703880,618360832,14911795200,492642304
1791407208,5904132,0,1.12,580703880,618360832,14911795200,490655744
1791407213,5953376,0,1.11,580703880,618377216,14911795200,490655744
1791407218,5959396,0,1.10,580703880,618139648,14911791104,490655744
1791407223,5971348,0,1.09,580703880,618405888,14911791104,490655744
1791407228,5974088,0,1.09,580703880,618405888,14911791104,490655744
1791407233,5974780,0,1.00,580944112,617963520,14911791104,491446272
1791407238,5970512,0,0.92,580781232,617963520,14911791104,491933696
1791407243,5968372,0,0.85,580781232,617975808,14911791104,491151360
1791407248,5967320,0,0.78,580781232,617975808,14911791104,490663936
1791407253,5970468,0,0.71,580781232,617984000,14911791104,490663936
1791407258,5961144,0,0.66,580781632,617979904,14911791104,490663936
1791407263,5972384,0,0.60,580781632,617996288,14911791104,490663936
1791407268,5973516,0,0.56,580781632,617996288,14911791104,490663936
1791407273,5985284,0,0.59,581109424,635740160,14911791104,490663936
1791407278,5940608,0,0.62,582832296,652644352,14911787008,490663936
1791407283,5951984,0,0.57,579571016,616833024,14911787008,490663936
1791407288,5961424,0,0.53,579571016,616828928,14911787008,490663936
1791407293,6101988,0,0.57,668896416,22794240,14911782912,490663936
1791407299,6391076,0,0.68,442461384,15499264,14911782912,508551168
1791407304,6595912,0,0.71,296172128,15687680,14911782912,422682624
1791407309,6498468,0,0.73,434790368,15548416,14911782912,391446528
1791407314,6726480,0,0.75,295909024,15233024,14911782912,328454144
1791407319,6498408,0,1.25,372410784,15233024,14911782912,296837120
1791407324,6786028,0,1.23,227520424,15335424,14911778816,232808448
1791407329,6796344,0,2.10,173352472,15335424,14911778816,200593408
1791407334,6965788,0,2.17,135599712,71118848,14911774720,237621248
1791407339,6889396,0,2.07,124535440,71135232,14911766528,190500864
1791407344,6916580,0,1.99,124535440,70795264,14911766528,94334976
1791407349,6928876,0,1.83,124535440,71331840,14911766528,93548544
1791407354,6928436,0,1.68,124535440,71331840,14911762432,93548544
1791407359,6928564,0,1.55,124535440,70840320,14911762432,93548544
1791407364,6930304,0,1.42,124535440,71098368,14911762432,93548544
1791407369,6930316,0,1.31,124535440,70832128,14911762432,93548544
1791407374,6931328,0,1.20,124535440,71090176,14911762432,93548544
1791407379,6930712,0,1.11,124535440,71356416,14911762432,93548544
1791407384,6915508,0,1.02,124535440,71356416,14911762432,93548544
1791407389,6924860,0,0.94,124535440,71102464,14911762432,93548544
1791407394,6930224,0,0.86,124864040,69038080,14911758336,93925376
1791407399,6930324,0,0.79,124503384,69054464,14911758336,93925376
1791407404,6929828,0,0.73,124503384,69054464,14911758336,93466624
1791407409,6932812,0,0.67,124503384,69062656,14911758336,93466624
1791407415,6933204,0,0.62,124875008,69496832,14911758336,93925376
1791407420,6911844,0,0.65,159376912,77533184,14911750144,109510656
1791407425,6738516,0,0.76,293491416,121823232,14911750144,136728576
1791407430,6741512,0,0.78,319835752,138350592,14911750144,137420800
1791407435,6742868,0,0.71,317942200,139624448,14911750144,137363456
1791407440,6740528,0,0.66,317942200,139624448,14911750144,136028160
1791407445,6738540,0,0.60,317942200,139636736,14911746048,135118848
1791407450,6737908,0,0.64,317942200,139636736,14911746048,135118848
1791407455,6740220,0,0.66,319140400,139247616,14911746048,135675904
1791407460,6744176,0,0.61,319105024,139575296,14911746048,135675904
1791407465,6752096,0,0.56,319375264,140206080,14911746048,135122944
1791407470,6751108,0,0.52,320155008,141074432,14911746048,135122944
1791407475,6750120,0,0.47,320530136,141676544,14911746048,135639040
1791407480,6713708,0,0.44,321625512,142065664,14911746048,135639040
1791407485,6741004,0,0.40,323147768,143323136,14911746048,135086080
1791407490,6745384,0,0.37,323539184,144044032,14911741952,136105984
1791407495,6755852,0,0.34,324639288,144498688,14911741952,136462336
1791407500,6745412,0,0.31,322511096,145465344,14911741952,136122368
1791407505,6754516,0,0.29,319976000,146022400,14911741952,136151040
1791407510,6753732,0,0.26,320334440,146927616,14911741952,135888896
1791407515,6572512,0,0.24,508373248,175652864,14911741952,136491008
1791407520,6508192,0,0.38,516161984,209932288,14911741952,160722944
1791407525,6476520,0,0.43,532057368,244318208,14911741952,188833792
1791407530,6471568,0,0.48,431335112,253636608,14911741952,215113728
1791407535,6496672,0,0.44,419651808,254554112,14911741952,217485312
1791407541,6465820,0,0.40,419424424,255791104,14911737856,215904256
1791407546,6495832,0,0.37,423522248,258301952,14911737856,214540288
1791407551,6515436,0,0.42,424249552,259878912,14911737856,215531520
1791407556,6505524,0,0.39,422384776,261967872,14911737856,216010752
1791407561,6515368,0,0.36,423362376,263544832,14911737856,215007232
1791407566,6513440,0,0.41,421540968,265371648,14911737856,214962176
1791407571,6514652,0,0.46,421540968,265371648,14911737856,214962176
1791407576,6512132,0,0.42,421540968,265363456,14911737856,214540288
1791407581,6512128,0,0.39,421540968,265363456,14911733760,214540288
1791407586,6511364,0,0.35,421540968,265637888,14911733760,214540288
1791407591,6511124,0,0.37,421540968,265637888,14911733760,214540288
1791407596,6513564,0,0.34,421540968,265650176,14911733760,214540288
1791407601,6499316,0,0.32,421540968,265408512,14911733760,214540288
1791407606,6532200,0,0.29,405420912,263598080,14911733760,214540288
1791407611,6529124,0,0.27,405420912,263593984,14911733760,214540288
1791407616,6520776,0,0.33,446421808,271613952,14911733760,214540288
1791407621,6358976,0,0.62,519013864,317345792,14911733760,234381312
1791407626,6241452,0,0.73,533179768,353996800,14911733760,263094272
1791407631,6244952,0,0.67,536312768,382947328,14911729664,288804864
1791407636,6251288,0,0.62,495034088,386224128,14911729664,296640512
1791407641,6269276,0,0.57,496257912,388489216,14911729664,295297024
1791407646,6287884,0,0.60,493592968,389529600,14911729664,293683200
1791407651,6303672,0,0.55,493592968,389427200,14911725568,293683200
1791407656,6316480,0,0.59,493592968,389427200,14911725568,293683200
1791407662,6316676,0,0.54,493592968,389414912,14911725568,293683200
1791407667,6285572,0,0.50,493592968,389242880,14911725568,293683200
1791407672,6303800,0,0.46,493592968,389234688,14911725568,293683200
1791407677,6315576,0,0.50,493592968,389246976,14911725568,293683200
1791407682,6315776,0,0.54,493415536,388964352,14911725568,294629376
1791407687,6314528,0,0.50,493415536,388976640,14911725568,294629376
1791407692,6315464,0,0.46,493415536,388902912,14911721472,293691392
1791407697,6315832,0,0.42,493415536,388911104,14911721472,293691392
1791407702,6319000,0,0.39,493415536,388902912,14911721472,293691392
1791407707,6342488,0,0.44,459400032,391467008,14911721472,293691392
1791407712,6318900,0,0.48,460579408,385421312,14911721472,293691392
1791407717,6318336,0,0.44,455433104,385142784,14911721472,293691392
1791407722,6334928,0,0.41,493894184,393060352,14911721472,293691392
1791407727,6160600,0,0.62,525393352,434323456,14911717376,322072576
1791407732,6113240,0,0.65,546106384,469168128,14911717376,351404032
1791407737,6089340,0,0.84,561604328,505745408,14911717376,379789312
1791407742,5950504,0,1.01,572061144,564932608,14911717376,406175744
1791407747,5955812,0,1.01,599720656,601812992,14911717376,433045504
1791407752,5856916,0,1.09,601167312,637657088,14911717376,460255232
1791407757,5768032,0,1.08,622618944,672374784,14911717376,487518208
1791407762,5855156,0,0.99,624254336,682516480,14911717376,494661632
1791407767,5852036,0,0.91,625934360,685613056,14911717376,493195264
1791407772,5858476,0,0.84,629205336,689111040,14911717376,491356160
1791407778,5877800,0,0.77,626373560,692207616,14911717376,491356160
1791407783,5885380,0,0.71,626373560,692273152,14911713280,491356160
1791407788,5862824,0,0.65,626373560,691630080,14911713280,491356160
1791407793,5885852,0,0.68,626373560,691134464,14911713280,491356160
1791407798,5890684,0,0.71,626373560,691408896,14911713280,491356160
1791407803,5892000,0,0.73,627125512,691666944,14911713280,491356160
1791407808,5884928,0,0.67,626708152,691671040,14911713280,492167168
1791407813,5891100,0,0.62,626708152,691662848,14911709184,492167168
1791407818,5877632,0,0.57,626708152,691408896,14911709184,491302912
1791407823,5891436,0,0.52,626708152,691654656,14911709184,491302912
1791407828,5894112,0,0.48,626708152,691638272,14911709184,491302912
1791407833,5894236,0,0.44,626708152,691625984,14911709184,491302912
1791407838,5916776,0,0.49,582155440,705691648,14911709184,491302912
1791407843,5888584,0,0.53,585236560,723243008,14911709184,491302912
1791407848,5906844,0,0.49,585142208,686182400,14911709184,491302912
1791407853,5924584,0,0.45,585142208,685981696,14911709184,491302912
1791407858,6392564,0,0.49,457171360,15863808,14911705088,498180096
1791407863,6307608,0,0.69,545666368,16035840,14911700992,504373248
1791407868,6457844,0,0.72,388365520,15929344,14911700992,441409536
1791407873,6254044,0,0.82,529356032,16019456,14911700992,409104384
1791407878,6619196,0,0.83,372580584,15998976,14911700992,346222592
1791407883,6689456,0,0.85,217453424,15499264,14911700992,314605568
1791407889,6550788,0,0.86,351075704,15671296,14911700992,250556416
1791407894,6838312,0,0.87,154371992,15511552,14911700992,185180160
1791407899,6926448,0,1.04,134755216,67817472,14911696896,244674560
1791407904,6725128,0,1.04,372159856,105574400,14911696896,254107648
1791407909,6462044,0,1.12,463031688,147742720,14911696896,284782592
1791407914,6602548,0,1.11,299383720,127496192,14911692800,305909760
1791407919,6772224,0,1.10,168507272,116674560,14911692800,317861888
1791407924,6809428,0,1.01,159934608,110141440,14911692800,232493056
1791407929,6893884,0,0.93,77469896,108793856,14911692800,139644928
1791407934,6663780,0,1.01,372797504,141475840,14911684608,218394624
1791407939,6387108,0,1.09,496666312,150556672,14892380160,285409280
1791407944,6509008,0,1.01,323903520,128827392,14892380160,306151424
1791407949,6767404,0,0.92,199749432,119832576,14892380160,313970688
1791407954,6768560,0,0.93,156364016,118632448,14892376064,217706496
1791407959,6836632,0,0.94,176809464,127262720,14892290048,135479296
1791407964,6537588,0,0.94,487010536,161480704,14892273664,219033600
1791407969,6332412,0,0.87,514095512,159903744,14892273664,285986816
1791407974,6452240,0,1.76,371702840,135331840,14892273664,327540736
1791407979,6686016,0,1.86,189733256,127295488,14892273664,353771520
1791407984,6763176,0,1.71,138122384,125313024,14892273664,228622336
1791407989,6528844,0,1.65,480845240,161013760,14892273664,208109568
1791407994,6279080,0,1.60,573595288,167989248,14891237376,276787200
1791408000,6143920,0,1.55,453610904,145256448,14732345344,330293248
1791408005,6616252,0,1.67,212664240,128245760,14696579072,349392896
1791408010,6714048,0,1.61,133140328,123932672,14698143744,293048320
1791408015,6594396,0,1.56,291761448,147214336,14698139648,155815936
1791408020,6366428,0,1.52,476794704,168902656,14698139648,294096896
1791408025,6195164,0,1.56,478191848,144973824,14697713664,411381760
1791408030,6624192,0,1.59,258964272,133513216,14697713664,289398784
1791408035,6817740,0,1.63,154799248,132210688,14697734144,269725696
1791408040,6847812,0,1.50,199170368,137375744,14697734144,259559424
1791408045,6573512,0,1.54,469400056,175616000,14697734144,254763008
1791408050,6517100,0,1.49,386623952,155516928,14697734144,294326272
1791408055,6668620,0,1.37,267634680,139206656,14697705472,313364480
1791408060,6450644,0,1.34,319379080,136667136,14697701376,204107776
1791408065,6695608,0,1.32,206786216,128081920,14697701376,183111680
1791408070,6416732,0,1.29,489827960,158052352,14697697280,270929920
1791408075,6364036,0,1.43,425376176,166547456,14697697280,333139968
1791408080,6235584,0,1.47,525527368,142016512,14697717760,324739072
1791408085,6634008,0,1.76,245823928,137494528,14697713664,347762688
1791408090,6730468,0,2.18,161419344,133091328,14697713664,379711488
1791408095,6689068,0,2.08,302098104,152600576,14697713664,165363712
1791408100,6438368,0,2.00,436654208,178589696,14697713664,291831808
1791408105,6531556,0,1.83,326672544,153362432,14697713664,313712640
1791408111,6761592,0,1.77,199910016,139952128,14697713664,332148736
1791408116,6808108,0,1.63,156482640,135958528,14697713664,256593920
1791408121,6877244,0,1.50,100343256,133300224,14697709568,157720576
1791408126,6629392,0,1.46,401601408,162291712,14697709568,228413440
1791408131,6391920,0,1.42,477025680,165691392,14697709568,293449728
1791408136,6597620,0,1.47,305249360,150433792,14697709568,314916864
1791408141,6740224,0,1.43,188061872,138235904,14697709568,346329088
1791408146,6751360,0,1.39,132314520,133730304,14697709568,217387008
1791408151,6666796,0,1.36,375896448,152555520,14697709568,175718400
1791408156,6400708,0,1.41,483941472,168284160,14697709568,253767680
1791408161,6305960,0,1.46,449785408,158986240,14697705472,308097024
1791408166,6627448,0,1.58,292691744,139591680,14697705472,313860096
1791408171,6749364,0,1.41,184121680,136650752,14697705472,306307072
1791408176,6762724,0,1.38,166848520,141008896,14697701376,195604480
1791408181,6566308,0,1.35,399342640,169996288,14697701376,253083648
1791408186,6387864,0,1.32,448294232,170889216,14697701376,313217024
1791408191,6539156,0,1.30,300040896,146165760,14697701376,330903552
1791408196,6756580,0,1.19,192978896,138055680,14697701376,324825088
1791408201,6772508,0,1.10,153688336,135958528,14697701376,223113216
1791408206,6757984,0,1.09,272947488,142807040,14697701376,145825792
1791408211,6420816,0,1.08,520823640,176865280,14697701376,227532800
1791408216,6205808,0,1.15,538184424,167686144,14697701376,298676224
1791408221,6467020,0,1.06,346429920,143482880,14697701376,316399616
1791408227,6760352,0,0.98,192593344,138563584,14697693184,325238784
1791408232,6769684,0,0.90,137846784,132538368,14697693184,232443904
1791408237,6620784,0,0.91,374871840,169836544,14697689088,230879232
1791408242,6323128,0,0.83,503522024,171864064,14697689088,299208704
1791408247,6494404,0,0.85,338193848,151277568,14697689088,316817408
1791408252,6720720,0,0.86,200467368,138989568,14697689088,325210112
1791408257,6742640,0,0.87,156789424,137048064,14697684992,235196416
1791408262,6719108,0,0.88,298667488,152256512,14697684992,146849792
1791408267,6405308,0,0.97,455377176,177971200,14697684992,302399488
1791408272,6218980,0,0.89,453834624,167137280,14697684992,302399488
1791408277,6396108,0,0.82,325833784,146296832,14697684992,316542976
1791408282,6695748,0,0.76,194198056,138309632,14697684992,325238784
1791408287,6734964,0,0.78,138599872,132153344,14697680896,235196416
1791408292,6585152,0,0.95,296741672,155095040,14697680896,145092608
1791408297,6408592,0,0.88,478735880,177614848,14697680896,295702528
1791408302,6549588,0,0.97,294037936,153530368,14697680896,316416000
1791408307,6739188,0,0.89,175061960,140451840,14697680896,325304320
1791408312,6814964,0,0.82,158618312,137564160,14697680896,227934208
1791408317,6875112,0,0.83,92729792,134209536,14697680896,145272832
1791408322,6619148,0,0.85,417135616,166105088,14697680896,228155392
1791408327,6381312,0,0.86,503127984,172490752,14697680896,295686144
1791408332,6553608,0,0.87,329077808,150421504,14697680896,316727296
1791408338,6780504,0,0.88,200994784,139464704,14697680896,325836800
1791408343,6785772,0,0.81,156566392,136282112,14697680896,230674432
1791408348,6719820,0,0.83,274905272,145940480,14697680896,145301504
1791408353,6452276,0,0.84,451976848,177504256,14697680896,228302848
1791408358,6212772,0,0.77,537907968,168407040,14697684992,296263680
1791408363,6480504,0,0.71,333233592,145162240,14697684992,316710912
1791408368,6753268,0,0.65,192935696,139571200,14697684992,325672960
1791408373,6758004,0,0.68,142406576,136937472,14697684992,230674432
1791408378,6616360,0,0.71,342271472,153907200,14697684992,145678336
1791408383,6352160,0,0.73,480071264,177627136,14697680896,296644608
1791408388,6526472,0,0.67,298798240,154173440,14697680896,317005824
1791408393,6731956,0,0.62,183012120,140820480,14697680896,330952704
1791408398,6770188,0,0.57,159214040,138543104,14697680896,233283584
1791408403,6831228,0,0.52,87082136,135630848,14697680896,150851584
1791408408,6585364,0,0.56,373815672,167251968,14697680896,218865664
1791408413,6294556,0,0.52,521434600,173940736,14697680896,295890944
1791408418,6413984,0,0.47,392748592,151760896,14697680896,314900480
1791408423,6716904,0,0.44,211640160,140500992,14697680896,326062080
1791408428,6758808,0,0.40,156028120,137752576,14697680896,260284416
1791408433,6811068,0,0.37,202584552,148836352,14697680896,148410368
1791408438,6531004,0,0.42,504647576,182489088,14697680896,226471936
1791408443,6226436,0,0.47,531867760,171118592,14697676800,300621824
1791408449,6469400,0,0.43,340812248,145551360,14697676800,316882944
1791408454,6739676,0,0.39,201592672,139481088,14697676800,326451200
1791408459,6751484,0,0.36,142638824,136941568,14697676800,231542784
1791408464,6739368,0,0.33,289723152,149970944,14697676800,146165760
1791408469,6461696,0,0.39,475784128,178839552,14697676800,296628224
1791408474,6474592,0,0.36,325735144,170074112,14697676800,315785216
1791408479,6778400,0,0.33,149068712,147283968,14697676800,326807552
1791408484,6799520,0,0.30,163283664,139513856,14697676800,264445952
1791408489,6863912,0,0.36,93681320,136978432,14697676800,150736896
1791408494,6671600,0,0.57,271790152,161681408,14697676800,218308608
1791408499,6414800,0,0.60,498627464,178728960,14697676800,292941824
1791408504,6563292,0,0.55,352623216,154968064,14697672704,315912192
1791408509,6784036,0,0.51,183569240,141275136,14697672704,328577024
1791408514,6811028,0,0.47,159680776,139980800,14697672704,258379776
1791408519,6856332,0,0.43,95180952,132165632,14697672704,148451328
1791408524,6594448,0,0.48,412272120,166998016,14697672704,219410432
1791408529,6394324,0,0.52,520536896,174321664,14697672704,299159552
1791408534,6419912,0,0.64,399255176,151298048,14697672704,315457536
1791408539,6758812,0,0.75,208291680,140877824,14697672704,326688768
1791408544,6767512,0,0.69,161141664,138620928,14697668608,263319552
1791408549,6677500,0,0.63,351559512,156913664,14697668608,151605248
1791408554,6407204,0,0.66,468539944,180199424,14697668608,297422848
1791408559,6599580,0,0.61,283314376,154574848,14697668608,317698048
1791408565,6798624,0,0.56,178656576,142397440,14697664512,326889472
1791408570,6798916,0,0.52,159714048,139370496,14697664512,231849984
1791408575,6859944,0,0.47,101946720,138104832,14697664512,149241856
1791408580,6630948,0,0.52,418025632,167940096,14697664512,230391808
1791408585,6378380,0,0.56,505418496,173211648,14697664512,297373696
1791408590,6573344,0,0.51,328176088,149815296,14697664512,319238144
1791408595,6749796,0,0.47,206444824,141287424,14697660416,330002432
1791408600,6777120,0,0.43,164580000,137519104,14697660416,233840640
1791408605,6795292,0,0.48,233529472,150327296,14697660416,151343104
1791408610,6477548,0,0.68,554573288,184000512,14697660416,232108032
1791408615,6239880,0,0.71,539361384,171098112,14697660416,297684992
1791408620,6478204,0,0.65,341402464,147234816,14697660416,318013440
1791408625,6758732,0,0.68,194936120,139882496,14697656320,327225344
1791408630,6773880,0,0.62,141751744,135004160,14697656320,234676224
1791408635,6671020,0,0.57,371158976,164990976,14697652224,147107840
1791408640,6357092,0,0.69,477099184,180117504,14697652224,297635840
1791408645,6579664,0,0.63,300563288,155680768,14697652224,317992960
1791408650,6742412,0,0.66,191864928,143347712,14697652224,348643328
1791408655,6762612,0,0.61,158172328,141369344,14697644032,241225728
1791408660,6774256,0,0.56,225407648,145719296,14697644032,173793280
1791408665,6466600,0,0.68,514223912,179499008,14697644032,251084800
1791408670,6314536,0,0.62,483297056,174379008,14697644032,315699200
1791408675,6459344,0,0.57,325741168,150536192,14697644032,334311424
1791408680,6659468,0,0.53,199082448,140886016,14697639936,336986112
1791408686,6732668,0,0.48,132075592,139513856,14697639936,228962304
1791408691,6604200,0,0.68,470227008,172417024,14697639936,194650112
1791408696,6503912,0,0.71,373563552,175312896,14697639936,269930496
1791408701,6646288,0,0.65,253709824,153804800,14697639936,316100608
1791408706,6788296,0,0.68,176218360,142643200,14697639936,308244480
1791408711,6853768,0,0.63,108085912,138801152,14697639936,183762944
1791408716,6635744,0,0.58,339517520,155983872,14697639936,183762944
1791408721,6384804,0,0.69,496957872,181170176,14697639936,298790912
1791408726,6476932,0,0.71,360816896,156868608,14697639936,316829696
1791408731,6755396,0,0.74,184480936,142950400,14697639936,329097216
1791408736,6778576,0,0.68,161251472,140832768,14697639936,261894144
1791408741,6830252,0,0.62,94188480,138608640,14697639936,149696512
1791408746,6594304,0,0.57,372964192,169603072,14697639936,226541568
1791408751,6371244,0,0.61,513301624,175714304,14697635840,302145536
1791408756,6541612,0,0.66,332454560,150970368,14697635840,318730240
1791408761,6779200,0,0.61,204889824,142454784,14697635840,327438336
1791408766,6796152,0,0.56,157540504,140054528,14697635840,232742912
1791408771,6831996,0,0.60,194453584,149590016,14697631744,147841024
1791408776,6531308,0,0.63,502493352,182747136,14697631744,230604800
1791408781,6217424,0,0.66,579107744,169267200,14697627648,298086400
1791408786,6463388,0,0.69,393223424,151019520,14697627648,337580032
1791408791,6685528,0,0.63,195388400,141623296,14697627648,364199936
1791408797,6790280,0,0.66,147141440,143196160,14697623552,242184192
1791408802,6523392,0,1.01,377824800,177459200,14697623552,266186752
1791408807,6487948,0,0.93,373046952,180756480,14697619456,316448768
1791408812,6365304,0,0.93,308314968,156057600,14697619456,316448768
1791408817,6753776,0,0.86,158973768,142397440,14697619456,297185280
1791408822,6823296,0,0.79,84470056,137637888,14697619456,157970432
1791408827,6601556,0,0.81,365255616,167784448,14697619456,228319232
1791408832,6341384,0,0.90,498916672,177967104,14697619456,298594304
1791408837,6572480,0,0.99,321523984,152842240,14697619456,319119360
1791408842,6757096,0,0.99,207586440,144642048,14697619456,330797056
1791408847,6787940,0,0.91,161501240,140652544,14697611264,234283008
1791408852,6747108,0,0.92,297474056,155648000,14697611264,153223168
1791408857,6434988,0,0.93,443090112,180400128,14697611264,306257920
1791408862,6248988,0,0.85,525283704,169222144,14697611264,306257920
1791408867,6471096,0,0.78,350590168,152526848,14697611264,318619648
1791408872,6686020,0,0.72,195061568,142282752,14697611264,325894144
1791408877,6716324,0,0.66,168456632,142442496,14697611264,234876928
1791408882,6612456,0,0.77,389519456,173592576,14697611264,239689728
1791408887,6461832,0,0.71,404218800,172724224,14697611264,297234432
1791408892,6618836,0,3.53,253962472,149389312,14697611264,314359808
1791408897,6768480,0,3.65,240856208,150867968,14697611264,306573312
1791408903,6745348,0,3.84,192151344,143577088,14697611264,224722944
1791408908,6870420,0,3.53,113084288,143257600,14697611264,166973440
1791408913,6603900,0,3.33,432095976,174751744,14697611264,246243328
1791408918,6287048,0,3.14,560001744,169443328,14697611264,299233280
1791408923,6500792,0,2.89,329460080,156676096,14697611264,338165760
1791408928,6719264,0,2.66,207291512,143040512,14697611264,356954112
1791408933,6780732,0,2.45,124617800,139415552,14697611264,240398336
1791408938,6665868,0,2.41,396450600,163901440,14697611264,179720192
1791408943,6482672,0,2.30,426458560,179720192,14697611264,316841984
1791408948,6638440,0,2.19,280255056,157470720,14697607168,334503936
1791408953,6761152,0,2.18,184317408,144224256,14697607168,328564736
1791408958,6796640,0,2.08,145734096,142450688,14697607168,232714240
1791408963,6772044,0,1.91,196610928,143007744,14697607168,171868160
1791408968,6554512,0,1.84,479990480,185479168,14697607168,254242816
1791408973,6319056,0,1.69,475419200,173469696,14697603072,318296064
1791408978,6568408,0,1.64,307762688,148746240,14697603072,335785984
1791408983,6779892,0,1.51,189792496,143450112,14697603072,330870784
1791408988,6797180,0,1.39,155737640,137543680,14697603072,227250176
1791408993,6806212,0,1.27,232446560,148369408,14697603072,149524480
1791408998,6491016,0,1.25,555395120,185311232,14697603072,227475456
1791409003,6258908,0,1.15,538590488,174661632,14697603072,301293568
1791409008,6452908,0,1.06,371135632,149749760,14697598976,320380928
1791409013,6737916,0,0.97,205752120,143622144,14697598976,332750848
1791409018,6767172,0,0.90,142465352,140627968,14697598976,250187776
1791409024,6562276,0,0.90,307923808,156934144,14697598976,152686592
1791409029,6371932,0,0.91,482811160,181903360,14697598976,299954176
1791409034,6534740,0,0.84,321631688,157945856,14697598976,320139264
1791409039,6734720,0,0.77,182945864,145338368,14697598976,329129984
1791409044,6781028,0,0.71,162328976,143159296,14697598976,239091712
1791409049,6862816,0,0.73,106119840,140857344,14697598976,148967424
1791409054,6587512,0,0.75,431604648,176353280,14697598976,231579648
1791409059,6303804,0,0.69,513014840,178118656,14697598976,299507712
1791409064,6440284,0,1.92,357058984,150278144,14697598976,319975424
1791409069,6750404,0,2.09,206545856,143396864,14697598976,328916992
1791409074,6760068,0,2.00,159210472,141488128,14697598976,241598464
1791409079,6789836,0,2.08,223264768,145551360,14697590784,148938752
1791409084,6486908,0,2.63,528507800,181477376,14697590784,229982208
1791409089,6213668,0,2.42,538232432,174383104,14697590784,301522944
1791409094,6516364,0,2.23,335611368,148590592,14697590784,319881216
1791409099,6787692,0,2.05,201640856,143372288,14697590784,328855552
1791409104,6793432,0,1.89,145029856,140353536,14697590784,231854080
1791409109,6700768,0,1.73,348640280,158019584,14697590784,149155840
1791409114,6406356,0,1.67,473600872,184328192,14697590784,300003328
1791409119,6584036,0,1.54,298768360,160092160,14697590784,320585728
1791409124,6769596,0,1.42,175760976,144019456,14697590784,329437184
1791409129,6784632,0,1.30,162679688,143802368,14697590784,239513600
1791409135,6852168,0,1.20,83878264,140574720,14697590784,149377024
1791409140,6615316,0,1.18,369377792,170156032,14697590784,232099840
1791409145,6397368,0,1.25,498297016,179400704,14697590784,299589632
1791409150,6556804,0,1.23,325622720,154611712,14697578496,320483328
1791409155,6747464,0,1.13,210143872,145719296,14697578496,330682368
1791409160,6792452,0,1.04,161910304,143818752,14697578496,234287104
1791409165,6804172,0,0.96,233395488,152805376,14697578496,151912448
1791409170,6474000,0,0.96,558653544,188092416,14697578496,232185856
1791409175,6255044,0,0.88,538608512,174997504,14697578496,300101632
1791409180,6432924,0,0.89,356672672,150331392,14697578496,320835584
1791409185,6712148,0,0.90,208391080,144490496,14697578496,331771904
1791409190,6749620,0,0.83,142715864,141422592,14697574400,247537664
1791409195,6630720,0,0.84,384334864,177156096,14697574400,237793280
1791409200,6328672,0,0.86,503699408,179097600,14697574400,307519488
1791409205,6495336,0,0.87,338263888,153292800,14697574400,321282048
1791409210,6750888,0,0.88,204793256,145231872,14697574400,329859072
1791409215,6774320,0,0.81,161277192,143273984,14697574400,237469696
1791409220,6807208,0,0.74,216817344,146223104,14697574400,149897216
1791409225,6464872,0,0.76,529181680,183087104,14697574400,233127936
1791409230,6165796,0,0.86,583219024,172777472,14697570304,301096960
1791409235,6462120,0,1.19,389795024,153378816,14697570304,341110784
1791409240,6693660,0,1.10,190117080,144924672,14697570304,367210496
1791409245,6775168,0,1.09,148191376,147402752,14697570304,245571584
1791409250,6514236,0,1.08,375391824,178827264,14697570304,267456512
1791409256,6476356,0,1.08,366802000,180318208,14697570304,319275008
1791409261,6250840,0,0.99,414327832,154710016,14697566208,319275008
1791409266,6708800,0,0.91,233278008,147578880,14697566208,338333696
1791409271,6740316,0,0.84,155722880,143376384,14697566208,307773440
1791409276,6550740,0,0.77,325670272,161931264,14697566208,166612992
1791409281,6400448,0,0.79,497377136,184729600,14697566208,307073024
1791409286,6578908,0,0.72,327616888,160899072,14697566208,322265088
1791409291,6754648,0,0.75,195785096,148787200,14697562112,334712832
1791409296,6810052,0,0.77,161897712,145690624,14697562112,245473280
1791409301,6858652,0,0.79,110841672,145879040,14697562112,155148288
1791409306,6609708,0,0.88,436317952,180748288,14697562112,233127936
1791409311,6322452,0,0.89,514141592,180736000,14697562112,301355008
1791409316,6466924,0,0.90,366840104,155561984,14697562112,321691648
1791409321,6744028,0,0.83,192008504,146997248,14697562112,349421568
1791409326,6753552,0,0.76,155980592,143642624,14697562112,249077760
1791409331,6636660,0,0.70,414835048,167866368,14697562112,174395392
1791409336,6420320,0,0.73,440417528,184754176,14697562112,318312448
1791409341,6562064,0,0.67,277136752,162078720,14697562112,337149952
1791409346,6726652,0,0.61,193574648,149135360,14697558016,339038208
1791409351,6781248,0,0.67,152859800,146829312,14697558016,235102208
1791409356,6771288,0,0.69,236608248,151474176,14697558016,195956736
1791409361,6468044,0,0.72,535193600,185270272,14697558016,274513920
1791409366,6403504,0,0.66,411091384,177139712,14697558016,320520192
1791409371,6567776,0,0.69,234445584,154689536,14697558016,339034112
1791409377,6704348,0,0.63,173191960,147234816,14697558016,310366208
1791409382,6754488,0,0.58,120700600,141504512,14697558016,191660032
1791409387,6674756,0,0.62,372038136,169459712,14697558016,185954304
1791409392,6399444,0,0.57,569642504,184688640,14697558016,271581184
1791409397,6359920,0,0.76,439647392,161665024,14697553920,319311872
1791409402,6759224,0,0.70,210819464,149651456,14697553920,337666048
1791409407,6772300,0,0.64,175388840,146178048,14697553920,303030272
1791409412,6801092,0,0.75,141127368,148725760,14697553920,164442112
1791409417,6553004,0,0.93,485792624,180019200,14697553920,204627968
1791409422,6309612,0,0.86,564734688,180899840,14697553920,281251840
1791409427,6282048,0,0.79,453320744,156684288,14697553920,320016384
1791409432,6704456,0,0.73,222309328,148545536,14697553920,337285120
1791409437,6784552,0,0.67,156588728,145387520,14697553920,296919040
1791409442,6756380,0,0.69,292223280,152289280,14697553920,162426880
1791409447,6498004,0,0.72,448097464,192864256,14697553920,298225664
1791409452,6303424,0,0.66,424092536,174620672,14697545728,298225664
1791409457,6377308,0,0.61,371933224,150257664,14697545728,320577536
1791409462,6698008,0,0.56,203313944,148680704,14697545728,354004992
1791409467,6722416,0,0.51,151876128,145350656,14697545728,249802752
1791409472,6624348,0,1.03,369074400,173703168,14697545728,236404736
1791409477,6368176,0,0.95,485668928,178728960,14697545728,301260800
1791409482,6505052,0,0.87,311709776,158838784,14697545728,321077248
1791409487,6706296,0,0.97,219857600,150671360,14697545728,332357632
1791409492,6761280,0,0.89,172822072,148148224,14697541632,242696192
1791409498,6780168,0,0.90,244079952,160190464,14697541632,160874496
1791409503,6455584,0,0.91,562563640,192266240,14697541632,239505408
1791409508,6228016,0,0.83,541365608,178204672,14697541632,302829568
1791409513,6465336,0,1.09,352178072,154460160,14697541632,322613248
1791409518,6729824,0,1.00,203103312,147800064,14697541632,333897728
1791409523,6778472,0,0.92,145268704,145539072,14697541632,241377280
1791409528,6597700,0,1.01,304737696,164323328,14697537536,153808896
1791409533,6379624,0,1.25,481457640,187727872,14697533440,303149056
1791409538,6560304,0,1.15,315755928,163258368,14697533440,322961408
1791409543,6762432,0,1.05,185462296,151289856,14697533440,331739136
1791409548,6788936,0,0.97,166663088,146767872,14697533440,236650496
1791409553,6861212,0,0.89,109143136,146350080,14697533440,151400448
1791409558,6598276,0,1.22,428938704,179159040,14697533440,234340352
1791409563,6309924,0,1.12,516408896,182849536,14697533440,302714880
1791409568,6463900,0,1.27,343210280,157401088,14697529344,322711552
1791409573,6738536,0,1.17,208544576,149766144,14697529344,331747328
1791409578,6775088,0,1.08,163340128,147247104,14697529344,236859392
1791409583,6755756,0,1.07,246226576,161128448,14697529344,151552000
1791409588,6451236,0,1.06,542713944,196395008,14697529344,234344448
1791409593,6247892,0,0.98,496439424,178552832,14697529344,301981696
1791409598,6386104,0,0.90,380701808,154288128,14697529344,322924544
1791409603,6750748,0,0.91,209238208,148844544,14697529344,334106624
1791409608,6764628,0,0.84,151719816,145297408,14697529344,259575808
1791409614,6568364,0,0.85,340580216,163536896,14697529344,156463104
1791409619,6403448,0,0.86,484839064,188108800,14697529344,306364416
1791409624,6510700,0,0.79,326266352,163950592,14697529344,322408448
1791409629,6711808,0,0.73,189671144,151744512,14697529344,333647872
1791409634,6752016,0,0.75,165270968,147873792,14697529344,244416512
1791409639,6842944,0,0.69,111575840,148221952,14697525248,154263552
1791409644,6595644,0,0.79,429524936,179888128,14697521152,234655744
1791409649,6339960,0,0.81,517024208,183037952,14697521152,302460928
1791409654,6508340,0,0.91,347382936,157253632,14697521152,323198976
1791409659,6760664,0,0.91,208417960,149233664,14697521152,332304384
1791409664,6790388,0,0.84,162795040,147013632,14697521152,239841280
1791409669,6806016,0,0.77,226378992,151801856,14697521152,152002560
1791409674,6496708,0,0.87,540146256,184426496,14697521152,232939520
1791409679,6257256,0,0.88,532191568,179433472,14697521152,304549888
1791409684,6470100,0,0.89,354323304,153739264,14697521152,322871296
1791409689,6787740,0,0.90,198993488,148893696,14697521152,331919360
1791409694,6804196,0,0.83,148297936,146690048,14697521152,242249728
1791409699,6702220,0,0.84,351320696,163946496,14697517056,152014848
1791409704,6362380,0,0.86,470482272,188194816,14697512960,303071232
1791409709,6437404,0,0.87,307085584,168239104,14697512960,342089728
1791409714,6723252,0,0.88,208818384,152518656,14697512960,361062400
1791409719,6815172,0,0.81,132048464,147869696,14697512960,247279616
1791409724,6779608,0,0.74,230247432,160362496,14697512960,202100736
1791409730,6508012,0,0.76,504800664,194174976,14697512960,267591680
1791409735,6433508,0,0.78,415109720,178343936,14697512960,321372160
1791409740,6680364,0,0.72,231078368,155803648,14697508864,340140032
1791409745,6762024,0,0.66,182871760,148959232,14697508864,303226880
1791409750,6791652,0,0.61,140606120,146317312,14697508864,194400256
1791409755,6698052,0,0.56,344380560,162611200,14697508864,169635840
1791409760,6424108,0,0.68,584418336,189132800,14697504768,253005824
1791409765,6221828,0,0.78,521495112,165224448,14697504768,320405504
1791409770,6554440,0,0.80,328044480,151023616,14697504768,339107840
1791409775,6731376,0,0.73,183977504,148750336,14697504768,333213696
1791409780,6754628,0,0.68,141356680,145571840,14697504768,220545024
1791409785,6612252,0,0.70,367508480,174817280,14697504768,240701440
1791409790,6452112,0,0.89,457522736,180043776,14697504768,302882816
1791409795,6601244,0,0.81,288469824,164249600,14697504768,340066304
1791409800,6681908,0,0.75,222725360,150142976,14697504768,344686592
1791409805,6769556,0,0.69,139445896,146497536,14697500672,227405824
1791409810,6738760,0,0.63,321723616,159281152,14697500672,188493824
1791409815,6436772,0,0.66,583755256,190197760,14697500672,256114688
1791409820,6308692,0,0.61,517114296,165679104,14697500672,321212416
1791409825,6530128,0,0.72,321187080,149839872,14697496576,339292160
1791409830,6744608,0,0.82,186298800,148639744,14697496576,335314944
1791409835,6764664,0,0.76,137674024,145010688,14697496576,217231360
1791409840,6549128,0,0.78,349621832,179298304,14697496576,252112896
1791409845,6402248,0,0.80,455702200,184856576,14697496576,320933888
1791409851,6569816,0,0.73,301107688,161947648,14697496576,340652032
1791409856,6754052,0,0.67,192394504,153882624,14697496576,339951616
1791409861,6775528,0,0.62,160920552,148320256,14697492480,236285952
1791409866,6829004,0,0.57,168227808,150614016,14697492480,153440256
1791409871,6545148,0,0.60,488409040,183599104,14697492480,233017344
1791409876,6275844,0,0.80,525720504,183230464,14697492480,303620096
1791409881,6471768,0,0.81,355223392,155004928,14697492480,324100096
1791409886,6741992,0,0.83,205846120,150089728,14697492480,333529088
1791409891,6741080,0,0.76,154276208,146944000,14697488384,240996352
1791409896,6718356,0,0.70,290905544,156602368,14697488384,153481216
1791409901,6459552,0,0.72,460264472,190078976,14697488384,305356800
1791409906,6585140,0,0.75,284967256,180699136,14697488384,305356800
1791409911,6757832,0,0.69,154235936,157990912,14697488384,324001792
1791409916,6789668,0,0.79,168262344,150974464,14697488384,248307712
1791409921,6866068,0,0.73,87359512,147316736,14697488384,153296896
1791409926,6650408,0,0.67,328148568,177684480,14697488384,236855296
1791409931,6372912,0,0.70,495757048,188358656,14697488384,305242112
1791409936,6518696,0,0.64,346735608,163753984,14697488384,324923392
1791409941,6741136,0,0.67,191966968,155250688,14697484288,333713408
1791409946,6758596,0,0.70,165369456,148430848,14697484288,248434688
1791409951,6829012,0,0.75,168868592,151412736,14697480192,153358336
1791409956,6525596,0,0.77,495545176,187711488,14697480192,236249088
1791409961,6243460,0,0.79,535203656,185663488,14697480192,304410624
1791409967,6374624,0,0.72,369769600,155729920,14697480192,325459968
1791409972,6712676,0,0.67,210179824,150900736,14697480192,334536704
1791409977,6757148,0,0.61,150797464,147431424,14697476096,248692736
1791409982,6688252,0,0.64,340441632,160694272,14697476096,153444352
1791409987,6440288,0,0.67,476315808,190820352,14697476096,304222208
1791409992,6493836,0,1.26,319624808,167911424,14697476096,324739072
1791409997,6755816,0,1.40,184923144,152498176,14697476096,336109568
1791410002,6768684,0,1.45,166276816,148697088,14697476096,251011072
1791410007,6852716,0,1.33,88076112,144826368,14697476096,156049408
1791410012,6590320,0,1.39,382021808,181702656,14697476096,237080576
1791410017,6311952,0,1.27,511718112,185696256,14697476096,305659904
1791410022,6476112,0,1.17,365509800,166817792,14697476096,343404544
1791410027,6704112,0,1.08,201337352,153419776,14697476096,361619456
1791410032,6771644,0,1.07,127468512,146227200,14697476096,258166784
1791410037,6673528,0,1.07,359951152,164925440,14697476096,163569664
1791410042,6366212,0,1.54,471894192,190529536,14697472000,315592704
1791410047,6587784,0,1.42,298115984,164745216,14697472000,323125248
1791410052,6746392,0,1.30,179539720,151318528,14697472000,333770752
1791410057,6755132,0,1.20,166340208,151011328,14697472000,239128576
1791410062,6809924,0,1.10,158965240,148127744,14697463808,155013120
1791410067,6550076,0,1.09,475779056,179060736,14697463808,239575040
1791410072,6272204,0,1.01,520771200,183693312,14697459712,308334592
1791410077,6420352,0,1.01,358713080,155226112,14697459712,325791744
1791410083,6695824,0,0.93,211240344,151117824,14697459712,337571840
1791410088,6739024,0,0.93,154492064,148066304,14697455616,242266112
1791410093,6730216,0,0.94,287089576,158871552,14697443328,154722304
1791410098,6360180,0,0.94,464875480,190693376,14697443328,234192896
1791410103,6185756,0,1.03,546649288,180518912,14697443328,304750592
1791410108,6413380,0,1.03,356611576,157712384,14697443328,325144576
1791410113,6712832,0,1.02,200503024,149827584,14697443328,334282752
1791410118,6739264,0,0.94,146200712,144228352,14697443328,244449280
1791410123,6586988,0,0.95,315414960,173735936,14697443328,237023232
1791410128,6334308,0,0.87,499579704,188129280,14697443328,305057792
1791410133,6536328,0,0.88,323019208,162828288,14697443328,325500928
1791410138,6718288,0,0.81,194331520,152469504,14697443328,336601088
1791410143,6765764,0,0.74,164800280,149913600,14697439232,247066624
1791410148,6838888,0,0.68,155145048,146976768,14697439232,156811264
1791410153,6561292,0,0.71,476366664,179355648,14697439232,237010944
1791410158,6292612,0,0.65,519376472,184619008,14697439232,305139712
1791410163,6436472,0,0.60,360838520,158470144,14697439232,325443584
1791410168,6736052,0,0.55,210850848,151756800,14697439232,334352384
1791410173,6760852,0,0.51,156276920,148115456,14697439232,244547584
1791410178,6723384,0,0.55,295992456,162516992,14697435136,154439680
1791410183,6392648,0,0.58,466322544,190414848,14697435136,305414144
1791410188,6212596,0,0.54,457500048,179056640,14697435136,305414144
1791410193,6429056,0,0.49,338142744,158109696,14697435136,325824512
1791410198,6668176,0,0.45,207615896,150228992,14697435136,337010688
1791410204,6738160,0,0.42,146929008,146210816,14697435136,249466880
1791410209,6609268,0,0.62,326454144,178196480,14697435136,237346816
1791410214,6291968,0,0.65,500819152,187617280,14697435136,305385472
1791410219,6442500,0,0.68,337463120,164651008,14697435136,325971968
1791410224,6669116,0,0.79,191653344,154726400,14697435136,337592320
1791410229,6691268,0,0.81,166092736,149217280,14697435136,247267328
1791410234,6783900,0,0.74,166309400,150237184,14697435136,157356032
1791410239,6520320,0,1.00,492568336,184770560,14697435136,237457408
1791410244,6305232,0,0.92,529470896,184238080,14697435136,305246208
1791410249,6457728,0,0.93,360744032,158605312,14697435136,325976064
1791410254,6740816,0,0.85,210206816,151826432,14697431040,334802944
1791410259,6754660,0,0.78,155790040,148439040,14697431040,244727808
1791410264,6728680,0,0.80,308356312,167522304,14697431040,154734592
1791410269,6478732,0,0.82,471001008,190144512,14697431040,305414144
1791410274,6600032,0,0.75,269128720,177389568,14697431040,325865472
1791410279,6731392,0,0.69,158631264,158511104,14697431040,325865472
1791410284,6732892,0,0.64,169760736,151310336,14697431040,239951872
1791410289,6816804,0,0.58,88858384,144928768,14697431040,154710016
1791410294,6543772,0,0.62,358865848,169697280,14697426944,239091712
1791410299,6340968,0,0.65,498275120,188985344,14697426944,307269632
1791410304,6471452,0,0.60,337431672,163397632,14697426944,326651904
1791410309,6771708,0,0.55,208892664,154652672,14697426944,335478784
1791410314,6773400,0,0.50,169430168,148525056,14697426944,244924416
1791410320,6791936,0,0.46,173542408,151527424,14697426944,155271168
1791410325,6519868,0,0.51,496310448,187076608,14697426944,238030848
1791410330,6321568,0,0.63,528872544,184545280,14697426944,305364992
1791410335,6459440,0,3.14,341555672,156545024,14697426944,326160384
1791410340,6705372,0,3.29,211336760,152145920,14697426944,335101952
1791410345,6759908,0,3.10,157137784,148312064,14697426944,240132096
1791410350,6743048,0,2.86,309967088,168448000,14697422848,154992640
1791410355,6383500,0,2.71,468911600,190627840,14697422848,306352128
1791410360,6577160,0,2.49,291207832,172716032,14697422848,326610944
1791410365,6741724,0,2.37,157982320,158978048,14697418752,335769600
1791410370,6808336,0,2.26,170532472,150687744,14697418752,242814976
1791410375,6864824,0,2.08,90484592,148242432,14697418752,155357184
1791410380,6599148,0,1.99,347521456,176644096,14697418752,238280704
1791410385,6375900,0,1.91,470973856,180600832,14697418752,304709632
1791410390,6604764,0,1.84,288931040,167993344,14697418752,324677632
1791410395,6707516,0,1.93,217896880,154431488,14697414656,357249024
1791410400,6753700,0,1.78,175930536,151494656,14697414656,247795712
1791410405,6765868,0,1.64,248066752,161992704,14697410560,171659264
1791410410,6476912,0,1.66,559120576,195420160,14697410560,253583360
1791410415,6259740,0,1.61,541754960,181129216,14697410560,316391424
1791410420,6447060,0,2.12,430871440,154710016,14697410560,324837376
1791410425,6708936,0,2.19,190707976,152150016,14697410560,365838336
1791410430,6714832,0,2.02,241686264,159211520,14697410560,248721408
1791410436,6524848,0,2.34,409741544,186564608,14697410560,300396544
1791410441,6493996,0,2.23,365111680,183660544,14697406464,324464640
1791410446,6603352,0,2.05,172869864,155811840,14697406464,324464640
1791410451,6724444,0,1.89,179250944,150880256,14697406464,303505408
1791410456,6793268,0,1.81,114612792,148328448,14697406464,169517056
1791410461,6638144,0,1.75,271532776,163278848,14697402368,169517056
1791410466,6445536,0,1.77,510004752,190668800,14697402368,292585472
1791410471,6453992,0,1.63,402845672,166875136,14697402368,324468736
1791410476,6690404,0,1.58,191366608,161062912,14697402368,342061056
1791410481,6745080,0,1.45,178429232,151629824,14697402368,298504192
1791410486,6812108,0,1.33,112905992,148176896,14697402368,169807872
1791410491,6645108,0,1.31,394780536,177049600,14697402368,230039552
1791410496,6355968,0,1.28,537269376,187256832,14697402368,305348608
1791410501,6425888,0,1.18,413438088,164564992,14697402368,325042176
1791410506,6706540,0,1.17,223632608,153128960,14697398272,340254720
1791410511,6758388,0,1.07,171682040,150380544,14697398272,280096768
1791410516,6679136,0,0.99,350008224,162836480,14697398272,163581952
1791410521,6409744,0,0.99,479762328,192028672,14697398272,311701504
1791410526,6462692,0,0.91,323162384,167948288,14697398272,327385088
1791410531,6697036,0,0.84,186757832,152903680,14697398272,336396288
1791410536,6720228,0,0.85,172085104,150491136,14697398272,251416576
1791410541,6798796,0,0.78,167259760,147619840,14697398272,158273536
1791410547,6489804,0,0.80,490367032,185749504,14697398272,244727808
1791410552,6278132,0,0.98,529808696,188223488,14697394176,314372096
1791410557,6401944,0,0.98,369154456,158720000,14697394176,344588288
1791410562,6677172,0,0.90,190973384,152256512,14697394176,370626560
1791410567,6670960,0,0.91,142920904,149000192,14697390080,259887104
1791410572,6544172,0,1.00,354518280,184561664,14697390080,265289728
1791410577,6365200,0,1.00,435540424,187920384,14697390080,325099520
1791410582,6489412,0,0.92,266505856,164302848,14697390080,342384640
1791410587,6673764,0,0.84,198753168,153026560,14697390080,336044032
1791410592,6753772,0,0.78,160841152,150183936,14697390080,222953472
1791410597,6821072,0,0.79,176636952,152870912,14697390080,157376512
1791410602,6547208,0,0.89,492580816,187473920,14697390080,241930240
1791410607,6282116,0,0.82,529472568,185503744,14697390080,321568768
1791410612,6438044,0,0.75,370387936,157614080,14697390080,325316608
1791410617,6715836,0,0.69,217012608,153100288,14697390080,338083840
1791410622,6744000,0,0.72,152053120,149819392,14697385984,251596800
1791410627,6671544,0,0.74,345734912,163164160,14697385984,159137792
1791410632,6412080,0,0.68,478762128,193634304,14697385984,307269632
1791410637,6527800,0,0.79,319022120,169213952,14697385984,327671808
1791410642,6692172,0,0.96,215789008,155045888,14697385984,338866176
1791410647,6733484,0,1.05,170379800,152674304,14697385984,254156800
1791410652,6787736,0,1.04,189871160,158162944,14697385984,161361920
1791410657,6475144,0,1.04,505531216,190930944,14697385984,245637120
1791410662,6267656,0,1.04,536443512,185806848,14697385984,315326464
1791410668,6471048,0,1.03,364110592,157396992,14697381888,327258112
1791410673,6742080,0,0.95,202419040,153059328,14697381888,358289408
1791410678,6751664,0,0.95,152760872,147132416,14697381888,253423616
1791410683,6600012,0,1.04,369897312,178286592,14697381888,249237504
1791410688,6306364,0,1.03,505167920,187543552,14697381888,319512576
1791410693,6474388,0,1.11,353612192,164274176,14697377792,326393856
1791410698,6749604,0,1.02,211078432,152784896,14697377792,336613376
1791410703,6788520,0,0.94,169148848,150839296,14697377792,249589760
1791410708,6893892,0,0.95,167719456,30273536,14684577792,156962816
1791410713,6900280,0,0.87,146560168,89100288,14684573696,254771200
1791410718,6616184,0,0.96,437758168,148316160,14684573696,192782336
1791410723,6320552,0,0.96,525391816,155873280,14684573696,286715904
1791410728,6478104,0,0.89,353592816,130863104,14684573696,306446336
1791410733,6796472,0,0.81,203468536,123473920,14684573696,315392000
1791410738,6849880,0,0.75,156897616,122662912,14684573696,225116160
1791410743,6838476,0,0.77,236035592,133197824,14684569600,135041024
1791410748,6502488,0,0.79,557535304,173228032,14684569600,218169344
1791410753,6191076,0,0.81,537991920,161529856,14684565504,286613504
1791410758,6471080,0,0.82,363258504,138465280,14684565504,306761728
1791410763,6742084,0,0.76,201453232,133349376,14684565504,318062592
1791410768,6777256,0,0.69,142826080,124243968,14684565504,230379520
1791410773,6652884,0,0.72,401294280,149176320,14684565504,138502144
1791410778,6343844,0,0.82,480862744,176005120,14684565504,288260096
1791410783,6608328,0,0.76,305659968,153272320,14684565504,310857728
1791410789,6795884,0,0.78,177432600,139943936,14684561408,321523712
1791410794,6821848,0,0.71,160708088,137994240,14684561408,226254848
1791410799,6894272,0,0.74,97742392,131895296,14684561408,141524992
1791410804,6630452,0,0.84,416676008,167800832,14684561408,225062912
1791410809,6335380,0,0.85,504714736,174362624,14684561408,293224448
1791410814,6575656,0,0.94,326270432,151691264,14684561408,314531840
1791410819,6772696,0,0.95,209464168,142393344,14684561408,326139904
1791410824,6787116,0,0.87,161748928,141590528,14684561408,229482496
1791410829,6711992,0,0.88,348739992,156807168,14684561408,149925888
1791410834,6422140,0,0.89,470340624,182792192,14684561408,305201152
1791410839,6635036,0,0.90,308080472,160894976,14684561408,312979456
1791410844,6806188,0,0.83,178569160,145858560,14684561408,324689920
1791410849,6794292,0,0.76,161636384,144859136,14684561408,237072384
1791410854,6883012,0,0.70,83180432,140242944,14684557312,144003072
1791410859,6591072,0,0.73,400490952,174063616,14684557312,227074048
1791410864,6291116,0,0.67,506211656,180989952,14684557312,295014400
1791410869,6546316,0,0.61,340655480,157241344,14684557312,316231680
1791410874,6766112,0,0.56,204316056,147406848,14684557312,325173248
1791410879,6809184,0,0.52,162837960,145444864,14684557312,234340352
1791410884,6831920,0,0.48,220649744,150618112,14684557312,144203776
1791410889,6500144,0,0.52,544607808,186716160,14684557312,227377152
1791410894,6273852,0,0.56,533129064,181280768,14684557312,295424000
1791410899,6487404,0,0.51,352568952,154484736,14684557312,315609088
1791410904,6763164,0,0.47,196669968,149209088,14684557312,324710400
1791410910,6778468,0,0.43,144319480,146341888,14684557312,234721280
1791410915,6693712,0,0.64,366116664,170287104,14684557312,144351232
1791410920,6396704,0,0.75,476004360,188190720,14684553216,295510016
1791410925,6548728,0,0.69,307142888,163602432,14684553216,315797504
1791410930,6791444,0,0.71,179206760,150298624,14684553216,324886528
1791410935,6783464,0,0.66,163865512,148353024,14684553216,234770432
1791410940,6881196,0,0.60,89239184,140791808,14684553216,144588800
1791410945,6580832,0,0.64,410166616,173072384,14684553216,228691968
1791410950,6345032,0,0.66,505165000,183816192,14684553216,297422848
1791410955,6553084,0,0.69,341212216,160874496,14684553216,315985920
1791410960,6757848,0,0.72,190690056,150831104,14684553216,344354816
1791410965,6770232,0,0.66,157431424,147955712,14684553216,236593152
1791410970,6702036,0,0.61,367255784,166842368,14684549120,152784896
1791410975,6355284,0,0.64,468257816,188866560,14684545024,305401856
1791410980,6544832,0,0.67,304377816,165273600,14684545024,313856000
1791410985,6780448,0,0.69,180102744,152363008,14684540928,321961984
1791410990,6810604,0,0.64,163722464,149606400,14684540928,235073536
1791410995,6881332,0,0.59,83872432,147169280,14684540928,144846848
1791411000,6598172,0,0.70,411191280,174112768,14684536832,228139008
1791411005,6302152,0,0.72,506737904,186818560,14684536832,296673280
1791411010,6494604,0,0.67,354302680,163254272,14684536832,316542976
1791411015,6789620,0,0.61,205987696,150880256,14684536832,325591040
1791411020,6796244,0,0.56,160159224,148754432,14684536832,240418816
1791411026,6851032,0,0.52,185685864,158191616,14684536832,145215488
1791411031,6515804,0,0.64,513296000,194101248,14684536832,225792000
1791411036,6282204,0,0.67,529766368,184705024,14684536832,297545728
1791411041,6436472,0,0.69,377639928,156184576,14684536832,316231680
1791411046,6714660,0,0.72,202981696,151515136,14684532736,327061504
1791411051,6770940,0,0.66,144102920,148676608,14684532736,249315328
1791411056,6700768,0,0.61,355545312,168976384,14684532736,147431424
1791411061,6390844,0,0.64,475634904,190951424,14684532736,296755200
1791411066,6554612,0,0.59,318012872,167383040,14684532736,316760064
1791411071,6769204,0,0.54,184628120,153190400,14684532736,327917568
1791411076,6828776,0,0.50,161907280,151236608,14684532736,242851840
1791411081,6903220,0,0.46,85659136,150458368,14684532736,148033536
1791411086,6630500,0,0.50,416809016,176955392,14684532736,228540416
1791411091,6334752,0,0.54,507908376,187142144,14684532736,296472576
1791411096,6497444,0,0.50,358101480,161214464,14684532736,316657664
1791411101,6725328,0,0.46,190164144,153534464,14684532736,345772032
1791411106,6681548,0,0.42,141637248,149630976,14684532736,242524160
1791411111,6590992,0,0.39,435646976,176025600,14684532736,191356928
1791411116,6290840,0,0.52,576135296,186429440,14684532736,273108992
1791411121,6292712,0,0.47,459834856,163639296,14684528640,315064320
1791411126,6754076,0,0.68,216371896,155406336,14684528640,334106624
1791411131,6795944,0,0.62,163977800,148467712,14684528640,297086976
1791411136,6828048,0,0.57,171506408,147677184,14684528640,164077568
1791411141,6533052,0,0.61,414830760,180281344,14684528640,260325376
1791411147,6472100,0,0.72,372671880,187858944,14684528640,316174336
1791411152,6406292,0,0.82,287696592,157741056,14684528640,316174336
1791411157,6775492,0,1.08,176130592,153350144,14684528640,303353856
1791411162,6833264,0,1.30,111034472,150151168,14684528640,162152448
1791411167,6684812,0,1.44,319900264,165937152,14684528640,162152448
1791411172,6424980,0,1.32,516467000,191008768,14684524544,280977408
1791411177,6471880,0,1.21,335690856,181997568,14684524544,315813888
1791411182,6770368,0,1.12,195340248,155140096,14684524544,329400320
1791411187,6802736,0,1.03,174104152,153333760,14684524544,269262848
1791411192,6861632,0,1.02,152003392,148402176,14684524544,155029504
1791411197,6581772,0,1.02,473864936,181112832,14684524544,233799680
1791411202,6326192,0,0.94,517747168,186413056,14684524544,297107456
1791411207,6490760,0,0.94,349340656,160419840,14684524544,317329408
1791411212,6779764,0,0.87,207813240,153018368,14684524544,326184960
1791411217,6791296,0,0.80,151910744,150593536,14684524544,233664512
1791411222,6757972,0,0.82,287561744,163233792,14684524544,146026496
1791411227,6394484,0,0.83,464272536,191967232,14684524544,297156608
1791411232,6167892,0,0.84,518310104,183074816,14684524544,297156608
1791411237,6415704,0,0.78,355248472,160178176,14684524544,317288448
1791411242,6704396,0,0.71,197874440,153137152,14684524544,326365184
1791411247,6711520,0,0.66,142769920,146976768,14684524544,236367872
1791411252,6625948,0,0.68,319994096,177504256,14684520448,229208064
1791411257,6319592,0,0.71,498745672,190201856,14684520448,297181184
1791411263,6518244,0,0.73,311471192,164564992,14684520448,317816832
1791411268,6767964,0,0.83,183705496,155435008,14684520448,326545408
1791411273,6774804,0,0.77,164737984,152530944,14684520448,231321600
1791411278,6858040,0,0.71,122884632,158433280,14684516352,146268160
1791411283,6599956,0,0.73,433852176,185393152,14684516352,229330944
1791411288,6256368,0,0.67,520640296,186642432,14684516352,297508864
1791411293,6469100,0,0.70,337654608,160542720,14684512256,317771776
1791411298,6718804,0,0.72,211626328,153468928,14684512256,328941568
1791411303,6751124,0,0.66,162205312,150818816,14684512256,231485440
1791411308,6746728,0,0.69,273674864,159735808,14684508160,148930560
1791411313,6428112,0,0.80,535022224,193400832,14684508160,229539840
1791411318,6247012,0,0.73,542596984,180969472,14684508160,297549824
1791411323,6426708,0,0.67,356222952,159862784,14684508160,317927424
1791411328,6703884,0,0.62,198739584,152662016,14684508160,327045120
1791411333,6736052,0,0.57,145165704,148353024,14684508160,236990464
1791411338,6633768,0,0.60,383086576,167579648,14684504064,146591744
1791411343,6415388,0,0.64,482429104,192266240,14684504064,297762816
1791411348,6587760,0,0.66,311629648,167886848,14684504064,318271488
1791411353,6705532,0,0.61,188964232,156483584,14684504064,357253120
1791411358,6761032,0,0.56,143119072,154169344,14684504064,237408256
1791411363,6765108,0,0.60,277401528,171716608,14684504064,194052096
1791411368,6455720,0,0.63,548944904,193413120,14684504064,274849792
1791411373,6424920,0,0.66,443620520,169885696,14684504064,316416000
1791411379,6720880,0,0.69,213642352,154214400,14684499968,335429632
1791411384,6779940,0,0.71,172494176,153960448,14684499968,304988160
1791411389,6815044,0,0.74,109264688,150835200,14684499968,163454976
1791411394,6650892,0,2.36,404019056,179396608,14684499968,202514432
1791411399,6356072,0,2.17,558736416,187928576,14684499968,281686016
1791411404,6408564,0,2.16,400999032,164798464,14684499968,316850176
1791411409,6669268,0,1.98,224205120,155545600,14684499968,334499840
1791411414,6685844,0,1.82,156995352,151134208,14684495872,275013632
1791411419,6644408,0,1.76,298313752,171622400,14684495872,243077120
1791411424,6384260,0,1.70,485544016,191725568,14684495872,308957184
1791411429,6520352,0,1.56,325740736,168165376,14684495872,316555264
1791411434,6791724,0,1.52,185710168,155877376,14684495872,327319552
1791411439,6809344,0,1.39,167159576,153133056,14684495872,237297664
1791411444,6857264,0,1.28,120518384,157151232,14684487680,147316736
1791411449,6562512,0,1.26,445961640,190644224,14684487680,230445056
1791411454,6344840,0,1.24,518840072,187998208,14684487680,297877504
1791411459,6490304,0,1.14,338394264,160858112,14684487680,318406656
1791411464,6774996,0,1.13,207292936,155258880,14684487680,327434240
1791411469,6785272,0,1.12,161863856,152854528,14684487680,232599552
1791411474,6758440,0,1.03,275426296,158662656,14684487680,147263488
1791411479,6443024,0,1.02,536590128,193445888,14684483584,230379520
1791411484,6247828,0,0.94,544599448,183115776,14684483584,298754048
1791411489,6446692,0,0.87,342926336,160137216,14684479488,318787584
1791411495,6719168,0,0.88,199565512,153419776,14684479488,327639040
1791411500,6757740,0,0.89,147152112,149745664,14684479488,232566784
1791411505,6649652,0,0.98,398372832,171454464,14684479488,147763200
1791411510,6377936,0,0.98,481719504,192958464,14684479488,298258432
1791411515,6563888,0,0.90,315809840,169033728,14684479488,319569920
1791411520,6781180,0,0.83,180276296,155885568,14684479488,328331264
1791411525,6791856,0,0.76,166858792,153509888,14684479488,235028480
1791411530,6867124,0,0.70,104001088,150470656,14684479488,147574784
1791411535,6608396,0,0.72,434058352,186834944,14684479488,230572032
1791411540,6297132,0,1.15,516257320,188207104,14684475392,298889216
1791411545,6510304,0,1.06,353556080,162729984,14684475392,319303680
1791411550,6786940,0,0.97,207867288,153939968,14684475392,328482816
1791411555,6796300,0,0.89,162748320,151814144,14684475392,237907968
1791411560,6807336,0,0.82,242042064,165158912,14684475392,147689472
1791411565,6472300,0,0.84,562884592,198692864,14684475392,230453248
1791411570,6234404,0,0.77,545365896,185069568,14684475392,298364928
1791411575,6474920,0,0.95,353521960,161038336,14684475392,319160320
1791411580,6751636,0,0.87,204490160,154750976,14684471296,330358784
1791411585,6785872,0,0.80,146367048,148389888,14684471296,237797376
1791411590,6687532,0,0.82,379250400,177238016,14684471296,150528000
1791411595,6383172,0,0.83,478244800,193617920,14684471296,299745280
1791411600,6431056,0,0.77,333309464,169648128,14684471296,321200128
1791411605,6763400,0,0.70,177872720,155136000,14684471296,329797632
1791411610,6775796,0,0.73,163674040,153784320,14684471296,240185344
1791411616,6893164,0,0.75,104237032,151203840,14684471296,148152320
1791411621,6617544,0,0.77,427534208,183607296,14684463104,230883328
1791411626,6312692,0,0.79,518633664,188968960,14684463104,298926080
1791411631,6473456,0,0.72,360656264,164106240,14684463104,320151552
1791411636,6750392,0,0.67,209461536,154476544,14684463104,329310208
1791411641,6791656,0,0.69,163440544,152293376,14684463104,240771072
1791411646,6785456,0,0.64,253219872,169037824,14684463104,148152320
1791411651,6446888,0,0.75,562206440,198365184,14684463104,231198720
1791411656,6182244,0,0.69,545363144,184778752,14684463104,299401216
1791411661,6469748,0,0.79,346106136,160063488,14684463104,319901696
1791411666,6778036,0,0.73,200925464,154234880,14684463104,328642560
1791411671,6798584,0,0.67,147107992,151085056,14684463104,233316352
1791411676,6667900,0,0.62,382475112,177696768,14684463104,148242432
1791411681,6362492,0,0.65,478264120,194400256,14684463104,299286528
1791411686,6560628,0,0.60,330433664,170442752,14684459008,319696896
1791411691,6775512,0,0.87,180534672,156712960,14684459008,328495104
1791411696,6776540,0,0.80,166097904,154394624,14684459008,243470336
1791411701,6859544,0,0.81,103976096,150999040,14684459008,148496384
1791411706,6588200,0,0.83,431812728,185270272,14684459008,231555072
1791411711,6298772,0,0.84,518233232,189030400,14684459008,299700224
1791411716,6503560,0,0.78,360139656,163737600,14684459008,320020480
1791411721,6717032,0,0.71,209776712,154562560,14684459008,329072640
1791411726,6755792,0,0.82,162953752,152715264,14684459008,241487872
1791411731,6797392,0,0.83,241401128,166047744,14684459008,148594688
1791411737,6462028,0,0.85,564511432,200855552,14684459008,235282432
1791411742,6225120,0,1.18,543327344,186138624,14684454912,305070080
1791411747,6401248,0,1.24,377291816,161705984,14684454912,319090688
1791411752,6711668,0,1.14,205424552,155570176,14684454912,331034624
1791411757,6752672,0,1.05,146950432,152100864,14684454912,245952512
1791411762,6613860,0,0.97,304981528,172597248,14684454912,231862272
1791411767,6302828,0,0.97,491783920,193613824,14684454912,300224512
1791411772,6479708,0,0.97,322032160,169226240,14684454912,320229376
1791411777,6763408,0,0.89,187574784,157908992,14684454912,329424896
1791411782,6790284,0,0.82,167181232,154935296,14684454912,236560384
1791411787,6865896,0,0.83,117779624,157585408,14684450816,148766720
1791411792,6570068,0,0.85,452401152,192573440,14684450816,231567360
1791411797,6321588,0,0.78,517808344,190058496,14684450816,299659264
1791411802,6476952,0,0.80,356731992,163545088,14684450816,319913984
1791411807,6762632,0,0.89,211497072,155525120,14684446720,330055680
1791411812,6771536,0,0.82,155061848,153387008,14684446720,240099328
1791411817,6752968,0,0.84,290539016,165625856,14684446720,149807104
1791411822,6412588,0,0.85,466279208,195268608,14684446720,300498944
1791411827,6203164,0,0.78,520657160,182943744,14684446720,300498944
1791411832,6429564,0,0.72,367234128,162426880,14684446720,321363968
1791411837,6728968,0,0.74,199505328,155688960,14684446720,329928704
1791411842,6721900,0,0.76,156957504,150028288,14684446720,245710848
1791411847,6624560,0,0.78,423664448,182480896,14684446720,237035520
1791411852,6300132,0,0.80,517278736,190701568,14684446720,306708480
1791411857,6497956,0,0.74,344435096,165855232,14684446720,324681728
1791411863,6749628,0,0.68,211683048,156807168,14684446720,335462400
1791411868,6773488,0,0.62,160999416,154955776,14684446720,235679744
1791411873,6801532,0,0.65,244437888,166719488,14684446720,149581824
1791411878,6465560,0,0.68,570636736,202240000,14684446720,229797888
1791411883,6202104,0,0.71,545980888,187351040,14684438528,300482560
1791411888,6412780,0,0.65,363332864,161857536,14684438528,320782336
1791411893,6707092,0,0.60,201626288,155197440,14684438528,329736192
1791411898,6729920,0,0.55,147269992,153841664,14684438528,242044928
1791411903,6588052,0,0.59,315476384,171991040,14684434432,149450752
1791411908,6347380,0,0.62,485440352,193118208,14684434432,300523520
1791411913,6590704,0,1.13,313615544,170954752,14684434432,321056768
1791411918,6795800,0,1.04,187907640,158695424,14684434432,330055680
1791411923,6802980,0,0.96,166051672,155832320,14684434432,234676224
1791411928,6875676,0,0.88,159374704,151908352,14684434432,149733376
1791411933,6556728,0,0.89,477214120,185085952,14684434432,232615936
1791411938,6311204,0,0.82,523410728,189714432,14684434432,300666880
1791411943,6507388,0,0.83,356794648,160952320,14684434432,320954368
1791411948,6750732,0,0.85,214532024,157667328,14684434432,332279808
1791411953,6783312,0,0.86,155520104,153395200,14684430336,242106368
1791411958,6761584,0,1.03,299669704,169955328,14684430336,152055808
1791411963,6409152,0,1.11,465517392,196419584,14684430336,307867648
1791411968,6185244,0,1.10,545619720,184246272,14684430336,307867648
1791411973,6473364,0,1.01,349508744,164601856,14684430336,321966080
1791411979,6717792,0,0.93,206071368,155869184,14684430336,333697024
1791411984,6718152,0,0.86,148005952,151437312,14684430336,238002176
1791411989,6619832,0,1.03,382700296,187133952,14684430336,234942464
1791411994,6353488,0,1.02,511684336,191275008,14684430336,303755264
1791411999,6526428,0,1.02,344753288,168325120,14684430336,320925696
1791412004,6767572,0,1.02,211544272,158580736,14684430336,330211328
1791412009,6788988,0,0.94,166827112,155148288,14684430336,237535232
1791412014,6784928,0,0.86,246552200,169213952,14684430336,149716992
1791412019,6457508,0,0.87,586177144,202465280,14684430336,232546304
1791412024,6222008,0,0.80,548167656,188891136,14684430336,300752896
1791412029,6429848,0,0.74,366984360,163119104,14684426240,321007616
1791412034,6729540,0,0.76,201325824,156524544,14684426240,330125312
1791412039,6745608,0,0.70,149393080,154558464,14684426240,245301248
1791412044,6691332,0,0.72,361663928,172318720,14684426240,149889024
1791412049,6411640,0,0.75,478251648,197824512,14684426240,302661632
1791412054,6510940,0,0.69,324089584,172392448,14684426240,320966656
1791412059,6725508,0,0.63,222468112,160727040,14684426240,334520320
1791412064,6787932,0,0.58,168318048,158162944,14684426240,251596800
1791412069,6837288,0,0.61,193566872,165793792,14684426240,156839936
1791412074,6524448,0,0.81,513064384,200327168,14684426240,238092288
1791412079,6278032,0,0.90,531725872,191975424,14684426240,307863552
1791412084,6469012,0,0.83,353684976,163713024,14684426240,323874816
1791412089,6760396,0,0.76,206929488,158654464,14684426240,332234752
1791412094,6732576,0,0.70,152420560,156520448,14684422144,240209920
1791412100,6760320,0,0.64,299428792,172097536,14684422144,150315008
1791412105,6417828,0,0.75,467470584,198250496,14684422144,304136192
1791412110,6516784,0,0.69,317659824,187281408,14684422144,304136192
1791412115,6705672,0,0.64,180568328,166473728,14684422144,321622016
1791412120,6773296,0,0.59,168962792,158572544,14684422144,243208192
1791412125,6831280,0,0.54,109833520,155238400,14684422144,151101440
1791412130,6578840,0,0.66,431942544,188162048,14684422144,235438080
1791412135,6315300,0,0.76,519527144,192937984,14684422144,304128000
1791412140,6490488,0,0.70,371151128,168108032,14684422144,321507328
1791412145,6750220,0,0.65,209654776,159899648,14684422144,330678272
1791412150,6767320,0,0.59,166718472,157741056,14684422144,245641216
1791412155,6649680,0,0.55,351801024,170389504,14684422144,152002560
1791412160,6401964,0,0.58,465120032,197615616,14684418048,302202880
1791412165,6558492,0,0.54,283139544,177221632,14684418048,321728512
1791412170,6709620,0,0.57,171159536,165777408,14684418048,328527872
1791412175,6729152,0,0.53,169070736,159682560,14684418048,236019712
1791412180,6832688,0,0.57,92722768,151867392,14684418048,153272320
1791412185,6601604,0,0.76,419961272,184082432,14684418048,233500672
1791412190,6359896,0,0.94,510994520,193871872,14684413952,301871104
1791412195,6565140,0,0.95,327846816,170459136,14684413952,321986560
1791412200,6779456,0,0.87,210572288,161329152,14684413952,331075584
1791412205,6801540,0,0.80,165986192,159236096,14684413952,233631744
1791412210,6811736,0,0.73,223261680,162426880,14684413952,150708224
1791412216,6451444,0,0.76,548244416,196894720,14684413952,233893888
1791412221,6235620,0,0.78,537649480,193163264,14684413952,302350336
1791412226,6390040,0,0.95,363164000,166481920,14684413952,322691072
1791412231,6732568,0,1.28,202397848,160546816,14684413952,331845632
1791412236,6766956,0,1.18,152085056,157052928,14684413952,246386688
1791412241,6697320,0,2.68,365221032,179097600,14684413952,150888448
1791412246,6429032,0,2.55,475994680,200024064,14684413952,307572736
1791412251,6539900,0,2.42,330584224,176910336,14684413952,322232320
1791412256,6803916,0,2.31,184728800,161796096,14684409856,331288576
1791412261,6810356,0,2.12,169088376,160145408,14684409856,248901632
1791412266,6897048,0,1.95,100563696,154468352,14684409856,150999040
1791412271,6584444,0,1.88,426939824,187723776,14684409856,234291200
1791412276,6308504,0,1.81,512541792,195112960,14684405760,302505984
1791412281,6489192,0,1.74,353765136,169648128,14684405760,322674688
1791412286,6760768,0,1.60,212279560,161939456,14684405760,331939840
1791412291,6774040,0,1.64,165479864,158978048,14684405760,241635328
1791412296,6797820,0,1.50,206634000,169754624,14684405760,151371776
1791412301,6496904,0,1.54,544227776,194109440,14684405760,232411136
1791412306,6293716,0,2.22,531875760,192901120,14684405760,303714304
1791412311,6382432,0,2.12,374668296,166428672,14684405760,322121728
1791412316,6739456,0,2.03,208110256,161103872,14684405760,331390976
1791412321,6746900,0,1.87,152002808,158507008,14684401664,249114624
1791412326,6684448,0,1.72,325281744,179855360,14684397568,151298048
1791412332,6467120,0,1.66,462588032,200400896,14684397568,304095232
1791412337,6575572,0,1.53,301450208,179134464,14684397568,322269184
1791412342,6724836,0,1.41,163638152,170086400,14684397568,331612160
1791412347,6753496,0,1.37,170926176,162537472,14684397568,242081792
1791412352,6834340,0,1.26,90564832,157839360,14684397568,151642112
1791412357,6589236,0,1.16,368136840,184082432,14684397568,234668032
1791412362,6300912,0,1.15,510604320,198004736,14684397568,303013888
1791412367,6527232,0,1.06,340811216,174620672,14684397568,324730880
1791412372,6721420,0,0.97,217970136,162885632,14684397568,336338944
1791412377,6758404,0,0.90,166164384,160808960,14684393472,240721920
1791412382,6822284,0,0.91,202396264,169779200,14684393472,154583040
1791412387,6503968,0,0.92,539995528,195198976,14684393472,234815488
1791412392,6266300,0,0.84,535444440,194650112,14684393472,303312896
1791412397,6412512,0,0.78,369741112,168005632,14684393472,323153920
1791412402,6701700,0,0.71,203348848,162586624,14684389376,332423168
1791412407,6733752,0,0.66,154533928,158961664,14684389376,247132160
1791412412,6673184,0,0.68,362714280,179707904,14684389376,151990272
1791412417,6394104,0,0.79,480680080,202215424,14684389376,302968832
1791412422,6577084,0,0.73,306225392,177254400,14684389376,323305472
1791412427,6738332,0,0.75,221586104,165793792,14684385280,335151104
1791412432,6747324,0,0.69,169877816,162279424,14684385280,245030912
1791412437,6814236,0,0.71,222001472,162942976,14684385280,158068736
1791412442,6494888,0,0.74,532695312,197525504,14684385280,243032064
1791412447,6241020,0,0.84,535392912,194678784,14684385280,314351616
1791412453,6432824,0,1.09,361634576,168251392,14684385280,321179648
1791412458,6757244,0,1.00,208928672,162533376,14684385280,334217216
1791412463,6759728,0,1.08,154965240,156774400,14684381184,242225152
1791412468,6694964,0,1.08,364491304,180461568,14684381184,154820608
1791412473,6419712,0,0.99,481072792,202412032,14684381184,302751744
1791412478,6528264,0,0.91,329207872,178053120,14684381184,323416064
1791412483,6742076,0,1.08,201119440,165969920,14684381184,334483456
1791412488,6761616,0,0.99,171701336,162123776,14684381184,253906944
1791412493,6828016,0,0.91,162883248,159490048,14684377088,154402816
1791412498,6560880,0,0.92,482144248,190791680,14684377088,235479040
1791412503,6266952,0,0.85,528606984,195665920,14684377088,303935488
1791412508,6486788,0,0.78,351337584,169959424,14684377088,324825088
1791412513,6763444,0,0.72,213191128,162062336,14684377088,333803520
1791412518,6765152,0,0.66,160585408,159756288,14684377088,237805568
1791412523,6740048,0,0.69,251751728,173027328,14684377088,152649728
1791412528,6406072,0,0.71,497603352,209281024,14684377088,234016768
1791412533,6217832,0,0.73,532920808,192450560,14684377088,305078272
1791412538,6463816,0,0.76,371429240,169893888,14684377088,323121152
1791412543,6752324,0,0.70,210001704,162611200,14684377088,334819328
1791412548,6757720,0,0.64,151146920,157110272,14684377088,250048512
1791412553,6652400,0,0.67,308273080,181534720,14684377088,240259072
1791412558,6371884,0,0.78,496458576,201207808,14684377088,310489088
1791412563,6551236,0,0.95,336663064,175587328,14684372992,323448832
1791412569,6781668,0,0.88,190046856,164712448,14684372992,333156352
1791412574,6788784,0,0.81,169925904,160653312,14684372992,248045568
1791412579,6871648,0,0.74,125942120,165277696,14684372992,152580096
1791412584,6591972,0,0.84,447755512,198574080,14684372992,235663360
1791412589,6311908,0,0.86,524080600,196214784,14684372992,303730688
1791412594,6457488,0,0.87,354671392,170242048,14684372992,324190208
1791412599,6745532,0,0.88,212953552,162279424,14684372992,333230080
1791412604,6755924,0,0.81,168183112,159764480,14684372992,240623616
1791412609,6743660,0,0.82,280459656,167337984,14684368896,152932352
1791412614,6371976,0,0.84,470788032,201957376,14684368896,236310528
1791412619,6196232,0,0.85,547371328,193048576,14684364800,304721920
1791412624,6393104,0,0.86,358673160,169652224,14684364800,324952064
1791412629,6673448,0,0.79,204475352,162115584,14684364800,333897728
1791412634,6700028,0,0.73,150062568,159174656,14684364800,244449280
1791412639,6643052,0,0.75,372328016,184066048,14684360704,152899584
1791412644,6398352,0,0.77,482072448,202588160,14684360704,304148480
1791412649,6598476,0,0.79,326178456,179113984,14684360704,324337664
1791412654,6739108,0,0.81,209359056,165216256,14684360704,351547392
1791412659,6744392,0,0.74,171874816,162164736,14684360704,251703296
1791412664,6771652,0,0.68,230753256,165470208,14684360704,159428608
1791412669,6482316,0,0.71,546112088,199258112,14684360704,244035584
1791412674,6226208,0,0.65,537153912,194994176,14684360704,314925056
1791412679,6488380,0,0.60,358053704,167591936,14684360704,322367488
1791412684,6776864,0,0.55,204021752,163500032,14684360704,332836864
1791412690,6785768,0,0.51,153548056,160059392,14684360704,240713728
1791412695,6684904,0,0.55,360420400,179130368,14684356608,153194496
1791412700,6354080,0,0.66,483768888,202354688,14684356608,304107520
1791412705,6551484,0,0.61,320942408,178716672,14684356608,324710400
1791412710,6768520,0,0.56,185449816,164814848,14684356608,333582336
1791412715,6783352,0,0.52,173465128,161894400,14684356608,248414208
1791412720,6849680,0,0.47,97784720,157229056,14684356608,153522176
1791412725,6629096,0,0.68,364233688,183590912,14684356608,234852352
1791412730,6373028,0,0.70,503581784,199720960,14684356608,306110464
1791412735,6527884,0,0.65,360910104,174276608,14684356608,324685824
1791412740,6727736,0,0.67,228051200,164749312,14684356608,337989632
1791412745,6782888,0,0.62,169625776,163139584,14684356608,254570496
1791412750,6846876,0,0.57,183953592,168140800,14684356608,158322688
1791412755,6502612,0,0.61,502880800,200835072,14684356608,240693248
1791412760,6244140,0,0.64,537499632,195694592,14684352512,310583296
1791412765,6456304,0,0.67,363698984,168812544,14684352512,324206592
1791412770,6694028,0,0.69,196941632,163663872,14684348416,352931840
1791412775,6695192,0,0.64,152929816,158236672,14684348416,248033280
1791412780,6575388,0,0.67,362543784,183967744,14684344320,244912128
1791412785,6336432,0,0.69,501716312,199921664,14684344320,315949056
1791412790,6503460,0,0.64,352011432,175980544,14684344320,323248128
1791412795,6742756,0,0.59,213012896,164757504,14684340224,333807616
1791412800,6752156,0,0.54,171107608,162066432,14684336128,246611968
1791412805,6828272,0,0.58,189669864,171057152,14684336128,153804800
1791412810,6515992,0,0.61,530532912,203112448,14684336128,236843008
1791412816,6211964,0,0.56,580174640,192024576,14684336128,305094656
1791412821,6381120,0,0.60,377308344,175665152,14684336128,343678976
1791412826,6663096,0,0.55,200904736,164339712,14684332032,364253184
1791412831,6733864,0,0.50,132274752,160276480,14684332032,258883584
1791412836,6552228,0,0.54,393977688,187478016,14684332032,254554112
1791412841,6391568,0,0.58,454720224,198836224,14684332032,323383296
1791412846,6655188,0,0.53,256061560,175415296,14684332032,341876736
1791412851,6750244,0,0.49,197901040,164904960,14684332032,338931712
1791412856,6778276,0,0.45,162527976,161443840,14684327936,215728128
1791412861,6760016,0,0.41,242789656,171171840,14684327936,173297664
1791412866,6478988,0,0.54,533949504,205987840,14684327936,253243392
1791412871,6305568,0,0.58,502529136,194809856,14684327936,322011136
1791412876,6518928,0,0.53,332057848,170045440,14684327936,340881408
1791412881,6751712,0,0.65,207488208,162975744,14684327936,340787200
1791412886,6757356,0,0.68,159393648,160456704,14684327936,240115712
1791412891,6673384,0,0.70,354078984,175878144,14684327936,155127808
1791412896,6367456,0,0.73,482273024,203599872,14684327936,305586176
1791412901,6588864,0,0.75,313446856,179179520,14684323840,325804032
1791412906,6787212,0,0.69,184154112,164212736,14684323840,334905344
1791412911,6783348,0,0.63,174087808,162009088,14684323840,244674560
1791412916,6877424,0,0.58,93078160,160645120,14684323840,154521600
1791412921,6602760,0,0.62,376530560,187514880,14684323840,237182976
1791412926,6327368,0,0.65,512744800,197959680,14684323840,305586176
1791412931,6465712,0,0.68,344984240,182669312,14684323840,344616960
1791412937,6718176,0,0.70,190003904,163692544,14684323840,371601408
1791412942,6782336,0,0.65,122196464,156053504,14684323840,247726080
1791412947,6670516,0,0.59,367818504,185966592,14684319744,175841280
1791412952,6406856,0,0.63,552287048,205062144,14684319744,253685760
1791412957,6329132,0,0.58,437958256,183439360,14684319744,307896320
1791412962,6619740,0,0.61,310963040,166559744,14684319744,325177344
1791412967,6729700,0,0.64,204736016,164810752,14684319744,308051968
1791412972,6739580,0,0.59,165260688,159322112,14684319744,206102528
1791412977,6509096,0,0.70,372698800,189095936,14684319744,204054528
1791412982,6439152,0,0.73,376875816,197402624,14684319744,323018752
1791412987,6269028,0,0.75,384402424,172322816,14684319744,323018752
1791412992,6612044,0,1.72,260030392,166805504,14684319744,342523904
1791412997,6725936,0,1.66,168183128,162271232,14684319744,314630144
1791413002,6616024,0,1.69,322606600,188116992,14684319744,245477376
1791413007,6306816,0,1.63,506629016,199536640,14684319744,306196480
1791413012,6520108,0,1.58,329157024,177549312,14684315648,326684672
1791413017,6659572,0,1.45,219248624,165982208,14684315648,336351232
1791413022,6714016,0,1.34,170668304,163516416,14684315648,243109888
1791413027,6745728,0,1.31,286202752,168235008,14684315648,158670848
1791413032,6364760,0,1.29,467366120,202788864,14684311552,245944320
1791413037,6173476,0,1.26,547097664,191385600,14684311552,316325888
1791413042,6412108,0,1.16,370785008,170987520,14684311552,324341760
1791413048,6689180,0,1.07,206574848,164179968,14684311552,334929920
1791413053,6682568,0,0.98,152067272,156848128,14684311552,247754752
1791413058,6646880,0,0.98,321677032,186220544,14684311552,238485504
1791413063,6309192,0,0.90,506338720,201379840,14684311552,306515968
1791413068,6526736,0,0.83,328552984,177647616,14684311552,326934528
1791413073,6769976,0,0.76,192954400,166486016,14684311552,335802368
1791413078,6755676,0,0.78,173909888,161984512,14684307456,242741248
1791413083,6835428,0,0.72,99962656,162791424,14684307456,155201536
1791413088,6583224,0,0.74,409721328,193429504,14684307456,236113920
1791413093,6359592,0,0.68,514737480,197324800,14684303360,307638272
1791413098,6478672,0,0.63,372941728,172249088,14684299264,326148096
1791413103,6742040,0,0.58,227656672,164777984,14684299264,339738624
1791413108,6788936,0,0.61,167943296,162107392,14684299264,256851968
1791413113,6782852,0,0.80,239390344,170586112,14684299264,160002048
1791413118,6452820,0,0.90,563868232,205484032,14684295168,242479104
1791413123,6207960,0,0.83,548931152,195121152,14684295168,312291328
1791413128,6350868,0,0.76,417756648,168480768,14684295168,326090752
1791413133,6710516,0,0.70,202062976,164003840,14684295168,354574336
1791413138,6714252,0,0.64,159901056,156770304,14684295168,257314816
1791413143,6516632,0,0.67,393615664,187535360,14684295168,259194880
1791413148,6347840,0,0.70,468250504,198737920,14684295168,324071424
1791413153,6525292,0,0.88,298124680,174211072,14675902464,343285760
1791413158,6716640,0,0.97,204867432,165158912,14675902464,345051136
1791413163,6761272,0,1.86,166505320,161853440,14675902464,230543360
1791413169,6775740,0,1.79,252413808,174276608,14675902464,157839360
1791413174,6464332,0,1.72,584099184,209137664,14675902464,243421184
1791413179,6206928,0,1.59,578165768,185458688,14675902464,316248064
1791413184,6382268,0,1.54,412732112,163635200,14675902464,343015424
1791413189,6710856,0,1.41,194425992,163479552,14675902464,362389504
1791413194,6735032,0,1.30,158817248,158683136,14675902464,259764224
1791413199,6528548,0,1.28,405723536,192782336,14675902464,256589824
1791413204,6339588,0,1.17,487553016,201601024,14675902464,325009408
1791413209,6541000,0,1.16,319512664,175624192,14675902464,344330240
1791413214,6726800,0,1.07,191087888,163569664,14675898368,360787968
1791413219,6779544,0,0.98,135976560,159903744,14675898368,234590208
1791413224,6668176,0,1.62,392897408,190533632,14675894272,197623808
1791413229,6348012,0,1.65,578832776,201584640,14675894272,280317952
1791413234,6342724,0,1.52,462090104,176951296,14675894272,324866048
1791413239,6656236,0,1.48,232300840,167161856,14675894272,342974464
1791413244,6761288,0,1.36,179071576,162955264,14675894272,311562240
1791413249,6776224,0,1.25,205544808,163438592,14675894272,173584384
1791413254,6478704,0,1.23,411877096,199917568,14675894272,293154816
1791413259,6272920,0,1.13,583635304,201023488,14675894272,293154816
1791413264,6293876,0,1.12,430597864,170778624,14675886080,327213056
1791413269,6702716,0,1.03,212401840,163897344,14675886080,339496960
1791413274,6734336,0,1.11,156452616,161452032,14675886080,278835200
1791413279,6658964,0,1.18,370243456,176496640,14675886080,158314496
1791413284,6416172,0,1.17,500186480,204099584,14675886080,310493184
1791413289,6522900,0,1.07,325192320,179884032,14675886080,325500928
1791413295,6681396,0,0.99,195813688,165924864,14675886080,336764928
1791413300,6729644,0,0.91,174049560,162742272,14675886080,251199488
1791413305,6834940,0,0.83,94727520,158183424,14675886080,158711808
1791413310,6551844,0,0.85,413854224,193478656,14675886080,239230976
1791413315,6318000,0,0.78,515053480,200134656,14675886080,307384320
1791413320,6508332,0,0.72,363775152,172683264,14675886080,327688192
1791413325,6703956,0,0.66,216005608,165146624,14675881984,336711680
1791413330,6741764,0,0.61,171081856,162930688,14675881984,251654144
1791413335,6767952,0,0.56,283855088,168988672,14675881984,156459008
1791413340,6403392,0,0.67,544181848,203202560,14675881984,240472064
1791413345,6151304,0,0.70,551424816,194859008,14675881984,309342208
1791413350,6445248,0,0.72,368390960,172879872,14675881984,328671232
1791413355,6679276,0,0.67,203028032,165351424,14675881984,358789120
1791413360,6707408,0,0.61,151991816,162742272,14675881984,252006400
1791413365,6563212,0,0.64,402238432,196419584,14675877888,247406592
1791413370,6335224,0,0.75,512187744,198647808,14675865600,317960192
1791413375,6537168,0,0.77,345512608,175001600,14675865600,326090752
1791413380,6756552,0,0.71,222455664,166330368,14675865600,338735104
1791413385,6764068,0,0.65,173949256,163422208,14675865600,244244480
1791413390,6787276,0,0.68,252206416,175624192,14675865600,159232000
1791413395,6468936,0,1.19,572641096,210341888,14675865600,240115712
1791413400,6197244,0,1.17,553161176,195112960,14675865600,308543488
1791413405,6421072,0,1.16,369092328,170426368,14675861504,328355840
1791413410,6759968,0,1.15,207370880,165462016,14675861504,337334272
1791413416,6775036,0,1.05,156201744,161853440,14675861504,249712640
1791413421,6613244,0,1.05,311686832,181190656,14675861504,156958720
1791413426,6338648,0,1.13,498707104,203665408,14675861504,307920896
1791413431,6535192,0,1.12,342137000,179445760,14675857408,328392704
1791413436,6753716,0,1.11,195470824,167596032,14675857408,337690624
1791413441,6770320,0,1.02,175950008,163704832,14675857408,249880576
1791413446,6844916,0,0.94,124324752,165707776,14675857408,157069312
1791413451,6503184,0,1.02,446608744,199057408,14675857408,243544064
1791413456,6225868,0,1.18,523441232,198987776,14675857408,313159680
1791413461,6451920,0,1.41,369861200,171204608,14675853312,328650752
1791413466,6716432,0,1.37,217242296,165216256,14675853312,337498112
1791413471,6736080,0,1.26,171276224,163508224,14675853312,249987072
1791413476,6736996,0,1.16,277622520,175296512,14675853312,157237248
1791413481,6396508,0,1.15,493792840,203272192,14675853312,240238592
1791413486,6223860,0,1.14,497001136,193216512,14675853312,308322304
1791413491,6386540,0,1.04,356689840,171778048,14675853312,329293824
1791413496,6671976,0,0.96,215064240,164556800,14675853312,340676608
1791413501,6709556,0,0.88,153252416,159739904,14675853312,249982976
1791413506,6572168,0,0.81,314458728,183107584,14675849216,240500736
1791413511,6352976,0,0.83,496859864,204328960,14675849216,308568064
1791413516,6531560,0,0.76,322894296,179064832,14675849216,328974336
1791413521,6751308,0,0.78,200207296,168337408,14675849216,339955712
1791413527,6749180,0,0.72,174425864,164683776,14675849216,245039104
1791413532,6911012,0,0.66,101897560,44400640,14663041024,159932416
1791413537,6371880,0,0.69,510302880,279306240,14663041024,255270912
1791413542,6021676,0,2.31,513793472,485322752,14663041024,190148608
1791413547,5665168,0,2.85,625090776,849899520,14663041024,251654144
1791413552,5677192,0,3.82,603270824,785989632,14663036928,313647104
1791413557,5995540,0,4.40,748057512,60215296,14663012352,403849216
1791413562,6339140,0,4.29,535584608,49664000,14663012352,459304960
1791413567,6422128,0,4.02,448756816,48611328,14663012352,433704960
1791413572,6521444,0,3.78,357590216,47620096,14663012352,385572864
1791413577,6596372,0,3.56,264323944,46813184,14663012352,328085504
1791413582,6394204,0,3.43,349361552,45543424,14663004160,296226816
1791413587,6540544,0,3.43,326033448,44969984,14663004160,228360192
1791413592,6769080,0,3.24,265905816,183787520,14663004160,247656448
1791413597,6051328,0,3.06,522903080,496734208,14662991872,157331456
1791413602,6000332,0,2.81,502114664,483528704,14662991872,247242752
1791413607,5720212,0,2.75,667552360,789508096,14662991872,309297152
1791413613,5552556,0,4.69,699821768,761147392,14662991872,369389568
1791413618,6035868,0,4.39,492662424,50216960,14662975488,433545216
1791413623,6241444,0,4.12,507523768,50032640,14662975488,429277184
1791413628,6444216,0,3.87,424860784,48762880,14662975488,383287296
1791413633,6519100,0,4.04,318419952,48377856,14662975488,330055680
1791413638,6685708,0,3.96,207418264,46436352,14662975488,269262848
1791413643,6496568,0,3.72,286860000,45916160,14662975488,235200512
1791413648,6957988,0,3.50,81312912,45064192,14662975488,217600000
1791413653,6549308,0,3.86,455842728,185032704,14662975488,221450240
1791413658,6308616,0,3.71,422962936,268656640,14662975488,157683712
1791413663,6040656,0,4.62,611578752,462925824,14662975488,218836992
1791413668,5574500,0,5.21,543919184,918114304,14662975488,249028608
1791413673,5615768,0,5.99,646354088,859856896,14662983680,339460096
1791413678,5485484,0,6.47,720953840,860160000,14662983680,428744704
1791413683,6045828,0,6.04,603439408,56713216,14662959104,459616256
1791413688,6216420,0,5.63,557303216,50806784,14662959104,511406080
1791413693,6317552,0,5.26,479831552,49999872,14662959104,451862528
1791413698,6556668,0,4.92,344535560,48918528,14662959104,404897792
1791413703,6566548,0,4.61,352855632,48218112,14662959104,378867712
1791413709,6443060,0,4.32,410082680,47517696,14662955008,320593920
1791413714,6528764,0,4.13,324741128,46325760,14662950912,255827968
1791413719,6689156,0,4.20,184244232,45289472,14662950912,184074240
1791413724,6624484,0,3.94,273813328,137060352,14662946816,514830336
1791413729,6638400,0,3.71,273024496,137060352,14662946816,514830336
1791413734,6778724,0,3.49,289311400,45109248,14662946816,404348928
1791413739,6118564,0,3.29,138481616,913149952,14662942720,150634496
1791413744,5258996,0,3.11,125322560,1730596864,14662942720,189734912
1791413749,6971528,0,2.86,31410480,76935168,14662942720,95117312
1791413754,6856184,0,2.63,82083768,67936256,14662938624,187748352
1791413759,6658096,0,2.42,58011664,42418176,14662938624,149512192
1791413764,4702344,0,2.63,182191520,1979203584,14662938624,164265984
1791413769,6619948,0,2.42,139781416,42848256,14662938624,188387328
1791413774,6477848,0,2.38,213056144,187248640,14660911104,193081344
1791413779,6533844,0,2.43,235190968,237699072,14659469312,521334784
1791413784,6413104,0,3.44,342580976,318697472,14657585152,839618560
1791413789,6477620,0,3.24,306265416,342786048,14656294912,824082432
1791413794,6415212,0,3.14,364936888,424267776,14654095360,629805056
1791413799,6283284,0,2.97,477992936,429318144,14651129856,582774784
1791413804,6606952,0,2.81,88439496,,14648758272,693604352
1791413809,6950052,0,2.59,5292800,,14648750080,123502592
1791413814,6777616,0,2.46,87851392,,14648729600,145739776
