epoch,mem_avail_kb,swap_used_kb,load1,arc_bytes,cgroup_bytes,root_free_bytes,tank_alloc_bytes
1791425133,6666816,0,2.33,5584032,,13971402752,12386304
1791425138,6683144,0,2.14,85692152,47984640,13971390464,105193472
1791425143,6767744,0,1.97,84510888,47726592,13971386368,106975232
1791425148,6809876,0,1.81,84510888,47726592,13971386368,56700928
1791425153,6788028,0,1.91,87063080,75898880,13971382272,150286336
1791425158,6804204,0,1.75,85317616,75898880,13971378176,107892736
1791425163,6805476,0,1.69,85317616,75898880,13971378176,56778752
1791425168,6829328,0,1.64,87403656,64237568,13971378176,143659008
1791425173,6823820,0,1.51,86687368,64212992,13971378176,101253120
1791425178,6822592,0,1.39,85733496,64212992,13971374080,57090048
1791425183,6895212,0,1.27,75387160,27422720,13971369984,79642624
1791425188,6844360,0,1.17,87399984,59490304,13971369984,144093184
1791425193,6836484,0,1.08,85677752,59404288,13971369984,101437440
1791425198,6831944,0,0.99,85677752,59387904,13971365888,56696832
1791425203,6818228,0,0.99,87441440,51097600,13971365888,143892480
1791425208,6829744,0,0.91,85720672,51097600,13971361792,101113856
1791425214,6832360,0,0.84,85720672,51097600,13971361792,56680448
1791425219,6830704,0,0.77,87280256,50958336,13971357696,143380480
1791425224,6833160,0,0.71,85693064,50917376,13971353600,100716544
1791425229,6837436,0,0.65,85693064,51007488,13971353600,56619008
1791425234,6834044,0,0.60,87403352,46362624,13971353600,143929344
1791425239,6838832,0,0.55,86875352,46362624,13971349504,101412864
1791425244,6837640,0,0.51,85692104,46362624,13971349504,56676352
1791425249,6838192,0,0.47,80530128,27742208,13971349504,79872000
1791425254,6829528,0,0.43,87354400,45658112,13971345408,143773696
1791425259,6834240,0,0.39,85616744,45658112,13971345408,101101568
1791425264,6814832,0,0.36,85616744,45387776,13971341312,56676352
1791425269,6835836,0,0.41,87001016,45711360,13971337216,142606336
1791425274,6842960,0,0.38,85622472,45711360,13971337216,100057088
1791425279,6834664,0,0.43,85622472,45711360,13971333120,56655872
1791425284,6832676,0,0.48,86473192,48447488,13971329024,144322560
1791425289,6838232,0,0.52,85297960,48447488,13971329024,101834752
1791425294,6836572,0,0.56,85297960,48447488,13971324928,56315904
1791425299,6799472,0,0.51,87418864,72937472,13971320832,149078016
1791425304,6807052,0,0.47,87118536,72683520,13971316736,106524672
1791425309,6808988,0,0.43,85554456,72683520,13971316736,56504320
1791425314,6865580,0,0.40,58994224,60944384,13971316736,77897728
1791425319,6812048,0,0.53,87502696,60956672,13971316736,153882624
1791425324,6804492,0,0.48,85763280,60620800,13971312640,111263744
1791425329,6818216,0,0.44,85763280,60764160,13971312640,56549376
1791425334,6820232,0,0.45,87340600,55844864,13971304448,154685440
1791425340,6823176,0,0.41,85610944,55844864,13971304448,111984640
1791425345,6823592,0,0.38,85610944,55844864,13971304448,56532992
1791425350,6816120,0,0.35,87320496,47951872,13971304448,149250048
1791425355,6828228,0,0.32,85493736,47951872,13971300352,106770432
1791425360,6829196,0,0.30,85493736,47951872,13971300352,56758272
1791425365,6832004,0,0.27,87693488,47403008,13971296256,149065728
1791425370,6822132,0,0.25,87071560,47403008,13971292160,106586112
1791425375,6834092,0,0.23,85625368,47403008,13971292160,56713216
1791425380,6859220,0,0.29,71868608,52101120,13971292160,78909440
1791425385,6833844,0,0.27,87426920,43630592,13971292160,148996096
1791425390,6836272,0,0.33,85718200,43282432,13971283968,106442752
1791425395,6838804,0,0.38,85718200,43282432,13971283968,56721408
1791425400,6815372,0,0.43,87345768,42033152,13971279872,149159936
1791425405,6836800,0,0.40,85584376,42033152,13971275776,106516480
1791425410,6833944,0,0.36,85584376,42033152,13971275776,56631296
1791425415,6808520,0,0.33,87009104,42598400,13971271680,148434944
1791425420,6830032,0,0.31,85629144,42598400,13971271680,105861120
1791425425,6829568,0,0.28,85629144,42598400,13971267584,56647680
1791425430,6791080,0,0.34,139857144,79097856,13971263488,156770304
1791425435,6747980,0,0.31,120294488,79151104,13971263488,155455488
1791425440,6744656,0,0.29,119325624,79151104,13971259392,97521664
1791425445,6741956,0,0.26,119325624,79151104,13971255296,96858112
1791425450,6738520,0,0.24,119325624,78483456,13971251200,96858112
1791425455,6743884,0,0.22,119325624,78745600,13971251200,96858112
1791425461,6741124,0,0.21,119325624,78770176,13971247104,96858112
1791425466,6743608,0,0.19,119325624,78770176,13971247104,96858112
1791425471,6743276,0,0.17,119325624,78798848,13971247104,96858112
1791425476,6742776,0,0.16,119325624,78798848,13971243008,96858112
1791425481,6742016,0,0.15,119325624,78802944,13971243008,96858112
1791425486,6740088,0,0.13,119325624,78802944,13971238912,96858112
1791425491,6739848,0,0.12,119484456,77709312,13971238912,96858112
1791425496,6739112,0,0.11,119288272,77709312,13971238912,97316864
1791425501,6737104,0,0.10,119288272,77713408,13971238912,97316864
1791425506,6721368,0,0.18,119288272,77713408,13971234816,96866304
1791425511,6734456,0,0.24,119303152,78254080,13971234816,96866304
1791425516,6738500,0,0.30,119366304,78254080,13971230720,97333248
1791425521,6469452,0,0.36,402885008,93368320,13971226624,113721344
1791425526,6508836,0,0.33,380160696,100577280,13971226624,142290944
1791425531,6522220,0,0.30,315418768,101130240,13971222528,140521472
1791425536,6522760,0,0.28,314752072,101130240,13971222528,140566528
1791425541,6521352,0,0.26,314752072,101404672,13971222528,139390976
1791425546,6541620,0,0.24,314752072,101404672,13971218432,138522624
1791425551,6544856,0,0.22,315131352,100888576,13971218432,138522624
1791425556,6550780,0,0.20,315689352,100794368,13971214336,139128832
1791425561,6552976,0,0.18,315944568,101224448,13971214336,139128832
1791425566,6556252,0,0.17,316560984,100909056,13971214336,138526720
1791425571,6553332,0,0.15,316640240,101285888,13971210240,138977280
1791425576,6559444,0,0.14,316813664,101040128,13971210240,138977280
1791425581,6548916,0,0.13,318327168,101019648,13971206144,138502144
1791425587,6556436,0,0.12,316896232,101347328,13971206144,139489280
1791425592,6555732,0,0.11,318178744,101531648,13971206144,139988992
1791425597,6563816,0,0.10,318457920,101220352,13971206144,139567104
1791425602,6563348,0,0.09,316554568,101498880,13971202048,139571200
1791425607,6564920,0,0.08,316989248,101224448,13971202048,139591680
1791425612,6442084,0,0.16,471636456,108814336,13971202048,141639680
1791425617,6393304,0,0.23,465844640,109391872,13971197952,167215104
1791425622,6388900,0,0.29,473534608,111423488,13971197952,191918080
1791425627,6398732,0,0.35,398985504,111259648,13971197952,204075008
1791425632,6399880,0,0.40,399993512,111476736,13971193856,202809344
1791425637,6409464,0,0.45,401470360,111517696,13971193856,201576448
1791425642,6405192,0,0.41,402710864,111374336,13971189760,202727424
1791425647,6411144,0,0.38,405411544,111722496,13971189760,203108352
1791425652,6438028,0,0.35,406440448,111972352,13971189760,202346496
1791425657,6454056,0,0.32,406556464,111726592,13971185664,201965568
1791425662,6465712,0,0.29,405890552,111587328,13971185664,202067968
1791425667,6472516,0,0.27,409599104,111763456,13971185664,203087872
1791425672,6477196,0,0.25,408396472,111910912,13971185664,203354112
1791425677,6473492,0,0.23,411986304,111857664,13971181568,202723328
1791425682,6474268,0,0.21,417531064,111702016,13971181568,201965568
1791425687,6474948,0,0.19,418484488,111874048,13971181568,202342400
1791425692,6476120,0,0.18,418621080,111960064,13971181568,202342400
1791425697,6493080,0,0.16,399918792,116649984,13971177472,201646080
1791425702,6452708,0,0.15,386579200,109813760,13971177472,201646080
1791425708,6479404,0,0.14,387532816,110104576,13971173376,201646080
1791425713,6431272,0,0.21,453853672,116137984,13971173376,212049920
1791425718,6323288,0,0.27,486434152,120049664,13971169280,238612480
1791425723,6293468,0,0.41,463437176,119046144,13971169280,263483392
1791425728,6346476,0,0.38,441518848,119349248,13971169280,266829824
1791425733,6367016,0,0.35,444099328,119431168,13971165184,265326592
1791425738,6388372,0,0.40,448985056,119640064,13971165184,263933952
1791425743,6428728,0,0.45,448513152,119488512,13971165184,263933952
1791425748,6439284,0,0.41,455533144,119767040,13971161088,264613888
1791425753,6431540,0,0.54,457009432,119795712,13971156992,264613888
1791425758,6422248,0,0.49,463402144,119881728,13971156992,264839168
1791425763,6404364,0,0.45,464590016,119824384,13971156992,264839168
1791425768,6360448,0,0.42,471066352,119980032,13971148800,264130560
1791425773,6367368,0,0.38,473750648,120172544,13971148800,265314304
1791425778,6363592,0,0.35,476769600,120246272,13971148800,265641984
1791425783,6361832,0,0.32,478487440,120246272,13971144704,264470528
1791425788,6384128,0,0.30,483247808,120303616,13971144704,264757248
1791425793,6390560,0,0.27,482878728,119717888,13971144704,264757248
1791425798,6434168,0,0.25,422923112,123801600,13971140608,264130560
1791425803,6443940,0,0.31,419398664,117055488,13971140608,264130560
1791425808,6435400,0,0.29,422887848,116817920,13971140608,264130560
1791425813,6401316,0,0.26,486126128,121294848,13971132416,264130560
1791425818,6309852,0,0.32,582568648,119959552,13971128320,271482880
1791425823,6262288,0,0.38,588705472,121839616,13971128320,297766912
1791425828,6196468,0,0.43,604239464,128188416,13971124224,322859008
1791425834,6133468,0,0.47,627179664,131473408,13971124224,347746304
1791425839,6112468,0,0.52,633750904,133853184,13971120128,372994048
1791425844,6117644,0,0.55,651956712,137715712,13971120128,397754368
1791425849,6142456,0,0.51,534711048,137539584,13971120128,422379520
1791425854,6229932,0,0.47,528407080,137838592,13971116032,423546880
1791425859,6259380,0,0.59,529929720,137515008,13971116032,422027264
1791425864,6311756,0,0.62,530771496,137809920,13971116032,420618240
1791425869,6324360,0,0.57,535859808,137666560,13971111936,420618240
1791425874,6333088,0,0.53,539412008,137940992,13971111936,420618240
1791425879,6324216,0,0.49,544326216,137990144,13971111936,421236736
1791425884,6306016,0,0.45,545939320,137936896,13971111936,421236736
1791425889,6303248,0,0.41,550372624,138551296,13971107840,420687872
1791425894,6296152,0,0.38,558261992,138366976,13971107840,420687872
1791425899,6283424,0,0.35,563403712,138465280,13971103744,421933056
1791425904,6274564,0,0.32,564560864,138465280,13971103744,422273024
1791425909,6263020,0,0.29,567908992,138756096,13971103744,421519360
1791425914,6259636,0,0.27,573851344,138817536,13971099648,421179392
1791425919,6266552,0,0.25,578160584,138022912,13971099648,420663296
1791425924,6270208,0,0.23,582266864,138350592,13971099648,420663296
1791425929,6263992,0,0.21,588499088,138403840,13971095552,420663296
1791425934,6262760,0,0.19,593400528,138207232,13971095552,420663296
1791425939,6256072,0,0.34,598792704,138649600,13971095552,420663296
1791425944,6246712,0,0.31,600834392,138854400,13971095552,420663296
1791425949,6216464,0,0.28,609817664,138203136,13971091456,420663296
1791425955,6229260,0,0.26,608108728,138952704,13971091456,420663296
1791425960,6240688,0,0.32,609705368,138514432,13971087360,420663296
1791425965,6249536,0,0.35,610491728,138432512,13971087360,420663296
1791425970,6245412,0,0.40,609504688,138469376,13971087360,420663296
1791425975,6241568,0,0.45,612149096,138514432,13971087360,420663296
1791425980,6240348,0,0.42,609718696,138911744,13971083264,420663296
1791425985,6240932,0,0.38,613653312,138825728,13971083264,421158912
1791425990,6242664,0,0.43,613548568,138715136,13971083264,421158912
1791425995,6244624,0,0.40,609935752,138461184,13971083264,420769792
1791426000,6247380,0,0.36,611129528,138850304,13971079168,420769792
1791426005,6242188,0,0.34,609749512,138788864,13971079168,420769792
1791426010,6241732,0,0.31,610455736,138563584,13971079168,420769792
1791426015,6227576,0,0.28,610836248,138694656,13971070976,420769792
1791426020,6236452,0,0.26,611282328,138563584,13971070976,420769792
1791426025,6225892,0,0.24,610762424,138645504,13971066880,420769792
1791426030,6240024,0,0.22,611876168,138760192,13971066880,420769792
1791426035,6239800,0,0.20,611964744,138440704,13971066880,420769792
1791426040,6236952,0,0.18,612156728,138780672,13971066880,420769792
1791426045,6240112,0,0.17,611952648,138956800,13971062784,420769792
1791426050,6243544,0,0.16,611345960,139026432,13971062784,420769792
1791426055,6242596,0,0.14,611709304,138764288,13971058688,420769792
1791426060,6241188,0,0.13,613418456,138498048,13971058688,420769792
1791426065,6240232,0,0.12,612168072,138518528,13971054592,420769792
1791426070,6235292,0,0.11,612973880,138964992,13971054592,420769792
1791426075,6228512,0,0.10,613840584,138776576,13971050496,420769792
1791426081,6238916,0,0.09,615931800,138772480,13971050496,420769792
1791426086,6240288,0,0.17,610748296,138780672,13971050496,420769792
1791426091,6237116,0,0.23,610093576,138498048,13971046400,420769792
1791426096,6232984,0,0.21,609487816,138829824,13971046400,420769792
1791426101,6243104,0,0.20,611313688,138776576,13971046400,420769792
1791426106,6240464,0,0.18,611885992,138567680,13971042304,420769792
1791426111,6242252,0,0.25,612102248,138665984,13971042304,420769792
1791426116,6238624,0,0.23,612569576,138682368,13971042304,420769792
1791426121,6231684,0,0.29,613286168,138465280,13971038208,420769792
1791426126,6236740,0,0.27,613262936,138563584,13971038208,420769792
1791426131,6242948,0,0.24,612818296,138797056,13971034112,420769792
1791426136,6224344,0,0.22,612684712,138760192,13971034112,420769792
1791426141,6233832,0,0.21,612934744,138792960,13971030016,420769792
1791426146,6236048,0,0.19,615402912,138768384,13971030016,420769792
1791426151,6235180,0,0.17,615686712,138686464,13971030016,421888000
1791426156,6237980,0,0.16,614501712,138780672,13971025920,421888000
1791426161,6353256,0,0.15,510200856,142438400,13971025920,420769792
1791426166,6309652,0,0.54,504087584,172535808,13971021824,420769792
1791426171,6310808,0,0.65,504400600,135503872,13971021824,420769792
1791426176,6328744,0,0.60,508670328,135565312,13971021824,420769792
1791426181,6344568,0,0.55,513756224,143536128,13971013632,420769792
1791426186,6349796,0,0.51,515472816,143679488,13971013632,421277696
1791426191,6352068,0,0.71,520577904,144334848,13971013632,422547456
1791426196,6318792,0,0.65,520649008,144277504,13971005440,423108608
1791426202,6335156,0,0.68,524405656,137736192,13971005440,423153664
1791426207,6311764,0,0.70,530920496,170336256,13971005440,422821888
1791426212,6304360,0,0.73,536613152,170946560,13971001344,425115648
1791426217,6280060,0,0.83,540600608,171196416,13971001344,428720128
1791426222,6278392,0,0.84,542761488,172167168,13971001344,429584384
1791426227,6291660,0,0.78,545732856,144195584,13970997248,429023232
1791426232,6231316,0,0.71,558626464,224759808,13970997248,428105728
1791426237,6221424,0,1.14,563940800,224997376,13970997248,431091712
1791426242,6216220,0,2.25,568016856,226639872,13970993152,435007488
1791426247,6209520,0,3.59,569898664,227749888,13970993152,437198848
1791426252,6248932,0,4.02,573807792,156307456,13970989056,440602624
1791426257,6055608,0,3.70,612854088,314478592,13970989056,443711488
1791426262,6011136,0,4.21,624712024,315785216,13970989056,458665984
1791426268,5992104,0,7.95,625661984,316669952,13970984960,473952256
1791426273,5991768,0,11.40,631720928,318464000,13970984960,472195072
1791426278,6161532,0,11.05,634557648,172027904,13970984960,474734592
1791426283,5954212,0,10.16,731580312,38019072,13970980864,472039424
1791426288,6152496,0,9.43,553757616,34271232,13970980864,487243776
1791426293,6224264,0,8.91,415713848,33816576,13970980864,458952704
1791426298,6195292,0,8.28,511433824,33894400,13970976768,403505152
1791426303,6371492,0,7.70,364499184,33296384,13970976768,349782016
1791426308,6195060,0,7.16,376621272,32702464,13970976768,322080768
1791426313,6410404,0,6.67,330000656,32546816,13970976768,264511488
1791426318,6580332,0,8.62,188567944,32100352,13970972672,208982016
1791426323,6761312,0,8.01,134548784,80429056,13970968576,272117760
1791426328,6740156,0,7.36,123839544,80429056,13970964480,283779072
1791426333,6740444,0,6.85,123839544,80429056,13970964480,97951744
1791426338,6742308,0,6.39,123839544,80441344,13970964480,97132544
1791426343,6741356,0,5.95,123839544,80441344,13970964480,97132544
1791426348,6740992,0,5.48,123839544,80445440,13970960384,97132544
1791426354,6741764,0,5.04,123839544,80445440,13970960384,97132544
1791426359,6742552,0,4.63,123839544,80457728,13970956288,97132544
1791426364,6742512,0,4.26,123839544,80347136,13970948096,97132544
1791426369,6742028,0,3.92,123839544,80355328,13970948096,97132544
1791426374,6740488,0,3.61,123839544,80355328,13970948096,97132544
1791426379,6737476,0,3.32,123839544,80367616,13970944000,97132544
1791426384,6727408,0,3.13,123839944,80269312,13970939904,97132544
1791426389,6739752,0,2.88,123839944,80592896,13970939904,97132544
1791426394,6740248,0,2.65,123839944,80588800,13970939904,97132544
1791426399,6741208,0,2.44,123839944,80879616,13970939904,97132544
1791426404,6741256,0,2.24,123839944,80875520,13970935808,97132544
1791426409,6691976,0,2.06,228930344,84406272,13970931712,113324032
1791426414,6460864,0,1.98,357644472,100114432,13970927616,144318464
1791426419,6504596,0,1.82,318496600,100175872,13970927616,140689408
1791426424,6518280,0,1.67,318496600,100175872,13970927616,139747328
1791426429,6526664,0,1.54,318496600,100175872,13970923520,138530816
1791426434,6544512,0,1.41,318496600,100184064,13970923520,138530816
1791426439,6544452,0,1.30,318496600,100184064,13970919424,138530816
1791426444,6525344,0,1.20,318496600,99762176,13970919424,138530816
1791426449,6546676,0,1.18,318496600,99762176,13970915328,138530816
1791426454,6550488,0,1.17,318496600,99758080,13970915328,138530816
1791426459,6547336,0,1.07,318496600,100417536,13970915328,138530816
1791426464,6549748,0,0.99,318496600,100028416,13970911232,138530816
1791426469,6548864,0,0.91,318496600,100036608,13970911232,138530816
1791426474,6552804,0,0.83,319114592,100032512,13970907136,139214848
1791426480,6551412,0,0.77,318145248,100040704,13970907136,139214848
1791426485,6551172,0,0.71,318145248,99774464,13970907136,138539008
1791426490,6548780,0,0.65,320990256,103841792,13970903040,138539008
1791426495,6554080,0,0.68,317583584,99885056,13970903040,138539008
1791426500,6557188,0,0.62,317583584,99885056,13970903040,138539008
1791426505,6351036,0,1.47,496497512,109121536,13970898944,138539008
1791426510,6347888,0,1.44,551115752,113184768,13970898944,167718912
1791426515,6373400,0,1.32,541007800,116510720,13970894848,197001216
1791426520,6416084,0,1.22,399944928,116510720,13970894848,220426240
1791426525,6412808,0,1.12,399944928,116510720,13970894848,219070464
1791426530,6419840,0,1.03,399944928,116051968,13970890752,217710592
1791426535,6433656,0,0.95,400496424,116051968,13970890752,217710592
1791426540,6431764,0,0.87,399886936,116060160,13970890752,218722304
1791426545,6431136,0,0.80,399886936,116060160,13970890752,218722304
1791426550,6429496,0,0.74,399886936,116142080,13970886656,217657344
1791426555,6414268,0,0.68,399886936,116064256,13970886656,217657344
1791426560,6431432,0,0.70,399886936,116072448,13970882560,217657344
1791426565,6393508,0,0.81,399886936,115601408,13970882560,217657344
1791426570,6413848,0,0.74,399886936,115875840,13970882560,217657344
1791426575,6423768,0,0.68,399889784,115871744,13970878464,217657344
1791426580,6423052,0,0.63,399889784,115884032,13970878464,217657344
1791426585,6422672,0,0.58,399889784,115884032,13970874368,217657344
1791426590,6461084,0,0.61,407829824,122105856,13970874368,217657344
1791426596,6474016,0,0.56,405452736,115589120,13970874368,217657344
1791426601,6471520,0,0.52,405452736,115589120,13970874368,217657344
1791426606,6375988,0,0.56,511322496,119664640,13970866176,217657344
1791426611,6338180,0,0.59,541890360,127008768,13970866176,243134464
1791426616,6316852,0,0.62,561246512,132628480,13970862080,271450112
1791426621,6320804,0,0.57,457562424,133332992,13970862080,299352064
1791426626,6338076,0,0.53,452854096,133332992,13970862080,299958272
1791426631,6317424,0,0.49,452854096,132993024,13970857984,298192896
1791426636,6322692,0,0.45,452854096,133259264,13970857984,296787968
1791426641,6349824,0,0.41,452854096,133255168,13970853888,296787968
1791426646,6358556,0,0.38,452854096,132984832,13970853888,296787968
1791426651,6357308,0,0.35,452854096,132980736,13970853888,296787968
1791426656,6354332,0,0.32,452854096,132972544,13970853888,296787968
1791426661,6354080,0,0.29,452854096,132972544,13970849792,296787968
1791426666,6354084,0,0.27,453158296,133234688,13970845696,296787968
1791426671,6356640,0,0.25,452861264,132968448,13970845696,297631744
1791426676,6356636,0,0.31,452861264,132972544,13970841600,297631744
1791426681,6358332,0,0.36,452864112,132960256,13970841600,296771584
1791426686,6356336,0,0.41,452864112,132968448,13970841600,296771584
1791426691,6345940,0,0.38,452864112,132845568,13970833408,296771584
1791426696,6355508,0,0.43,458908840,151900160,13970833408,296771584
1791426701,6360400,0,0.40,453799648,131317760,13970829312,296771584
1791426706,6368372,0,0.36,453799648,130932736,13970829312,296771584
1791426711,6310256,0,0.42,566875416,138969088,13970825216,305401856
1791426717,6247840,0,0.78,584528400,143196160,13970825216,333303808
1791426722,6187560,0,1.44,594365640,149168128,13970825216,361136128
1791426727,6182108,0,1.41,609019632,157765632,13970821120,389083136
1791426732,6123432,0,1.37,621723496,160043008,13970821120,416907264
1791426737,6093848,0,1.34,631671696,164204544,13970821120,444608512
1791426742,6068472,0,1.31,650461216,169201664,13970817024,472698880
1791426747,6085840,0,1.29,577174616,168448000,13970817024,497836032
1791426752,6056116,0,1.19,577174616,168390656,13970817024,496144384
1791426757,6116452,0,1.09,577174616,168390656,13970812928,494485504
1791426762,6175176,0,1.00,577174616,168398848,13970812928,494485504
1791426767,6193288,0,0.92,577174616,168398848,13970812928,494485504
1791426772,6189628,0,0.85,577174616,168402944,13970808832,494485504
1791426777,6191532,0,0.78,577174616,168402944,13970808832,494485504
1791426782,6193824,0,0.72,577174616,168411136,13970808832,494485504
1791426787,6201048,0,0.66,577297984,168411136,13970804736,495300608
1791426792,6173856,0,0.69,577297984,168419328,13970804736,495300608
1791426797,6188276,0,0.71,577297984,168419328,13970804736,494469120
1791426802,6197120,0,0.74,577297984,168689664,13970800640,494469120
1791426807,6196928,0,0.68,577298384,168685568,13970800640,494469120
1791426812,6173944,0,0.62,577298384,168398848,13970796544,494469120
1791426817,6194236,0,0.57,577298384,168398848,13970796544,494469120
1791426822,6236204,0,0.53,582862488,178376704,13970796544,494469120
1791426827,6184784,0,0.56,588589704,204627968,13970792448,494469120
1791426833,6196776,0,0.60,579870008,167489536,13970792448,494469120
1791426838,6181680,0,0.55,579870008,167489536,13970792448,494469120
1791426843,6238556,0,0.51,603070808,40833024,13970784256,494469120
1791426848,6174788,0,0.55,482342960,26054656,13970784256,504954880
1791426853,6440256,0,0.58,365135456,26030080,13970784256,440655872
1791426858,6442900,0,1.18,325918064,25997312,13970784256,409653248
1791426863,6402456,0,1.16,364446112,25964544,13970780160,345825280
1791426868,6568412,0,1.15,240529400,25964544,13970780160,281731072
1791426873,6530940,0,1.30,212657808,25382912,13970780160,249688064
1791426878,6553968,0,1.27,230307992,25346048,13970776064,185298944
1791426883,6778960,0,1.25,136383888,79532032,13970771968,211136512
1791426888,6757368,0,1.15,124774480,79515648,13970771968,218738688
1791426893,6753188,0,1.06,124774480,79515648,13970767872,97198080
1791426898,6750744,0,0.97,124774480,79523840,13970767872,96436224
1791426903,6751868,0,0.90,124774480,79519744,13970767872,96436224
1791426908,6751384,0,0.90,124774480,79532032,13970763776,96436224
1791426913,6752244,0,0.91,124774480,79486976,13970763776,96436224
1791426918,6751776,0,0.92,124774480,79495168,13970763776,96436224
1791426923,6749352,0,0.85,124774480,79495168,13970763776,96436224
1791426928,6753008,0,0.78,124774480,79503360,13970759680,96436224
1791426933,6750156,0,0.72,124774480,79503360,13970759680,96436224
1791426938,6731704,0,0.66,124774480,79499264,13970751488,96436224
1791426943,6743072,0,0.61,124698808,77594624,13970747392,97058816
1791426949,6746064,0,0.56,124698808,77516800,13970747392,97058816
1791426954,6748132,0,0.51,124698808,77778944,13970747392,96464896
1791426959,6749192,0,0.47,124699208,78331904,13970743296,96464896
1791426964,6749656,0,0.43,124832944,78286848,13970743296,96972800
1791426969,6734924,0,0.40,171867976,81539072,13970735104,113471488
1791426974,6537792,0,0.45,300746016,96567296,13970731008,143810560
1791426979,6554724,0,0.49,322754904,101126144,13970731008,140152832
1791426984,6537140,0,0.45,320673664,101650432,13970731008,140320768
1791426989,6541812,0,0.41,319851264,101650432,13970726912,139173888
1791426994,6564560,0,0.38,319851264,101666816,13970726912,138203136
1791426999,6573124,0,0.35,319851264,101666816,13970726912,138203136
1791427004,6570016,0,0.32,319851264,101675008,13970722816,138203136
1791427009,6552688,0,0.30,319851264,101605376,13970718720,138203136
1791427014,6568916,0,0.27,319851264,101863424,13970718720,138203136
1791427019,6569104,0,0.25,319851264,101863424,13970718720,138203136
1791427024,6569884,0,0.31,319851264,101863424,13970714624,138203136
1791427029,6556568,0,0.37,319851264,101863424,13970714624,138203136
1791427034,6567168,0,0.42,320001808,101859328,13970714624,138203136
1791427039,6567996,0,0.46,319818152,101859328,13970710528,138727424
1791427044,6567112,0,0.43,319818552,101863424,13970710528,138727424
1791427049,6566580,0,0.39,319818552,101863424,13970710528,138215424
1791427054,6564708,0,0.36,318793976,101961728,13970706432,138215424
1791427059,6566676,0,0.33,318793976,101961728,13970706432,138215424
1791427064,6406384,0,0.30,505275016,110170112,13970706432,138215424
1791427069,6374404,0,0.44,519475768,113459200,13970702336,167596032
1791427075,6351164,0,0.49,535747264,119115776,13970702336,197382144
1791427080,6439060,0,0.53,402905176,117784576,13970698240,220483584
1791427085,6387760,0,0.48,402905176,117293056,13856563200,219095040
1791427090,6338896,0,0.53,402905176,117301248,13859954688,217681920
1791427095,6341192,0,0.56,403089880,117833728,13859954688,218570752
1791427100,6370384,0,0.60,403089880,117825536,13859950592,218570752
1791427105,6388888,0,0.82,403089880,117829632,13859950592,217653248
1791427110,6385772,0,0.84,403089880,117571584,13859950592,217653248
1791427115,6384748,0,0.85,403089880,117575680,13859946496,217653248
1791427120,6384756,0,0.86,403089880,117583872,13859946496,217653248
1791427125,6383112,0,0.87,403089880,117583872,13859946496,217653248
1791427130,6354272,0,0.88,403089880,117334016,13859942400,217653248
1791427135,6380644,0,0.97,403092728,117334016,13859942400,217653248
1791427140,6385268,0,1.06,403092728,117342208,13859942400,217653248
1791427145,6384404,0,1.05,403092728,117104640,13859938304,217653248
1791427150,6371472,0,1.13,430746272,122703872,13859938304,217653248
1791427155,6427804,0,1.12,404685192,116666368,13859938304,217653248
1791427160,6428324,0,1.11,404685192,116412416,13859934208,217653248
1791427165,6382400,0,1.34,482033792,119984128,13859934208,217653248
1791427170,6304128,0,1.55,529183840,128839680,13859934208,243933184
1791427175,6192840,0,1.59,542178048,133685248,13859930112,273375232
1791427180,6252080,0,1.54,453176296,133730304,13859930112,299692032
1791427186,6241860,0,1.50,453176296,133730304,13652672512,298369024
1791427191,6286396,0,1.38,453176296,132976640,13517930496,296796160
1791427196,6329568,0,1.27,453176296,133246976,13517926400,296796160
1791427201,6345528,0,1.16,453176296,133505024,13517926400,296796160
1791427206,6348784,0,1.07,453176296,133255168,13517926400,296796160
1791427211,6355552,0,0.99,453176296,133255168,13517926400,296796160
1791427216,6355832,0,0.91,453176296,133267456,13517922304,296796160
1791427221,6356900,0,0.83,453176296,133267456,13517922304,296796160
1791427226,6343972,0,0.77,454240144,133537792,13517918208,296796160
1791427231,6353024,0,0.70,453297472,133537792,13517918208,297615360
1791427236,6357592,0,0.65,453297472,133550080,13517918208,297615360
1791427241,6357232,0,0.60,453300320,133283840,13517914112,296792064
1791427246,6357500,0,0.55,453300320,133312512,13517914112,296792064
1791427251,6356424,0,0.50,453300320,133296128,13517914112,296792064
1791427256,6364048,0,0.62,459234792,152047616,13517910016,296792064
1791427261,6355712,0,0.65,461015656,133459968,13517910016,296792064
1791427266,6377636,0,0.60,461015656,133459968,13517910016,296792064
1791427271,6351984,0,0.63,526595848,138788864,13517905920,308658176
1791427276,6260568,0,0.66,540413192,143368192,13517901824,338841600
1791427281,6271224,0,0.85,554570800,148537344,13517901824,367276032
1791427286,6144228,0,0.86,564054272,158261248,13517897728,395902976
1791427291,6123240,0,1.03,576067624,161611776,13517897728,423976960
1791427296,6120388,0,1.03,590737032,165593088,13517897728,453042176
1791427302,6100796,0,1.11,604469800,170573824,13517893632,480993280
1791427307,6095564,0,1.02,589188584,171855872,13517893632,497844224
1791427312,6133768,0,1.02,585801488,171855872,13517893632,496304128
1791427317,6124468,0,0.94,585801488,171499520,13517889536,494407680
1791427322,6181196,0,0.86,585801488,171769856,13517889536,494407680
1791427327,6205444,0,0.79,585801488,171769856,13517885440,494407680
1791427332,6202924,0,0.73,585801488,171782144,13517885440,494407680
1791427337,6203304,0,0.67,585801488,171323392,13517885440,494407680
1791427342,6205348,0,0.62,585801488,171335680,13517881344,494407680
1791427347,6203028,0,0.57,586313896,171335680,13517881344,494407680
1791427352,6205100,0,0.52,585700584,171081728,13517881344,495374336
1791427357,6208280,0,0.48,585700584,171323392,13517881344,495374336
1791427362,6205516,0,0.44,585700584,171323392,13517877248,494342144
1791427367,6202816,0,0.40,585700984,171311104,13517877248,494342144
1791427372,6203076,0,0.45,585700984,171319296,13517877248,494342144
1791427377,6182232,0,0.50,585700984,171266048,13517869056,494342144
1791427382,6202800,0,0.54,584016536,181239808,13517869056,494342144
1791427387,6169460,0,0.57,581505784,206655488,13517869056,494342144
1791427392,6186268,0,0.61,584207976,169213952,13517864960,494342144
1791427397,6193168,0,0.56,584207976,169426944,13517864960,494342144
1791427402,6015960,0,0.51,676132040,34320384,13517856768,494342144
1791427407,6349480,0,0.55,383570912,26050560,13517856768,507039744
1791427412,6471352,0,0.59,270128616,26226688,13517856768,417681408
1791427418,6319280,0,0.62,420082648,25890816,13517852672,386408448
1791427423,6502916,0,0.65,284677640,25776128,13517852672,323547136
1791427428,6513280,0,0.68,235860576,25980928,13517852672,291450880
1791427433,6502436,0,0.71,274441304,25915392,13517848576,227237888
1791427438,6650888,0,0.73,103781888,25546752,13517848576,162299904
1791427443,6763432,0,0.75,135198024,79675392,13517840384,222982144
1791427448,6731456,0,0.69,125353648,79663104,13517840384,230649856
1791427453,6731240,0,0.64,125353648,79478784,13517840384,97771520
1791427458,6719400,0,0.59,125353648,79671296,13517836288,96800768
1791427463,6729188,0,0.54,125353648,79671296,13517836288,96800768
1791427468,6733040,0,0.49,125353648,79683584,13517836288,96800768
1791427473,6734124,0,0.45,125353648,79683584,13517832192,96800768
1791427478,6730100,0,0.42,125353648,79687680,13517832192,96800768
1791427483,6732060,0,0.38,125353648,79687680,13517832192,96800768
1791427488,6729824,0,0.43,125353648,79683584,13517828096,96800768
1791427493,6729944,0,0.48,125353648,79675392,13517828096,96800768
1791427498,6731108,0,0.44,125353648,79675392,13517824000,96800768
1791427503,6728360,0,0.40,125353648,79654912,13517824000,96800768
1791427508,6728200,0,0.37,125353648,79667200,13517824000,96800768
1791427513,6728044,0,0.34,125353648,79667200,13517819904,96800768
1791427518,6729164,0,0.31,125354048,79683584,13517819904,96800768
1791427523,6727512,0,0.29,125354048,79683584,13517819904,96800768
1791427528,6702880,0,0.27,209834480,83808256,13517811712,113381376
1791427533,6523840,0,0.32,341951688,98897920,13517811712,144224256
1791427539,6545504,0,0.30,319066920,100368384,13517811712,140513280
1791427544,6544340,0,0.27,319066920,100368384,13517807616,139468800
1791427549,6549732,0,0.25,319066920,100368384,13517807616,138276864
1791427554,6538808,0,0.23,319066920,100376576,13517807616,138276864
1791427559,6552736,0,0.21,319066920,100376576,13517803520,138276864
1791427564,6544812,0,0.20,319066920,100143104,13517803520,138276864
1791427569,6557048,0,0.18,319066920,100405248,13517799424,138276864
1791427574,6556412,0,0.16,319066920,100413440,13517799424,138276864
1791427579,6558376,0,0.15,319066920,100409344,13517795328,138276864
1791427584,6558512,0,0.14,319066920,100409344,13517791232,138276864
1791427589,6561120,0,0.13,319066920,100409344,13517791232,138276864
1791427594,6559284,0,0.12,319765872,100409344,13517787136,139026432
1791427599,6559120,0,0.11,318977440,100409344,13517787136,139026432
1791427604,6546672,0,0.18,318977440,100417536,13517783040,138248192
1791427609,6560016,0,0.25,318977440,100417536,13517783040,138248192
1791427614,6558612,0,0.31,318537976,100560896,13517783040,138248192
1791427619,6558344,0,0.28,318537976,100511744,13517778944,138248192
1791427624,6374740,0,0.34,529114272,109805568,13517778944,138248192
1791427629,6391820,0,0.39,546603056,113344512,13517774848,167276544
1791427634,6383028,0,0.60,541095376,117510144,13517774848,197517312
1791427639,6443112,0,0.71,404928656,117436416,13517774848,220336128
1791427644,6439320,0,0.66,404928656,116887552,13517774848,218824704
1791427649,6434800,0,0.60,404928656,116899840,13517770752,217378816
1791427654,6435336,0,0.56,404809032,116899840,13517770752,218288128
1791427659,6433060,0,0.51,404771040,116912128,13517766656,218898432
1791427665,6434132,0,0.47,404771040,116912128,13517766656,217788416
1791427670,6434140,0,0.43,404771040,116809728,13517766656,217153536
1791427675,6436024,0,0.40,404771040,116809728,13517762560,217153536
1791427680,6434520,0,0.36,404771040,116817920,13517758464,217153536
1791427685,6391460,0,0.34,404771040,116625408,13517746176,217153536
1791427690,6411820,0,0.31,404771040,116625408,13517746176,217153536
1791427695,6427708,0,0.28,404773888,116883456,13517742080,217153536
1791427700,6427472,0,0.26,404773888,116891648,13517742080,217153536
1791427705,6419104,0,0.24,404773888,116887552,13517737984,217153536
1791427710,6463628,0,0.22,408591312,122449920,13517737984,217153536
1791427715,6459612,0,0.36,405119976,115761152,13517737984,217153536
1791427720,6454688,0,0.53,405119976,115757056,13517733888,217153536
1791427725,6400376,0,0.65,521346744,119738368,13517733888,217153536
1791427730,6345900,0,0.68,544733560,128569344,13517733888,246947840
1791427735,6305148,0,0.79,562058936,133410816,13517729792,276684800
1791427740,6305840,0,0.72,453763664,132665344,13517729792,299323392
1791427745,6312404,0,0.66,454112792,133234688,13517725696,298561536
1791427750,6303428,0,0.61,454112792,133111808,13517725696,296894464
1791427755,6333804,0,0.56,454112792,133378048,13517725696,296263680
1791427760,6343120,0,0.52,454112792,133386240,13517721600,296263680
1791427765,6343848,0,0.47,454112792,133652480,13517721600,296263680
1791427770,6343084,0,0.44,454112792,133652480,13517721600,296263680
1791427775,6344500,0,0.40,454112792,133402624,13517717504,296263680
1791427780,6348268,0,0.37,454112792,133402624,13517717504,296263680
1791427786,6345332,0,0.34,454647040,133406720,13517717504,296263680
1791427791,6346724,0,0.31,454285680,133136384,13517713408,297086976
1791427796,6348980,0,0.29,454285680,133402624,13517713408,297086976
1791427801,6329800,0,0.26,454285680,133402624,13517709312,296140800
1791427806,6346956,0,0.24,454288528,132202496,13517709312,296140800
1791427811,6331220,0,0.22,454288528,132431872,13517709312,296140800
1791427816,6363088,0,0.29,460093272,151752704,13517705216,296140800
1791427821,6370752,0,0.26,460944984,132399104,13517705216,296140800
1791427826,6369244,0,0.24,460944984,132399104,13517705216,296140800
1791427831,6293108,0,0.38,560959976,139829248,13517701120,314134528
1791427836,6246204,0,0.51,572252168,145309696,13517701120,345042944
1791427841,6177116,0,0.63,589533200,150814720,13517701120,374091776
1791427846,6129564,0,0.82,602074872,160567296,13517701120,403132416
1791427851,6119856,0,1.00,607115944,164200448,13517697024,431828992
1791427856,6084104,0,1.24,623723408,168218624,13517697024,458506240
1791427861,6014088,0,1.54,641351456,171880448,13517692928,486621184
1791427866,6060188,0,1.41,610065264,173363200,13517692928,497287168
1791427871,6063484,0,1.30,610065264,173166592,13517684736,495648768
1791427876,6144696,0,1.28,610065264,173166592,13517684736,493805568
1791427881,6188160,0,1.17,610065264,173182976,13517684736,493805568
1791427886,6198660,0,1.08,610065264,173182976,13517676544,493805568
1791427891,6210660,0,0.99,610065264,173191168,13517676544,493805568
1791427896,6205552,0,0.91,610065264,173191168,13517672448,493805568
1791427901,6203692,0,0.84,610065264,173191168,13517672448,493805568
1791427907,6206052,0,0.77,610182272,172732416,13517672448,494796800
1791427912,6198972,0,0.71,610182272,172748800,13517668352,494796800
1791427917,6194200,0,0.65,610182272,172748800,13517668352,493789184
1791427922,6197808,0,0.60,610182272,172765184,13517664256,493789184
1791427927,6204988,0,0.55,610182672,172761088,13517664256,493789184
1791427932,6176236,0,0.59,610182672,172593152,13517664256,493789184
1791427937,6196208,0,0.54,610182672,172593152,13517660160,493789184
1791427942,6222496,0,0.66,583014352,188121088,13517660160,493789184
1791427947,6180924,0,0.77,588265880,206159872,13517660160,493789184
1791427952,6176452,0,0.79,589369728,169148416,13517660160,493789184
1791427957,6215892,0,0.88,580633472,169148416,13517656064,493789184
1791427962,6141120,0,0.97,498923400,25722880,13517651968,505376768
1791427967,6418520,0,0.97,356514008,25899008,13517651968,480940032
1791427972,6175924,0,0.98,504077600,25899008,13517651968,449761280
1791427977,6369828,0,0.98,394694120,26079232,13517651968,386498560
1791427982,6508488,0,0.98,261179720,25706496,13517656064,323141632
1791427987,6281708,0,0.98,381677840,25255936,13517656064,291078144
1791427992,6497588,0,0.98,279355016,25468928,13517656064,226803712
1791427997,6771436,0,0.99,136234888,66256896,13517647872,255102976
1791428002,6741376,0,0.91,125425096,70397952,13517647872,266268672
1791428007,6738628,0,0.83,123968296,70664192,13517647872,100990976
1791428012,6737676,0,0.77,123968296,70520832,13517647872,100347904
1791428017,6735632,0,0.71,123968296,70799360,13517647872,100347904
1791428023,6735864,0,0.65,123968296,70758400,13517643776,100347904
1791428028,6735824,0,0.60,123968296,70877184,13517643776,100347904
1791428033,6738476,0,0.55,123968296,69419008,13517639680,100347904
1791428038,6651508,0,0.50,161987720,95498240,13517639680,146173952
1791428043,6561624,0,0.54,269533824,102076416,13517635584,146173952
1791428048,6476712,0,0.58,389718912,88301568,13517635584,257052672
1791428053,6259908,0,0.62,504416760,86978560,13517635584,371044352
1791428058,6158956,0,0.65,596183824,88272896,13517627392,485482496
1791428063,6174060,0,0.75,697319560,94687232,13517627392,594522112
1791428068,6010864,0,0.93,826485560,89337856,13517623296,699867136
1791428073,6027952,0,0.86,829236288,77418496,13517623296,809840640
1791428078,5717212,0,1.11,1095427288,121253888,13517623296,952778752
1791428083,5755532,0,1.42,1026606400,161767424,13517623296,1317343232
1791428088,5708244,0,1.63,1052841744,150093824,13517623296,1438359552
1791428093,5704996,0,1.66,1060595968,164593664,13517623296,1431531520
1791428098,5786424,0,1.85,992703272,152875008,13517623296,1452019712
1791428103,5711052,0,2.10,1024150784,147968000,13517619200,1446240256
1791428108,5783488,0,2.33,996855016,88444928,13517619200,1437278208
1791428113,5801712,0,2.14,1024291840,140701696,13517619200,1368371200
1791428118,5713464,0,2.21,1064759472,183341056,13517619200,1415389184
1791428124,5756444,0,2.36,1000601016,221446144,13517615104,1420296192
1791428129,5714288,0,2.57,982363000,173670400,13517615104,1424932864
1791428134,5761676,0,2.84,968377112,163336192,13517615104,1422827520
1791428139,5724388,0,3.02,1033183776,173502464,13517615104,1418694656
1791428144,5733192,0,3.34,1015455664,161107968,13517611008,1423941632
1791428149,5799732,0,3.31,1021568384,93720576,13517611008,1431728128
1791428154,5663960,0,3.04,1072190640,229650432,13517611008,1426591744
1791428159,5632172,0,3.04,977737568,271499264,13517611008,1478029312
1791428164,5713968,0,3.28,983957376,233148416,13517611008,1447079936
1791428169,5672480,0,3.82,960774888,255016960,13517606912,1442312192
1791428174,5646200,0,3.99,1027885720,272556032,13517606912,1442283520
1791428179,5674988,0,4.07,952000624,261013504,13517606912,1432715264
1791428184,5640928,0,3.99,1014325848,246984704,13517602816,1453027328
1791428189,5802844,0,3.91,955228008,100532224,13517598720,1472483328
1791428194,6668508,0,3.67,199804016,96448512,13517598720,1346772992
1791428199,6546432,0,3.46,302929320,86310912,13517598720,1465368576
1791428204,6447040,0,3.26,419449528,90365952,13517598720,343113728
1791428210,6368084,0,3.08,505136152,88666112,13517594624,466141184
1791428215,6205860,0,2.91,628090664,89767936,13517594624,581595136
1791428220,6220580,0,2.76,635873616,75173888,13517590528,643776512
1791428225,6575372,0,2.54,218357864,130285568,13517586432,721969152
1791428230,6372140,0,2.50,421769664,93507584,13517586432,362168320
1791428235,6165040,0,2.46,620107280,124841984,13517586432,516300800
1791428240,5977472,0,2.42,811437160,112664576,13517586432,781488128
1791428245,5784288,0,2.39,1014469808,104161280,13517586432,914894848
1791428250,5717292,0,2.35,1054546984,79826944,13517582336,1046646784
1791428255,6573960,0,2.16,225983776,160083968,13517578240,1132072960
1791428260,6215848,0,2.39,444594024,159682560,13517578240,473378816
1791428265,6113380,0,2.52,632387232,121942016,13517578240,559321088
1791428270,5842276,0,3.45,840478192,119468032,13517578240,839598080
1791428275,5645912,0,3.33,1031085136,178999296,13517578240,1059205120
1791428280,5741596,0,3.07,1045794520,78536704,13517565952,1124052992
1791428285,6650460,0,3.22,205973504,135925760,13517561856,1176080384
1791428290,6351052,0,3.20,386572872,141623296,13517561856,449622016
1791428295,6048580,0,3.43,614031464,268226560,13517561856,618262528
1791428300,6010520,0,3.55,722154968,177176576,13517557760,713535488
1791428305,5867688,0,3.51,831850832,161726464,13517557760,890462208
1791428311,5816804,0,3.31,956610704,81035264,13517553664,982421504
1791428316,6628724,0,3.68,203671368,153919488,13517553664,992301056
1791428321,6015200,0,4.11,486893776,433520640,13517553664,521461760
1791428326,5965184,0,3.94,636009320,327696384,13517549568,685969408
1791428331,5894080,0,4.11,767765096,240197632,13517549568,790028288
1791428336,5794024,0,4.58,839701936,235163648,13517549568,970989568
1791428341,5733276,0,4.21,1053250896,82272256,13517541376,1046986752
1791428346,6819980,0,3.95,84766544,26685440,13517541376,1106857984
1791428351,6169552,0,4.36,427540584,338214912,13517541376,352641024
1791428356,5789932,0,4.65,821761624,340070400,13517541376,865181696
1791428361,5162048,0,5.64,1013152400,820531200,13517541376,1031839744
1791428366,5563280,0,5.51,814895792,414654464,13517537280,1066549248
1791428371,5529916,0,5.95,1040150392,361091072,13517537280,1028542464
1791428376,5786488,0,5.47,1017882784,90124288,13517533184,1121525760
1791428381,6579204,0,5.11,226138720,129986560,13517529088,1165819904
1791428386,6337796,0,4.78,372159056,272855040,13517529088,1266495488
1791428391,6691164,0,4.48,132296824,97005568,13517524992,440565760
1791428396,6541768,0,4.20,285050584,80474112,13517524992,537165824
1791428402,6717504,0,3.94,174318992,26484736,13517492224,284147712
1791428407,6518136,0,3.71,259327632,122146816,13517488128,468574208
1791428412,6535336,0,3.49,260867720,122146816,13517488128,231292928
1791428417,6476596,0,3.37,308039232,144310272,13517484032,290963456
1791428422,6466044,0,3.34,317196016,149422080,13517484032,305602560
1791428427,6323380,0,3.31,424815368,152727552,13517484032,411521024
1791428432,6308584,0,3.61,495496696,160043008,13517479936,411521024
1791428437,6272712,0,3.72,490641008,159752192,13517479936,475660288
1791428442,6272852,0,3.74,490656256,160120832,13517479936,469598208
1791428447,6712956,0,3.52,122559592,146333696,13517471744,555405312
1791428452,6542380,0,3.32,152560272,227532800,13517467648,623308800
1791428457,6549904,0,3.14,148438176,231460864,13517467648,137969664
1791428462,6551080,0,2.96,147707088,235130880,13517467648,138035200
1791428467,6551016,0,2.81,147707088,238800896,13517463552,122527744
1791428472,6642756,0,2.66,196251592,121368576,13517463552,137592832
1791428477,6659328,0,2.53,166598784,94715904,13517463552,203767808
1791428482,6663440,0,2.41,182862792,101232640,13517463552,211591168
1791428487,6636864,0,2.29,197484240,129523712,13517459456,156151808
1791428492,6682580,0,2.27,184963064,102715392,13517455360,199106560
1791428497,6673628,0,2.57,180185488,102789120,13517451264,195084288
1791428502,6680044,0,2.60,180185488,103452672,13517451264,175104000
1791428508,6763220,0,2.71,144754296,27512832,13517451264,163598336
1791428513,6542236,0,2.58,152859432,269316096,13517447168,257654784
1791428518,6495620,0,2.45,146839944,272723968,13517447168,322945024
1791428523,6496172,0,2.33,146839944,276131840,13517443072,120512512
1791428528,6494092,0,2.23,146839944,279539712,13517443072,119762944
1791428533,6483800,0,2.13,146839944,283209728,13517443072,119762944
1791428538,6568028,0,2.04,200803064,175869952,13517443072,119762944
1791428543,6571476,0,2.12,165343856,173596672,13517443072,200138752
1791428548,6573040,0,2.11,175095152,174604288,13517438976,213696512
1791428553,6547528,0,2.10,192007896,207577088,13517430784,150409216
1791428558,6553972,0,2.09,180527720,196448256,13517426688,174936064
1791428563,6570164,0,2.32,179203608,196964352,13517426688,163180544
1791428568,6571084,0,2.70,179203608,197709824,13517422592,161943552
1791428573,6806496,0,2.80,87311200,49487872,13517410304,254840832
1791428578,6543236,0,2.66,153681776,272662528,13517410304,254840832
1791428583,6488500,0,2.52,146947264,276328448,13517410304,320815104
1791428588,6501600,0,2.40,146947264,279474176,13517410304,120614912
1791428593,6505964,0,2.29,146947264,282939392,13517406208,119803904
1791428598,6507224,0,2.19,146947264,286609408,13517406208,119803904
1791428603,6571960,0,2.09,207181832,179236864,13517406208,119803904
1791428608,6575172,0,2.16,167905568,187129856,13517406208,200708096
1791428613,6528112,0,2.07,185070392,226062336,13517406208,171802624
1791428619,6529788,0,2.07,174922768,211185664,13517402112,172781568
1791428624,6552020,0,2.22,175188272,211755008,13517402112,172097536
1791428629,6553556,0,2.36,175188272,212140032,13517402112,161058816
1791428634,6674748,0,2.49,156926976,127205376,13517385728,60829696
1791428639,6608988,0,2.45,173971808,128245760,13517385728,125341696
1791428644,6592060,0,2.34,187619744,132440064,13517385728,171094016
1791428649,6594820,0,2.23,223685672,135356416,13517385728,206381056
1791428654,6548812,0,2.13,251224936,138244096,13517381632,226213888
1791428659,6509832,0,2.12,280841504,138960896,13517381632,254713856
1791428664,6494548,0,2.11,304726312,122417152,13517381632,287543296
1791428669,6451724,0,2.10,337844736,145219584,13517381632,312524800
1791428674,6431460,0,2.01,361775160,148045824,13517381632,339996672
1791428679,6362708,0,1.93,388983016,127987712,13517377536,371187712
1791428684,6322732,0,1.86,420992720,152244224,13517377536,395423744
1791428689,6284260,0,1.79,450099856,153464832,13517373440,422989824
1791428694,6266524,0,1.72,470447496,159166464,13517373440,457498624
1791428699,6224388,0,1.67,505798976,158851072,13517373440,484265984
1791428704,5939884,0,1.61,679161224,163471360,13517258752,555266048
1791428709,6014888,0,1.64,661572176,166219776,13517254656,954494976
1791428714,5933444,0,1.67,705290928,166821888,13517254656,976322560
1791428719,5777392,0,1.70,784977576,171470848,13517254656,950427648
1791428725,5514488,0,1.96,990084288,173604864,13517254656,942276608
1791428730,5957668,0,1.97,706813984,181047296,13517250560,1090621440
1791428735,5862200,0,1.97,692159488,176304128,13517250560,977924096
1791428740,5650088,0,1.97,980991848,181108736,13517250560,1116045312
1791428745,5931688,0,1.97,781180648,165195776,13517250560,1213059072
1791428750,5829116,0,1.98,825923160,186527744,13517250560,1049464832
1791428755,5653920,0,1.98,933672992,188850176,13517246464,1092300800
1791428760,5665064,0,1.98,972350320,172662784,13517246464,1407307776
1791428765,5377360,0,2.30,1090397712,196415488,13517246464,1412280320
1791428770,6344612,0,2.28,387822752,199778304,13517242368,1668546560
1791428775,6242700,0,2.26,433548184,202665984,13517246464,1122127872
1791428780,6292332,0,2.24,427938736,204595200,13517246464,1056702464
1791428785,6031252,0,2.22,615219344,207060992,13517238272,1068560384
1791428790,5947640,0,2.20,628622512,173318144,13517238272,1547214848
1791428795,5900780,0,2.18,689670920,212905984,13517234176,1619046400
1791428800,5877324,0,2.31,718914744,215044096,13517234176,1526935552
1791428805,5560464,0,2.29,1023502336,217964544,13517230080,1589800960
1791428810,5743344,0,2.27,854572632,218644480,13517230080,1833746432
1791428815,5466216,0,2.33,1094758272,221937664,13517230080,1777131520
1791428820,5851992,0,2.70,804957216,223813632,13517230080,2096271360
1791428825,6178176,0,2.56,620456384,185126912,13517230080,2207408128
1791428830,6029688,0,2.44,795515800,186859520,13517230080,1472557056
1791428835,5967200,0,2.32,860304672,180539392,13517230080,1464385536
1791428841,6036004,0,2.14,744252048,161681408,13517230080,1481056256
1791428846,6099928,0,1.97,728226664,161464320,13517225984,1171001344
1791428851,5846368,0,1.81,894181384,159641600,13517225984,1171001344
1791428856,5990068,0,1.66,733441976,159887360,13517217792,1206042624
1791428861,5783972,0,1.61,885282664,159887360,13517217792,1299935232
1791428866,5629144,0,1.56,1002670712,162308096,13517217792,1354137600
1791428871,5482508,0,1.84,1101973392,186187776,13517213696,1501261824
1791428876,5504240,0,1.77,1088297144,163352576,13517213696,1776357376
1791428881,5395568,0,1.79,1101078224,255995904,13517209600,1841217536
1791428886,5230700,0,1.80,1092761888,347045888,13517209600,2129645568
1791428891,5124908,0,1.82,1058393240,384110592,13517209600,2333138944
1791428896,3821044,0,1.92,987896760,387780608,13517205504,2314936320
1791428901,3112084,0,1.92,979954224,389058560,13517205504,2241437696
1791428906,6435728,0,1.77,432622672,168558592,13517205504,1513627648
1791428911,6508176,0,1.63,432390984,168521728,13517205504,1516367872
1791428916,6257976,0,1.58,619001304,169328640,13517201408,1515491328
1791428921,6449456,0,1.45,480029264,169316352,13517201408,1830445056
1791428926,6426624,0,1.33,533402696,170692608,13517197312,1554903040
1791428931,6341252,0,1.31,634876608,172007424,13517197312,1562644480
1791428936,6377576,0,1.84,561712096,172171264,13517197312,1687941120
1791428941,6344908,0,1.69,612120064,171937792,13517193216,1631203328
1791428946,6355400,0,1.56,584484872,178839552,13517189120,1638805504
1791428951,6347988,0,1.51,581899312,172974080,13517189120,1645125632
1791428957,6330180,0,1.39,631190968,172658688,13517185024,1641406464
1791428962,6317368,0,1.28,614719672,180977664,13517185024,1648971776
1791428967,6310892,0,1.18,613041296,173096960,13517185024,1732636672
1791428972,6291484,0,1.08,608148136,168161280,13517180928,1670868992
1791428977,6239408,0,1.00,699229912,167825408,13517176832,1670770688
1791428982,6411028,0,0.92,532692240,167825408,13517176832,1687707648
1791428987,6926324,0,0.92,129253192,91684864,13517164544,62435328
1791428992,6807440,0,0.93,165256976,134377472,13517164544,126672896
1791428997,6744256,0,0.93,185783592,131559424,13517160448,172707840
1791429002,6745956,0,0.94,208757768,137101312,13517156352,209989632
1791429007,6733768,0,1.03,237793920,103460864,13517156352,228884480
1791429012,6685804,0,1.10,272067656,145002496,13517152256,255172608
1791429017,6665880,0,1.18,307154072,142516224,13517152256,255172608
1791429022,6638268,0,1.16,326964056,105312256,13517152256,287338496
1791429027,6575440,0,1.15,368650960,146735104,13517148160,312590336
1791429032,6581456,0,1.14,397420888,149581824,13517148160,340877312
1791429037,6550768,0,1.12,413521992,154226688,13517148160,372424704
1791429042,6502608,0,1.11,459536064,165003264,13517144064,400207872
1791429047,6476988,0,1.11,485874992,159899648,13517144064,429125632
1791429052,6441280,0,1.10,501067048,167723008,13517139968,459550720
1791429057,6377372,0,1.09,547113152,172544000,13517139968,488448000
1791429062,6377652,0,1.08,568585672,168902656,13517139968,517869568
1791429068,6353184,0,1.07,592939568,146563072,13517135872,547647488
1791429073,6286768,0,1.07,640169464,174317568,13517135872,576028672
1791429078,6260524,0,1.06,649566544,177250304,13517131776,604606464
1791429083,6209932,0,1.06,697638024,175345664,13517131776,641335296
1791429088,6212016,0,1.05,731836752,182841344,13517131776,667996160
1791429093,6224372,0,1.05,735000312,185352192,13517127680,698224640
1791429098,6152968,0,1.04,787581824,189161472,13517123584,721498112
1791429103,6111452,0,1.04,810350592,189767680,13517119488,753065984
1791429108,6101820,0,1.04,829668008,193363968,13517119488,785195008
1791429113,6037696,0,1.03,882114496,201760768,13517119488,813608960
1791429118,5971108,0,1.03,893623832,201850880,13517115392,843898880
1791429123,5968964,0,1.11,915721376,205484032,13517111296,871501824
1791429128,5910764,0,1.26,955607448,185044992,13517111296,897437696
1791429133,5877228,0,1.32,984787088,210223104,13517111296,930504704
1791429138,5824792,0,1.29,1017167696,212611072,13517107200,957784064
1791429143,5745424,0,1.27,1063445120,205049856,13517107200,1000902656
1791429148,5706312,0,1.25,1085470200,219623424,13517103104,1027780608
1791429153,5761932,0,1.55,1092711696,222183424,13517103104,1058795520
1791429158,5772332,0,1.50,1080093736,225669120,13517103104,1086967808
1791429163,5798724,0,1.46,1075693456,226910208,13517099008,1115947008
1791429168,5772100,0,1.59,1089355840,229150720,13517099008,1145692160
1791429173,5809104,0,1.54,1077038016,192274432,13517099008,1176641536
1791429178,6063848,0,1.58,936183448,194486272,13517094912,1469784064
1791429183,6026252,0,1.53,957272048,180297728,13517094912,1463853056
1791429188,5976004,0,1.49,1021635344,185344000,13517094912,1472987136
1791429194,6065680,0,1.37,930237888,166080512,13517090816,1490481152
1791429199,5760604,0,1.26,1073910264,164487168,13517086720,1176371200
1791429204,5933800,0,1.16,934390296,163840000,13517086720,1235714048
1791429209,6025696,0,1.06,890733992,164102144,13517082624,1240678400
1791429214,6021712,0,0.98,898665904,167178240,13517082624,1240674304
1791429219,6036348,0,0.90,898245208,166526976,13517078528,1240674304
1791429224,5993676,0,0.83,929384496,190205952,13517078528,1241849856
1791429229,6019532,0,0.76,904556232,167260160,13517078528,1318338560
1791429234,5734364,0,0.78,1067318088,273723392,13517074432,1412538368
1791429239,5665848,0,0.88,1094482256,353546240,13517074432,1530085376
1791429244,5700768,0,0.97,1083548000,388399104,13517074432,1630289920
1791429249,5719552,0,0.97,1021320056,391716864,13517074432,1652887552
1791429254,5720172,0,0.89,1015021672,392290304,13517070336,1604272128
1791429259,5951956,0,0.82,1019858400,173092864,13517070336,1549385728
1791429264,5937044,0,0.76,1041093616,183844864,13517070336,1550090240
1791429269,5930532,0,0.78,958611464,178221056,13517066240,1842388992
1791429274,5865896,0,0.79,1047416312,176943104,13517066240,1590910976
1791429279,5900408,0,0.73,1027090416,178585600,13517066240,1590910976
1791429284,5911436,0,0.67,1072490824,179212288,13517062144,1604304896
1791429289,5958312,0,0.62,1010154032,179609600,13517062144,1711030272
1791429294,5849088,0,0.65,1087082520,176656384,13517062144,1639157760
1791429299,5927536,0,0.60,1015533824,183418880,13517058048,1652436992
1791429305,5919800,0,0.55,1015664072,177569792,13517058048,1658695680
1791429310,5851752,0,0.50,1077894616,176480256,13517058048,1654931456
1791429315,5908664,0,0.46,1029909320,185057280,13517053952,1668177920
1791429320,5907944,0,0.43,1025547552,178114560,13517053952,1760989184
1791429325,5907440,0,0.39,1024682232,172777472,13517049856,1689767936
1791429330,5897812,0,0.36,1072962896,172068864,13517049856,1689657344
1791429335,6397896,0,0.33,543079664,172068864,13517049856,1689657344
1791429340,7023060,0,0.30,47339704,17981440,13517041664,1327857664
1791429345,6715628,0,0.36,238444168,165675008,13517037568,141824000
1791429350,6442024,0,0.41,352816896,343388160,13517033472,263266304
1791429355,6193020,0,0.54,448843752,510885888,13517033472,345571328
1791429360,5936780,0,0.66,550902432,683360256,13517033472,465969152
1791429365,5687676,0,0.76,649699184,852697088,13517033472,567857152
1791429370,5407652,0,0.78,747942896,1023602688,13517033472,669519872
1791429375,5155904,0,0.80,842258992,1185042432,13517029376,768937984
1791429380,4919800,0,0.82,936994896,1349115904,13517029376,862658560
1791429385,4655752,0,0.83,1035287520,1515532288,13517029376,961417216
1791429390,5860012,0,0.85,1079981672,217567232,13517029376,1100517376
1791429395,5703296,0,0.94,1086965328,356093952,13517025280,1189949440
1791429400,5565804,0,0.95,1079813016,516505600,13517021184,1192394752
1791429405,5415076,0,0.95,1086804856,672448512,13517021184,1272107008
1791429410,5260144,0,0.96,1092129568,827899904,13517021184,1351569408
1791429415,4943420,0,0.96,1086413064,1146929152,13517021184,1428586496
1791429421,4961628,0,0.96,1075361000,1135390720,13517021184,1505058816
1791429426,4810116,0,0.97,1077217872,1286504448,13517017088,1581027328
1791429431,4660740,0,0.97,1084736616,1441431552,13517017088,1656176640
1791429436,4492332,0,0.97,1090137984,1591640064,13517017088,1738506240
1791429441,4345060,0,0.97,1081628088,1747091456,13517017088,1813647360
1791429446,4054820,0,0.98,1076905496,1896079360,13517017088,1890852864
1791429451,4026564,0,0.98,1076188480,2054938624,13517017088,1964351488
1791429456,3878052,0,0.98,1091923784,2214846464,13517012992,2042650624
1791429461,3778628,0,0.98,1082369688,2299777024,13517012992,2123534336
1791429466,3788876,0,1.06,1091338936,2303369216,13517012992,2132459520
1791429471,3802368,0,1.14,1091021792,2306777088,13517008896,2126958592
1791429476,3788356,0,1.21,1091158192,2310180864,13517008896,2113675264
1791429481,3789028,0,1.19,1093795832,2313588736,13517008896,2113982464
1791429486,3790248,0,1.18,1091172048,2317062144,13517008896,2113994752
1791429491,3776488,0,1.16,1097625480,2320470016,13517008896,2114215936
1791429496,3781072,0,1.15,1093823088,2323615744,13517008896,2113798144
1791429501,3769416,0,1.14,1091856264,2327023616,13517004800,2112618496
1791429506,3755456,0,1.13,1093276608,2330353664,13517004800,2114105344
1791429511,3765260,0,1.12,1093464616,2333761536,13517004800,2114248704
1791429516,3763828,0,1.11,1093078560,2337169408,13517000704,2113581056
1791429521,3758408,0,1.10,1097672464,2340577280,13517000704,2113949696
1791429526,3759184,0,1.09,1092970992,2344321024,13517000704,2114625536
1791429531,3753056,0,1.08,1092350608,2347728896,13516996608,2114605056
1791429536,3766848,0,1.08,1074380272,2351398912,13516996608,2113933312
1791429542,3759544,0,1.07,1075251432,2354806784,13516996608,2113908736
1791429547,3759096,0,1.06,1075506232,2358030336,13516996608,2114490368
1791429552,3757560,0,1.06,1072025528,2361438208,13516996608,2113880064
1791429557,3728796,0,1.05,1073891056,2364846080,13516992512,2113089536
1791429562,3753284,0,1.05,1069626056,2368253952,13516992512,2112806912
1791429567,3735264,0,1.04,1083014496,2371821568,13516988416,2112606208
1791429572,3738932,0,1.04,1068471952,2375229440,13516988416,2113654784
1791429577,3736132,0,1.04,1062676560,2378637312,13516988416,2113691648
1791429582,3717452,0,1.11,1077610128,2382598144,13516988416,2113990656
1791429587,5758980,0,1.19,1069627184,299835392,13516988416,2229055488
1791429592,5572404,0,1.25,1076770376,435228672,13516984320,2309308416
1791429597,5442468,0,1.23,1067907936,595652608,13516984320,2323963904
1791429602,5280308,0,1.21,1056618960,751656960,13516980224,2403209216
1791429607,5126160,0,1.19,1066862456,910430208,13516980224,2482040832
1791429612,4818924,0,1.18,1059769544,1229983744,13516976128,2558033920
1791429617,4878064,0,1.16,1092147656,1220001792,13516976128,2558033920
1791429622,4720696,0,1.15,1088513800,1384550400,13516976128,2638671872
1791429627,4561720,0,1.14,1083177144,1545433088,13516976128,2720567296
1791429632,4402700,0,1.13,1091871936,1702445056,13516972032,2801295360
1791429637,4261452,0,1.12,1087314544,1857355776,13508583424,2879459328
1791429642,3986256,0,1.11,1083013560,1990643712,13508583424,2956906496
1791429647,3946564,0,1.10,1077454952,2144509952,13508579328,3022176256
1791429652,3832412,0,1.09,1090285456,2295222272,13508579328,3099148288
1791429657,3718556,0,1.08,1087180272,2383294464,13508579328,3175346176
1791429663,3696628,0,1.08,1087768616,2387206144,13508579328,3209461760
1791429668,3720348,0,1.07,1081356792,2389995520,13508579328,3188449280
1791429673,3730512,0,1.06,1078051800,2393403392,13508575232,3168845824
1791429678,3706864,0,1.06,1095245992,2396549120,13508575232,3168845824
1791429683,3723976,0,1.05,1074185384,2400169984,13508575232,3168845824
1791429688,3721976,0,1.05,1071865256,2403438592,13508571136,3168845824
1791429693,3714732,0,1.05,1075802056,2406846464,13508571136,3168845824
1791429698,3707216,0,1.12,1072906472,2410254336,13508567040,3168845824
1791429703,3706116,0,1.19,1072480232,2413686784,13508567040,3168845824
1791429708,3685636,0,1.26,1094693624,2417082368,13508567040,3168845824
1791429713,3683840,0,1.32,1096002744,2420752384,13508567040,3168845824
1791429718,3678432,0,1.29,1096130216,2424160256,13508567040,3168845824
1791429723,3686968,0,1.27,1093388088,2427842560,13508562944,3168845824
1791429728,3692220,0,1.25,1081699208,2430201856,13508562944,3168845824
1791429733,3687692,0,1.23,1083773896,2433609728,13508562944,3168845824
1791429738,3682800,0,1.21,1080731384,2437017600,13508562944,3168845824
1791429743,3680500,0,1.19,1082528616,2440396800,13508562944,3168845824
1791429748,3665740,0,1.18,1084271608,2443804672,13508558848,3168845824
1791429753,3670460,0,1.16,1084792616,2447212544,13508558848,3168845824
1791429758,3666052,0,1.15,1086862472,2450870272,13508558848,3168845824
1791429763,3657092,0,1.14,1088142632,2454646784,13508558848,3168845824
1791429768,3659840,0,1.12,1087234312,2457960448,13508554752,3168845824
1791429773,3655096,0,1.11,1083294648,2461368320,13508554752,3168845824
1791429779,3656260,0,1.10,1077638616,2465038336,13508554752,3168845824
1791429784,5715500,0,1.10,1097128040,327376896,13508554752,3222888448
1791429789,5536868,0,1.09,1087413048,527065088,13508550656,3317477376
1791429794,5404084,0,1.16,1090501960,639229952,13508550656,3340611584
1791429799,5256792,0,1.15,1082131800,791752704,13508550656,3433545728
1791429804,5111660,0,1.14,1090533024,947773440,13508550656,3512369152
1791429809,4970792,0,1.12,1077862296,1100902400,13508546560,3589586944
1791429814,4779544,0,1.11,1090124872,1256861696,13508546560,3665760256
1791429819,4652836,0,1.19,1087031512,1418604544,13508546560,3746562048
1791429824,4509064,0,1.25,1077094432,1576067072,13508546560,3827613696
1791429829,4363112,0,1.31,1083810760,1732567040,13508546560,3905327104
1791429834,4188960,0,1.29,1102446408,1882775552,13508542464,3981443072
1791429839,3811824,0,1.26,1076575424,2279911424,13508542464,4056985600
1791429844,3866796,0,1.24,1080778112,2173980672,13508542464,4126928896
1791429849,3748172,0,1.22,1080376096,2327056384,13508542464,4220145664
1791429854,3603252,0,1.20,1101254184,2468589568,13508542464,4297703424
1791429859,3627444,0,1.19,1075645048,2471985152,13508542464,4311474176
1791429864,3660964,0,1.17,1074417880,2475548672,13508538368,4290560000
1791429869,3640304,0,1.16,1092537688,2478956544,13508538368,4271509504
1791429874,3640464,0,1.15,1090562408,2482364416,13508538368,4271509504
1791429879,3638848,0,1.13,1091083816,2485510144,13508534272,4271509504
1791429884,3631608,0,1.12,1093808584,2488872960,13508534272,4271509504
1791429889,3644240,0,1.11,1076502824,2492542976,13508534272,4271509504
1791429894,3629072,0,1.10,1073869784,2495950848,13508534272,4271509504
1791429900,3627036,0,1.10,1072813928,2499289088,13508534272,4271509504
1791429905,3631116,0,1.09,1075403512,2502873088,13508530176,4271509504
1791429910,3610520,0,1.08,1094337304,2506543104,13508530176,4271509504
1791429915,3611780,0,1.07,1089353160,2509950976,13508530176,4271509504
1791429920,3608088,0,1.07,1084758120,2513620992,13508530176,4271509504
1791429925,3615392,0,1.06,1078738280,2516971520,13508526080,4271509504
1791429930,3618732,0,1.06,1075174744,2520641536,13508526080,4271509504
1791429935,3597408,0,1.13,1093295800,2524311552,13508526080,4271509504
1791429940,3597220,0,1.20,1087904392,2527719424,13508526080,4271509504
1791429945,3595056,0,1.18,1081181656,2531033088,13508521984,4271509504
1791429950,3600732,0,1.17,1079630664,2534703104,13508521984,4271509504
1791429955,3577552,0,1.16,1091779816,2537848832,13508521984,4271509504
1791429960,3577188,0,1.14,1093090744,2541518848,13508521984,4271509504
1791429965,3580636,0,1.13,1091655224,2545049600,13508521984,4271509504
1791429970,3576620,0,1.12,1089565000,2548457472,13508517888,4271509504
1791429975,3579552,0,1.11,1079978984,2551910400,13508517888,4271509504
1791429980,5620532,0,1.10,1090973360,471298048,13508513792,4271509504
1791429985,5437008,0,1.09,1089713696,605462528,13508513792,4407840768
1791429990,5325532,0,1.09,1080126704,771137536,13508513792,4504162304
1791429995,5156552,0,1.16,1092069576,927637504,13508509696,4529651712
1791430000,5027980,0,1.15,1084500600,1085825024,13508509696,4609576960
1791430005,4716292,0,1.13,1086992904,1404944384,13508509696,4688580608
1791430010,4734544,0,1.27,1082360680,1399422976,13508509696,4764098560
1791430015,4578372,0,1.25,1083514232,1561665536,13508509696,4845871104
1791430020,4424388,0,1.23,1087095432,1713942528,13508505600,4927709184
1791430026,4288908,0,1.21,1074873952,1865797632,13508505600,5002518528
1791430031,4118184,0,1.19,1085018168,2017054720,13508505600,5078941696
1791430036,3809396,0,1.17,1089368264,2163556352,13508505600,5153689600
1791430041,3777000,0,1.16,1087580616,2319269888,13508505600,5227732992
1791430046,3657308,0,1.23,1083668344,2469978112,13508501504,5305339904
1791430051,3574316,0,1.29,1078620432,2553597952,13508501504,5381349376
1791430056,3572560,0,1.27,1078354304,2557005824,13508501504,5397331968
1791430061,3574780,0,1.25,1077431120,2560413696,13508501504,5376716800
1791430066,3577676,0,1.22,1070708144,2563731456,13508497408,5357350912
1791430071,3541988,0,1.21,1093289968,2567139328,13508497408,5357350912
1791430076,3539312,0,1.19,1094333424,2570547200,13508497408,5357350912
1791430081,3547488,0,1.17,1075158352,2574217216,13508497408,5357350912
1791430086,3530200,0,1.16,1093669984,2577539072,13508497408,5357350912
1791430091,3540992,0,1.15,1070686144,2580946944,13508493312,5357350912
1791430096,3521500,0,1.14,1093926528,2584354816,13508493312,5357350912
1791430101,3527256,0,1.12,1088146160,2587762688,13508493312,5357350912
1791430106,3521580,0,1.11,1085125264,2591387648,13508493312,5357350912
1791430111,3526208,0,1.10,1083025232,2595057664,13508489216,5357350912
1791430116,3522192,0,1.10,1077771872,2598465536,13508489216,5357350912
1791430121,3515908,0,1.09,1092873712,2602135552,13508489216,5357350912
1791430126,3518620,0,1.08,1088282144,2605715456,13508489216,5357350912
1791430131,3523740,0,1.07,1085124144,2609123328,13508489216,5357350912
1791430136,3523812,0,1.07,1080921520,2612531200,13508485120,5357350912
1791430141,3523396,0,1.06,1073955552,2615939072,13508485120,5357350912
1791430147,3505956,0,1.06,1087481168,2619564032,13508485120,5357350912
1791430152,3514316,0,1.05,1084727504,2622971904,13508485120,5357350912
1791430157,3509068,0,1.05,1081127296,2626199552,13508481024,5357350912
1791430162,3514324,0,1.12,1076559616,2629869568,13508481024,5357350912
1791430167,3494288,0,1.19,1094274320,2632921088,13508481024,5357350912
1791430172,3497376,0,1.18,1091990624,2636324864,13508481024,5357350912
1791430177,5517280,0,1.16,1077415392,563691520,13508481024,5476052992
1791430182,5342072,0,1.15,1082361608,723726336,13508476928,5573521408
1791430187,5086620,0,1.14,1094488624,967577600,13508476928,5599555584
1791430192,5012484,0,1.13,1093054336,1038094336,13508476928,5677735936
1791430197,4864164,0,1.12,1089688872,1193283584,13508476928,5756518400
1791430202,4653432,0,1.11,1075145528,1339031552,13508472832,5828640768
1791430207,4577952,0,1.10,1091342736,1494454272,13508472832,5903413248
1791430212,4421444,0,1.09,1089013904,1642561536,13508472832,5979791360
1791430217,4291096,0,1.08,1081455256,1794867200,13508472832,6055907328
1791430222,4134556,0,1.08,1091580048,1944551424,13508468736,6131908608
1791430227,3988040,0,1.07,1083060928,2094059520,13508468736,6207266816
1791430232,3684732,0,1.06,1075259576,2241830912,13508468736,6279770112
1791430237,3659456,0,1.06,1078318072,2403835904,13508468736,6359433216
1791430242,3553260,0,1.05,1071292472,2558238720,13508464640,6437863424
1791430247,3463940,0,1.13,1063853360,2638282752,13508464640,6484275200
1791430252,3480104,0,1.12,1075520720,2641690624,13508464640,6467776512
1791430257,3462100,0,1.11,1091262208,2644574208,13508460544,6447620096
1791430262,3462812,0,1.10,1086508704,2647719936,13508460544,6443229184
1791430268,3466688,0,1.09,1082172688,2650775552,13508456448,6443229184
1791430273,3472452,0,1.08,1078226528,2654183424,13508456448,6443229184
1791430278,3464892,0,1.16,1077437056,2657329152,13508456448,6443229184
1791430283,3440464,0,1.23,1073860448,2660474880,13508456448,6443229184
1791430288,3442704,0,1.29,1091212736,2663792640,13508452352,6443229184
1791430293,3447268,0,1.26,1092524256,2666938368,13508452352,6443229184
1791430298,3443128,0,1.24,1092126000,2670080000,13508452352,6443229184
1791430303,3437016,0,1.22,1088289568,2673922048,13508452352,6443229184
1791430308,3444596,0,1.21,1078314048,2676543488,13508448256,6443229184
1791430313,3446080,0,1.19,1076494592,2679951360,13508448256,6443229184
1791430318,3439788,0,1.17,1090809520,2683097088,13508448256,6443229184
1791430323,3440932,0,1.16,1080803744,2686681088,13508448256,6443229184
1791430328,3448836,0,1.15,1074144048,2689384448,13508444160,6443229184
1791430333,3421424,0,1.13,1089886896,2692526080,13508444160,6443229184
1791430338,3419880,0,1.12,1085424336,2695933952,13508444160,6443229184
1791430343,3428104,0,1.11,1075622080,2699513856,13508444160,6443229184
1791430348,3405440,0,1.10,1088919968,2702303232,13508440064,6443229184
1791430353,3414260,0,1.10,1085640048,2705448960,13508440064,6443229184
1791430358,3435300,0,1.09,1078654656,2708594688,13508440064,6443229184
1791430363,3423936,0,1.08,1093994016,2712436736,13508440064,6443229184
1791430368,3435176,0,1.15,1085240080,2715045888,13508440064,6443229184
1791430373,3442080,0,1.14,1076961680,2718191616,13508435968,6443229184
1791430378,3432220,0,1.13,1091680720,2721599488,13508435968,6443229184
1791430383,5471588,0,1.12,1059583944,644276224,13508435968,6533976064
1791430389,5300032,0,1.11,1079540984,793866240,13508435968,6626869248
1791430394,5060392,0,1.10,1090200120,1031667712,13508431872,6644793344
1791430399,4960536,0,1.17,1073695592,1101901824,13508431872,6725836800
1791430404,4847708,0,1.16,1082874336,1253482496,13508431872,6800498688
1791430409,4512372,0,1.23,1090616848,1567424512,13508431872,6877356032
1791430414,4527076,0,1.29,1073863312,1545629696,13508427776,6951370752
1791430419,4408652,0,1.35,1086307080,1703694336,13508427776,7027146752
1791430424,4256924,0,1.32,1075005504,1859301376,13508427776,7105265664
1791430429,4034152,0,1.29,1082626184,2006847488,13508427776,7180718080
1791430434,3934080,0,1.27,1078604656,2160717824,13508427776,7256309760
1791430439,3503796,0,1.25,1083106608,2621812736,13508423680,7333339136
1791430444,3632332,0,1.23,1093456576,2451505152,13508423680,7402446848
1791430449,3508244,0,1.21,1088441392,2606084096,13508423680,7478804480
1791430454,3394500,0,1.19,1078042416,2719068160,13508419584,7555051520
1791430459,3409416,0,1.18,1075300248,2722213888,13508419584,7568748544
1791430464,3416508,0,1.16,1089163104,2725703680,13508419584,7548547072
1791430469,3422432,0,1.15,1084582392,2728996864,13508419584,7529127936
1791430474,3418616,0,1.14,1080905896,2732666880,13508415488,7529127936
1791430479,3421480,0,1.12,1076968216,2736074752,13508415488,7529127936
1791430484,3395512,0,1.11,1093353592,2739699712,13508415488,7529127936
1791430489,3398700,0,1.10,1089819768,2743107584,13508415488,7529127936
1791430494,3398384,0,1.10,1084058744,2746515456,13508411392,7529127936
1791430499,3384992,0,1.09,1093252664,2749399040,13508411392,7529127936
1791430504,3386840,0,1.08,1086973112,2752716800,13508411392,7529127936
1791430510,3393456,0,1.07,1078939656,2755862528,13508411392,7529127936
1791430515,3377432,0,1.07,1095354136,2758762496,13508407296,7529127936
1791430520,3381732,0,1.06,1084977368,2762694656,13508407296,7529127936
1791430525,3393396,0,1.14,1073659992,2766012416,13508407296,7529127936
1791430530,3375836,0,1.21,1087999384,2769416192,13508407296,7529127936
1791430535,3364608,0,1.19,1085496824,2772750336,13508403200,7529127936
1791430540,3367108,0,1.17,1079848728,2776158208,13508403200,7529127936
1791430545,3379872,0,1.16,1074310120,2779521024,13508403200,7529127936
1791430550,3365852,0,1.15,1089828520,2782928896,13508403200,7529127936
1791430555,3361192,0,1.13,1088510008,2786336768,13508399104,7529127936
1791430560,3365392,0,1.12,1082279320,2790006784,13508395008,7529127936
1791430565,3365444,0,1.11,1074554376,2793373696,13508395008,7529127936
1791430570,3349460,0,1.10,1091596200,2796519424,13508395008,7529127936
1791430575,3350620,0,1.10,1087909144,2799669248,13508390912,7529127936
1791430580,4235488,0,1.09,1029989808,1762459648,13508390912,7605420032
1791430585,5322472,0,1.08,1074239240,753762304,13508390912,7680114688
1791430590,5152472,0,1.07,1084019336,905277440,13508390912,7700901888
1791430595,4921920,0,1.07,1074333432,1139634176,13508386816,7791579136
1791430600,4872536,0,1.06,1066863160,1209888768,13508386816,7868768256
1791430605,4764960,0,1.06,1087068944,1364893696,13508386816,7868768256
1791430610,4527068,0,1.05,1081632528,1515618304,13508386816,7946616832
1791430615,4388796,0,1.05,1087954888,1671827456,13508382720,8021749760
1791430620,4278004,0,1.04,1091431352,1817284608,13508382720,8099291136
1791430625,4164644,0,1.04,1081862664,1969135616,13508382720,8172802048
1791430631,4000768,0,1.11,1090492480,2124840960,13508382720,8249806848
1791430636,3858808,0,1.18,1086291384,2276757504,13508378624,8327106560
1791430641,3595280,0,1.25,1081158264,2420051968,13508378624,8403116032
1791430646,3540712,0,1.23,1079933808,2573258752,13508378624,8473583616
1791430651,3439836,0,1.21,1074732360,2728439808,13508378624,8550219776
1791430656,3322808,0,1.19,1088695288,2806808576,13508378624,8629161984
1791430661,3326012,0,1.18,1083802040,2809954304,13508378624,8655187968
1791430666,3327888,0,1.16,1078753520,2813534208,13508374528,8634417152
1791430671,3331396,0,1.15,1075638128,2816806912,13508374528,8614993920
1791430676,3317516,0,1.14,1093745632,2820214784,13508374528,8614993920
1791430681,3310416,0,1.13,1091650992,2823884800,13508374528,8614993920
1791430686,3311748,0,1.12,1089957568,2827206656,13508370432,8614993920
1791430691,3304724,0,1.11,1087338480,2830614528,13508370432,8614993920
1791430696,3309400,0,1.10,1082327840,2834284544,13508366336,8614993920
1791430701,3312364,0,1.09,1077601008,2837692416,13508366336,8614993920
1791430706,3269540,0,1.08,1091532032,2841006080,13508366336,8614993920
1791430711,3272196,0,1.08,1092593280,2844676096,13508366336,8614993920
1791430716,3272444,0,1.07,1090075008,2848083968,13508366336,8614993920
1791430721,3290052,0,1.06,1078255248,2851491840,13508366336,8614993920
1791430726,3277436,0,1.06,1090984192,2854518784,13508362240,8614993920
1791430731,3281488,0,1.05,1087053392,2858188800,13508362240,8614993920
1791430736,3286420,0,1.05,1084166288,2861596672,13508362240,8614993920
1791430742,3285376,0,1.04,1075104400,2865004544,13508362240,8614993920
1791430747,3273088,0,1.04,1087724464,2868269056,13508362240,8614993920
1791430752,3246160,0,1.12,1082262704,2871676928,13508358144,8614993920
1791430757,3250112,0,1.19,1076606576,2875084800,13508358144,8614993920
1791430762,3253596,0,1.17,1090789232,2878492672,13508358144,8614993920
1791430767,3254268,0,1.16,1092470944,2881896448,13508354048,8614993920
1791430772,3245852,0,1.15,1093511200,2885300224,13508354048,8614993920
1791430777,3262008,0,1.13,1076626032,2888708096,13508354048,8614993920
1791430782,5312264,0,1.12,1083470736,783011840,13508354048,8707608576
1791430787,5137348,0,1.11,1076063904,933429248,13508349952,8796766208
1791430792,4963580,0,1.10,1082791312,1083858944,13508349952,8815202304
1791430797,4815324,0,1.10,1085437728,1232461824,13508349952,8891904000
1791430802,4685212,0,1.09,1074835376,1384656896,13508345856,8967983104
1791430807,4586160,0,1.08,1074236264,1529962496,13508341760,9039388672
1791430812,4395216,0,1.07,1085550864,1681715200,13508341760,9115168768
1791430817,4287196,0,1.07,1073760520,1837391872,13508341760,9194508288
1791430822,4119104,0,1.06,1082875968,1989947392,13508337664,9273147392
1791430827,3975236,0,1.06,1093428192,2142334976,13508337664,9349210112
1791430832,3814300,0,1.05,1088919808,2296459264,13508337664,9424592896
1791430837,3439592,0,1.05,1076932888,2686504960,13508337664,9502658560
1791430842,3484724,0,1.04,1080776264,2596225024,13508337664,9574813696
1791430847,3381780,0,1.04,1073992568,2744147968,13508333568,9648918528
1791430852,3226120,0,1.04,1082046736,2889113600,13508329472,9723265024
1791430858,3220040,0,1.11,1076267504,2892517376,13508329472,9740730368
1791430863,3234724,0,1.10,1074674120,2895925248,13508325376,9719861248
1791430868,3236608,0,1.34,1076250240,2899398656,13508325376,9701007360
1791430873,3235992,0,1.39,1073332192,2903068672,13508325376,9701007360
1791430878,3233220,0,1.44,1073064128,2906476544,13508325376,9701007360
1791430883,3188688,0,1.40,1092230080,2909884416,13508321280,9701007360
1791430888,3214756,0,1.37,1073869344,2913464320,13508321280,9701007360
1791430893,3210308,0,1.34,1076335008,2917134336,13508321280,9701007360
1791430898,3206560,0,1.31,1077642608,2920542208,13508317184,9701007360
1791430903,3200096,0,1.29,1075529184,2923950080,13508317184,9701007360
1791430908,3200232,0,1.26,1072535936,2927575040,13508317184,9701007360
1791430913,3182928,0,1.24,1092727488,2930720768,13508313088,9701007360
1791430918,3184716,0,1.22,1091150304,2934128640,13508313088,9701007360
1791430923,3171360,0,1.21,1088126528,2937536512,13508313088,9701007360
1791430928,3173156,0,1.19,1081689328,2940633088,13508308992,9701007360
1791430933,3175152,0,1.17,1073417312,2943778816,13508308992,9701007360
1791430938,3173280,0,1.16,1089961744,2947186688,13508308992,9701007360
1791430943,3181996,0,1.15,1082326704,2950340608,13508304896,9701007360
1791430948,3183476,0,1.13,1077603552,2953392128,13508304896,9701007360
1791430953,3170664,0,1.12,1091637072,2956537856,13508300800,9701007360
1791430958,3173028,0,1.11,1086645456,2959945728,13508300800,9701007360
1791430963,3176804,0,1.10,1082385488,2964074496,13508300800,9701007360
1791430968,3161336,0,1.10,1075212736,2967195648,13508296704,9701007360
1791430973,3138448,0,1.09,1092783760,2970603520,13508296704,9701007360
1791430979,5258452,0,1.08,1093438392,783314944,13508292608,9701007360
1791430984,5156644,0,1.15,1090824576,937840640,13508292608,9796947968
1791430989,5042520,0,1.22,1075268400,1086304256,13508292608,9887555584
1791430994,4814544,0,1.28,1079725816,1235197952,13508292608,9906315264
1791430999,4696992,0,1.26,1074005984,1393188864,13508288512,9981640704
1791431004,4557820,0,1.24,1082288504,1550884864,13508288512,10061131776
1791431009,4348700,0,1.22,1087350160,1700212736,13508288512,10140491776
1791431014,4287508,0,1.20,1082781888,1856712704,13508284416,10215743488
1791431019,4139140,0,1.19,1075079632,2019766272,13508284416,10294173696
1791431024,3976808,0,1.17,1085360336,2180886528,13508284416,10376736768
1791431029,3795008,0,1.16,1082260688,2337648640,13508280320,10457522176
1791431034,3666884,0,1.14,1074657016,2486284288,13508280320,10533281792
1791431039,3410452,0,1.21,1092374512,2629603328,13508280320,10608304128
1791431044,3344448,0,1.20,1090036264,2777366528,13508276224,10679209984
1791431049,3229988,0,1.18,1086960312,2933256192,13508276224,10752860160
1791431054,3141480,0,1.16,1075757752,2977296384,13508276224,10828255232
1791431059,3122612,0,1.15,1090675640,2980442112,13508272128,10824622080
1791431064,3144196,0,1.14,1087476072,2983763968,13508272128,10803949568
1791431069,3153872,0,1.13,1077897688,2986954752,13508272128,10786832384
1791431074,3138244,0,1.12,1091682168,2990362624,13508268032,10786832384
1791431079,3121952,0,1.11,1090893736,2994032640,13508268032,10786832384
1791431084,3134472,0,1.10,1089432552,2997866496,13508268032,10786832384
1791431089,3139760,0,1.09,1083944312,3000811520,13508263936,10786832384
1791431094,3137684,0,1.08,1078430648,3003936768,13508263936,10786832384
1791431100,3122680,0,1.16,1071339160,3007324160,13508263936,10786832384
1791431105,3092272,0,1.22,1087193256,3011149824,13508259840,10786832384
1791431110,3096868,0,1.29,1083313816,3014340608,13508255744,10786832384
1791431115,3116116,0,1.26,1077379592,3017748480,13508255744,10786832384
1791431120,3102996,0,1.24,1090904168,3021418496,13508255744,10786832384
1791431125,3099516,0,1.22,1088032200,3024642048,13508251648,10786832384
1791431130,3096508,0,1.20,1076984040,3028049920,13508251648,10786832384
1791431135,3082316,0,1.19,1093917416,3031457792,13508247552,10786832384
1791431140,3090604,0,1.17,1085771912,3034865664,13508243456,10786832384
1791431145,3104976,0,1.16,1080073544,3038183424,13508243456,10786832384
1791431150,3042544,0,1.15,1093718008,3041591296,13508239360,10786832384
1791431155,3040624,0,1.13,1090700712,3044999168,13508239360,10786832384
1791431160,3062892,0,1.12,1088519080,3048144896,13508235264,10786832384
1791431165,3070684,0,1.11,1087734840,3051462656,13508235264,10786832384
1791431170,3087244,0,1.10,1081524984,3054870528,13508235264,10786832384
1791431175,3089268,0,1.10,1085226136,3058278400,13508231168,10786832384
1791431180,5266608,0,1.09,987071768,856256512,13508231168,11037777920
1791431185,5284704,0,1.08,967380488,839577600,13508231168,11037433856
1791431190,5366556,0,1.07,937267832,852054016,13508227072,11054239744
1791431195,5336220,0,1.07,973917480,861106176,13508227072,11053826048
1791431200,5344416,0,1.06,937602672,861003776,13508227072,11070803968
1791431205,5240024,0,1.06,1078471184,839602176,13508214784,11088183296
1791431211,5353736,0,1.05,943161352,859189248,13508214784,11087896576
1791431216,5248568,0,1.05,1074469584,835764224,13508210688,11102851072
1791431221,5265872,0,1.12,1083329576,846753792,13508210688,11122917376
1791431226,5247748,0,1.33,1096868944,857145344,13508210688,11138981888
1791431231,5247204,0,1.31,935790512,856809472,13508206592,11172524032
1791431236,5280936,0,1.28,1044899016,856985600,13508206592,11206193152
1791431241,5248868,0,1.26,1072201240,855879680,13508206592,11223457792
1791431246,5249428,0,1.24,1077433312,857292800,13508202496,11256414208
1791431251,5257296,0,1.22,1088042400,857145344,13508202496,11273076736
1791431256,5244360,0,1.20,1096704960,834686976,13508198400,11290591232
1791431261,5209548,0,1.18,1098003928,835342336,13508198400,10983702528
1791431266,5775024,0,1.25,504182488,833990656,13508198400,11035967488
1791431271,5767984,0,1.15,501289040,834945024,13508194304,11012210688
1791431276,5781520,0,1.06,501269688,835248128,13508190208,11012775936
1791431281,5775004,0,0.97,509962624,837046272,13508190208,11012222976
1791431286,5756528,0,0.97,536860240,858697728,13508186112,11015024640
1791431291,5773644,0,0.90,513977792,837214208,13508186112,11080933376
1791431296,5630440,0,0.90,621504024,907374592,13508186112,11033526272
1791431301,5535592,0,0.91,647130744,992374784,13508182016,11253919744
1791431306,5436532,0,0.92,684865024,1057288192,13508182016,11272204288
1791431311,5428220,0,0.93,636335120,1060433920,13508182016,11273588736
1791431316,5452928,0,0.85,632261616,1062883328,13508177920,11212726272
1791431322,5463668,0,0.78,631604256,1062883328,13508177920,11158122496
1791431327,5644048,0,0.72,682004216,842940416,13508173824,11152121856
1791431332,5265560,0,0.82,954085424,866570240,13508173824,11637387264
1791431337,5087476,0,0.92,1023580856,1004679168,13508169728,11769663488
1791431342,4890108,0,1.00,970011088,1168924672,13508169728,11808657408
1791431347,4750796,0,1.00,1072739888,1346891776,13508165632,11844423680
1791431352,4530392,0,1.00,1038266648,1546547200,13508165632,11917869056
1791431357,4360088,0,1.00,1081496144,1741348864,13508165632,11975208960
1791431362,4087508,0,1.08,1050331152,1952768000,13508161536,12232814592
1791431367,3956444,0,1.08,1087279144,2166378496,13508161536,12358717440
1791431372,3729420,0,1.07,1086466384,2379235328,13508161536,12488925184
1791431377,3493168,0,1.06,1084894792,2590433280,13508161536,12746317824
1791431382,3324500,0,1.06,1083904240,2797244416,13508161536,12871053312
1791431387,3110848,0,1.05,1006052928,2990108672,13508157440,13127806976
1791431392,2939420,0,1.05,1074345360,3192479744,13508157440,13261529088
1791431397,2780740,0,1.05,1090983104,3385368576,13508157440,13317693440
1791431402,2618248,0,1.04,949455464,3564892160,13508153344,13428817920
1791431407,2378572,0,1.04,1037385600,3763814400,13508153344,13484457984
1791431412,2212616,0,1.03,1051034008,3946811392,13508153344,13539356672
1791431417,2083280,0,1.03,1052514312,4136292352,13508149248,13594898432
1791431422,1972472,0,1.19,888498640,4322889728,13508149248,13707202560
1791431428,1686240,0,1.17,1012734168,4514983936,13508149248,13762764800
1791431433,1544784,0,1.24,1011490736,4710031360,13508145152,13819035648
1791431438,1838776,0,1.22,559863480,4898430976,13508141056,13874311168
1791431443,1678104,0,1.20,442250232,5090045952,13508141056,13984256000
1791431448,1425748,0,1.27,517270992,5268365312,13508141056,14040256512
1791431453,1412148,0,1.25,450076456,5268357120,13508141056,14117699584
1791431458,5686172,0,1.14,497686440,847245312,13508136960,13853499392
1791431463,5742268,0,1.05,474923808,847335424,13508136960,13844439040
1791431468,5123432,0,1.05,1021188944,848146432,13508136960,14322675712
1791431473,5195752,0,0.96,935709608,848625664,13508136960,14364123136
1791431478,5176020,0,0.89,982720584,847904768,13508132864,14364123136
1791431483,5083684,0,0.82,1081822072,925110272,13508132864,14371840000
1791431488,5038068,0,0.83,1060804936,902320128,13508132864,14494035968
1791431493,5178848,0,0.76,982999192,902320128,13508132864,14703235072
1791431498,5149820,0,0.70,1031578424,852193280,13508128768,14490578944
1791431503,5161812,0,0.65,1076612192,852369408,13508128768,14498291712
1791431508,5195796,0,0.67,1077697848,852303872,13508136960,15014838272
1791431513,5024616,0,0.70,1098889432,966680576,13508132864,15277559808
1791431518,5106240,0,0.81,1084320432,927940608,13508132864,15566835712
1791431523,5039864,0,0.82,1075531936,918884352,13508132864,15875497984
1791431528,5181912,0,0.84,981943344,888721408,13508132864,16083992576
1791431533,5229464,0,0.77,979712576,852856832,13508128768,15591104512
1791431538,5149748,0,0.79,1074462240,852221952,13508128768,15591104512
1791431543,5171388,0,0.72,1084178128,852520960,13508128768,15591325696
1791431549,5906516,0,3.15,1070951440,71229440,13508116480,15566688256
1791431554,6892944,0,5.62,109669784,100683776,13508112384,15681040384
1791431559,6619344,0,5.25,398585808,127336448,13508112384,10654318592
1791431564,6363644,0,4.99,484049632,127021056,13508112384,291930112
1791431569,6577156,0,4.75,284306208,119054336,13508108288,310542336
1791431574,6738564,0,4.37,167986736,116736000,13508108288,319664128
1791431579,6728624,0,4.02,154903736,114819072,13508108288,221839360
1791431584,6810816,0,3.70,74550704,113483776,13508108288,139395072
1791431589,6564868,0,3.48,350787336,123478016,13508096000,223309824
1791431594,6309980,0,3.36,490649112,131051520,13508096000,289894400
1791431599,6502528,0,3.17,295137824,123211776,13508096000,310628352
1791431604,6708288,0,3.00,177222784,121962496,13508096000,317947904
1791431609,6723876,0,2.76,154925632,118501376,13508096000,222269440
1791431614,6774352,0,2.54,149104936,119222272,13508096000,140259328
1791431619,6548692,0,2.41,471910408,130457600,13508096000,224104448
1791431624,6265304,0,2.22,508467312,134184960,13508091904,292306944
1791431629,6386092,0,2.20,345565752,123916288,13508091904,314716160
1791431634,6702352,0,2.02,198403336,119255040,13508091904,325664768
1791431639,6722604,0,1.86,142494344,117231616,13508091904,235585536
1791431644,6750140,0,1.79,235406368,128159744,13508091904,145747968
1791431649,6460520,0,1.73,549162048,136744960,13508091904,227753984
1791431654,6252264,0,1.67,524010472,133414912,13508091904,299057152
1791431659,6403680,0,1.54,322961664,126222336,13508091904,318365696
1791431665,6704468,0,1.49,201449536,118689792,13508091904,329576448
1791431670,6702964,0,1.37,134002064,117305344,13508091904,233308160
1791431675,6613172,0,1.42,356983424,130916352,13508091904,237977600
1791431680,6350284,0,1.47,488317056,131203072,13508087808,307810304
1791431685,6427396,0,1.43,313928680,124235776,13508087808,335802368
1791431690,6642340,0,1.40,176307056,119611392,13508087808,364380160
1791431695,6708440,0,1.29,122171960,117989376,13508087808,236261376
1791431700,6657196,0,1.18,326997680,127705088,13508087808,171900928
1791431705,6440924,0,1.17,531492608,138801152,13508083712,254541824
1791431710,6304448,0,1.15,485395008,124317696,13508083712,311820288
1791431715,6625396,0,1.30,275371784,119988224,13508079616,335900672
1791431720,6721024,0,1.20,148048032,117952512,13508079616,324362240
1791431725,6773392,0,1.10,223467968,122314752,13508079616,186880000
1791431730,6532884,0,1.09,433251512,129744896,13508075520,279019520
1791431735,6533440,0,1.08,309215512,134639616,13508075520,279019520
1791431740,6712396,0,1.00,151088600,125394944,13508075520,318312448
1791431745,6781760,0,0.92,163672152,119472128,13508075520,274894848
1791431750,6845116,0,0.84,94544768,118071296,13508075520,160210944
1791431755,6615616,0,0.78,293949856,127004672,13508075520,160210944
1791431760,6447904,0,0.79,494350472,132308992,13508071424,298266624
1791431765,6508472,0,0.73,357555608,123826176,13508071424,318238720
1791431771,6693380,0,0.67,204184136,120840192,13508071424,330895360
1791431776,6695184,0,0.62,159759280,119066624,13508067328,265768960
1791431781,6742176,0,0.57,172004280,128581632,13508067328,153681920
1791431786,6520364,0,0.60,484654624,135639040,13508063232,234561536
1791431791,6326392,0,0.63,504723344,132276224,13508063232,298958848
1791431796,6424596,0,0.66,320348568,122593280,13508063232,319406080
1791431801,6650728,0,1.01,201533064,120168448,13508059136,328884224
1791431806,6674988,0,0.93,147361256,117977088,13508059136,233971712
1791431811,6636176,0,0.94,333005352,124137472,13508059136,154333184
1791431816,6499608,0,0.86,455012760,131960832,13508059136,299614208
1791431821,6632740,0,0.87,274526072,124276736,13508059136,321212416
1791431826,6783184,0,0.88,154220832,131309568,13508059136,328843264
1791431831,6764524,0,0.81,162272768,119607296,13508059136,236625920
1791431836,6842712,0,0.75,76204360,117514240,13508059136,151429120
1791431841,6600428,0,0.77,353182336,128421888,13508050944,234606592
1791431846,6387320,0,0.79,493393736,132329472,13508050944,299708416
1791431851,6573828,0,0.72,314956280,125816832,13508050944,320729088
1791431856,6758856,0,0.75,199025024,121143296,13508050944,331640832
1791431861,6759264,0,0.68,156275312,119631872,13508050944,237764608
1791431866,6700504,0,0.71,292206960,129138688,13508050944,155328512
1791431871,6451824,0,0.73,443140320,132460544,13508050944,306356224
1791431876,6491152,0,0.67,273759104,134819840,13508046848,318345216
1791431881,6634172,0,0.62,155720136,128417792,13508046848,318345216
1791431887,6702764,0,0.57,160410368,119865344,13508046848,244883456
1791431892,6791064,0,0.52,88714680,118169600,13508046848,151736320
1791431897,6592888,0,0.64,296955432,127430656,13508042752,228634624
1791431902,6449048,0,0.59,475025168,130260992,13508042752,304144384
1791431907,6516900,0,0.62,317729488,133042176,13508042752,319762432
1791431912,6642564,0,0.65,212955400,121454592,13508042752,356405248
1791431917,6748352,0,0.68,164343920,119926784,13508038656,263143424
1791431922,6766508,0,0.71,209790616,121556992,13508038656,162942976
1791431927,6486148,0,0.73,526246240,130535424,13508038656,238342144
1791431932,6267276,0,0.75,527636224,134975488,13508038656,301821952
1791431937,6449528,0,0.69,334896184,125997056,13508038656,321593344
1791431942,6701332,0,0.80,206545672,121110528,13508038656,332603392
1791431947,6732776,0,0.81,145408368,119296000,13508038656,237383680
1791431952,6725392,0,0.83,263134160,127852544,13508038656,152473600
1791431957,6476280,0,0.92,420321040,134320128,13508038656,299233280
1791431962,6278292,0,0.85,470654824,131489792,13508038656,299233280
1791431967,6358416,0,0.78,392731224,131723264,13508038656,317771776
1791431972,6674596,0,0.72,231683376,120872960,13508038656,337563648
1791431977,6677452,0,0.66,157477632,117223424,13508038656,266309632
1791431982,6654324,0,0.69,356308992,132513792,13508038656,172417024
1791431987,6373540,0,0.87,440245216,131940352,13508038656,297627648
1791431992,6544840,0,0.96,300008992,125546496,13508034560,299253760
1791431998,6668744,0,0.89,177240520,123351040,13508034560,308023296
1791432003,6663852,0,0.81,188759656,120848384,13508030464,255606784
1791432008,6697604,0,0.75,121989968,118652928,13508026368,170713088
1791432013,6631492,0,0.85,332813872,127852544,13508026368,220041216
1791432018,6419832,0,0.86,526865360,133173248,13508026368,292986880
1791432023,6387948,0,0.95,412472000,125489152,13508022272,319729664
1791432028,6679100,0,0.96,207429424,122171392,13508022272,338255872
1791432033,6730224,0,0.96,169118816,119873536,13508018176,293175296
1791432038,6816592,0,0.96,106904304,120578048,13508014080,163934208
1791432043,6574752,0,0.97,433280336,133074944,13508014080,205918208
1791432048,6321836,0,0.89,551040776,134287360,13508014080,284073984
1791432053,6402224,0,0.90,387946168,125911040,13508014080,319455232
1791432058,6689800,0,0.83,210962000,120922112,13508014080,335933440
1791432063,6672996,0,0.76,140224544,118542336,13508014080,274018304
1791432068,6623252,0,0.94,377153896,132403200,13508014080,159694848
1791432073,6423312,0,0.94,472939624,132788224,13508009984,300576768
1791432078,6459404,0,0.95,323758784,125046784,13508009984,322080768
1791432083,6618024,0,0.95,180492392,121987072,13508009984,332845056
1791432088,6681720,0,0.88,157665840,120086528,13508009984,252391424
1791432093,6798180,0,0.81,89480136,118677504,13508009984,152748032
1791432098,6566444,0,0.82,371783680,134266880,13508009984,229728256
1791432103,6387904,0,0.76,452073936,138186752,13508009984,304394240
1791432108,6440512,0,0.78,315545728,122781696,13508009984,320278528
1791432114,6593784,0,0.71,228275464,122060800,13508009984,336031744
1791432119,6715612,0,0.66,164215736,120672256,13508009984,246509568
1791432124,6702900,0,0.60,271697568,122462208,13508005888,170491904
1791432129,6419320,0,0.64,578868152,137068544,13508005888,246341632
1791432134,6214312,0,0.58,530113696,135970816,13508005888,311775232
1791432139,6403020,0,0.62,338141632,127741952,13508001792,319414272
1791432144,6714756,0,0.65,191056688,120942592,13508001792,330240000
1791432149,6715336,0,0.60,138563128,119259136,13508001792,235810816
1791432154,6617644,0,0.71,374593376,134414336,13508001792,150773760
1791432159,6323520,0,0.73,479409424,132956160,13508001792,302465024
1791432164,6427248,0,0.75,299504896,131125248,13508001792,340996096
1791432169,6640028,0,0.69,195067728,121794560,13507997696,367763456
1791432174,6762744,0,0.64,118241704,119967744,13507997696,243404800
1791432179,6756960,0,0.59,218761960,132497408,13507997696,178176000
1791432184,6491460,0,0.62,515730720,139177984,13507997696,250310656
1791432189,6407376,0,0.65,412890680,131067904,13507997696,304324608
1791432194,6568128,0,0.60,253461800,130469888,13507997696,320925696
1791432199,6682908,0,0.55,181334744,121634816,13507997696,309252096
1791432204,6725192,0,0.51,111246368,119500800,13507997696,192307200
1791432209,6572408,0,0.63,396625456,137945088,13507997696,235335680
1791432214,6308288,0,0.66,529286936,134647808,13507997696,305643520
1791432219,6399760,0,0.60,391505736,126230528,13507997696,319680512
1791432224,6697772,0,0.56,217058352,122126336,13507993600,334553088
1791432230,6731128,0,0.51,157028776,120737792,13507993600,269918208
1791432235,6669852,0,0.47,322653648,129110016,13507993600,157741056
1791432240,6439272,0,0.51,416896280,137928704,13507989504,236433408
1791432245,6255444,0,0.47,513094400,134438912,13507989504,300142592
1791432250,6502060,0,0.43,339684160,132263936,13507989504,321171456
1791432255,6657348,0,0.40,210529376,121487360,13507985408,326868992
1791432260,6677404,0,0.45,142437456,118968320,13507985408,236617728
1791432265,6522456,0,0.73,368230168,136761344,13507985408,240193536
1791432270,6321040,0,0.75,498802448,133632000,13507985408,306851840
1791432275,6447424,0,0.69,320608504,133025792,13507985408,342343680
1791432280,6613376,0,0.64,205595408,121643008,13507981312,361611264
1791432285,6719580,0,0.59,111649864,119963648,13507981312,241590272
1791432290,6605064,0,0.54,373168528,130486272,13507977216,201265152
1791432295,6407068,0,0.58,559128048,134488064,13507977216,266780672
1791432300,6339508,0,0.53,446129440,126038016,13507977216,320172032
1791432305,6636648,0,0.49,243775720,123658240,13507973120,339038208
1791432310,6742452,0,0.45,171714544,121151488,13507973120,301903872
1791432315,6726316,0,0.41,122687144,119394304,13507973120,183586816
1791432320,6527512,0,0.54,451259152,138502144,13507973120,187736064
1791432325,6303168,0,0.58,555661104,130748416,13507969024,269393920
1791432330,6277032,0,0.69,411420992,133046272,13507969024,318709760
1791432335,6644024,0,0.79,264800576,122253312,13507964928,319676416
1791432340,6674752,0,0.89,174681584,120696832,13507960832,297119744
1791432346,6653920,0,0.90,312565000,129634304,13507960832,175214592
1791432351,6418048,0,0.91,485669320,134467584,13507960832,303996928
1791432356,6471172,0,0.84,325339744,136716288,13507960832,320405504
1791432361,6631164,0,0.85,191758936,123789312,13507960832,334970880
1791432366,6681312,0,0.78,162908344,121901056,13507960832,270569472
1791432371,6797960,0,0.72,100535840,125423616,13507960832,158552064
1791432376,6579160,0,0.82,413906328,132214784,13507960832,237346816
1791432381,6324804,0,0.92,482698840,132849664,13507956736,301711360
1791432386,6438688,0,0.84,319785792,123416576,13507956736,321761280
1791432391,6656752,0,0.79,202154296,123125760,13507956736,350957568
1791432396,6664804,0,0.80,167506768,120987648,13507956736,242290688
1791432401,6688780,0,0.82,283746104,126611456,13507956736,161337344
1791432406,6330884,0,0.83,470640824,135352320,13507952640,243445760
1791432411,6124440,0,0.85,490879640,137617408,13507952640,307580928
1791432416,6359684,0,0.78,337400304,130547712,13507952640,323895296
1791432421,6707124,0,0.72,191703032,121913344,13507948544,332505088
1791432426,6704440,0,0.66,136776624,120246272,13507948544,236703744
1791432431,6547284,0,0.69,292862624,129503232,13507948544,151535616
1791432436,6426020,0,0.87,427607624,138756096,13507948544,300707840
1791432441,6512668,0,0.80,290494392,132067328,13507948544,321404928
1791432446,6672848,0,0.90,196273328,124108800,13507948544,331603968
1791432452,6755440,0,0.83,161167432,121663488,13507948544,245960704
1791432457,6816092,0,0.84,134089312,128475136,13507948544,166629376
1791432462,6479580,0,0.85,438100408,140451840,13507944448,237228032
1791432467,6313620,0,0.78,513866648,136921088,13507944448,302243840
1791432472,6417124,0,0.80,332110088,127291392,13507944448,323096576
1791432477,6635708,0,0.74,201211144,122929152,13507944448,331096064
1791432482,6662612,0,0.68,159642784,121049088,13507944448,236965888
1791432487,6662644,0,0.78,286900568,129847296,13507940352,154226688
1791432492,6427592,0,0.88,539999952,137293824,13507940352,237281280
1791432497,6275052,0,0.89,496588864,129245184,13507940352,300769280
1791432502,6439276,0,0.82,364167856,134877184,13507936256,320155648
1791432507,6645436,0,0.75,209976328,123387904,13507936256,346472448
1791432512,6635276,0,0.69,165951264,119894016,13507936256,246493184
1791432517,6564728,0,1.36,384813704,139755520,13507936256,253927424
1791432522,6343556,0,1.25,494966400,136511488,13507936256,307593216
1791432527,6503136,0,1.15,323013728,127365120,13507936256,321978368
1791432532,6734772,0,1.06,203126504,123490304,13507936256,327282688
1791432537,6736572,0,0.97,159153840,121921536,13507936256,235028480
1791432542,6756584,0,0.97,207313256,124919808,13507932160,152199168
1791432547,6498024,0,0.98,503907256,143667200,13507932160,234983424
1791432552,6264412,0,0.90,529659960,137793536,13507932160,302260224
1791432557,6426116,0,0.83,333853096,128393216,13507932160,323137536
1791432563,6682116,0,0.76,201681096,122888192,13507932160,331726848
1791432568,6681836,0,0.78,143924952,121643008,13507932160,237297664
1791432573,6655960,0,0.80,298979760,135360512,13507932160,152256512
1791432578,6428820,0,0.81,542090016,138534912,13507932160,235167744
1791432583,6242236,0,0.83,498840960,129392640,13507932160,300933120
1791432588,6455464,0,0.76,365217104,134873088,13507932160,320061440
1791432593,6651792,0,0.70,215232880,123654144,13507932160,345563136
1791432598,6623432,0,0.64,167329552,121159680,13507932160,244219904
1791432603,6579788,0,0.67,327367896,140079104,13507928064,250826752
1791432608,6367856,0,0.70,462448216,133369856,13507928064,302342144
1791432613,6438536,0,0.80,285741424,130109440,13507928064,340930560
1791432618,6637652,0,0.90,210179496,123080704,13507928064,352333824
1791432623,6747928,0,0.83,130990464,121643008,13507923968,234852352
1791432628,6712632,0,0.84,269233456,132268032,13507923968,185946112
1791432633,6414408,0,0.94,566662976,135852032,13507923968,256995328
1791432638,6283348,0,0.86,482642728,138498048,13507923968,321179648
1791432643,6506672,0,0.79,309710560,131739648,13507915776,338513920
1791432648,6698436,0,0.73,186046416,122519552,13507915776,331612160
1791432653,6700680,0,0.67,134861096,121155584,13507915776,231043072
1791432658,6578800,0,0.70,299411008,131899392,13507915776,233762816
1791432663,6391240,0,0.72,478392872,135471104,13507911680,302841856
1791432668,6576536,0,0.74,288768792,128282624,13507911680,323575808
1791432673,6727088,0,0.76,174756640,124784640,13507911680,330424320
1791432679,6722264,0,0.70,158622848,123273216,13507907584,235012096
1791432684,6800216,0,0.65,92939544,123969536,13507907584,152436736
1791432689,6565108,0,0.83,411100816,132177920,13507907584,237232128
1791432694,6349528,0,0.85,500061664,137113600,13507907584,302772224
1791432699,6508304,0,1.02,317917912,128364544,13507907584,324431872
1791432704,6717344,0,1.10,207150696,124153856,13507907584,333021184
1791432709,6724164,0,1.01,158408144,122609664,13507907584,237907968
1791432714,6717012,0,0.93,263622496,129785856,13507907584,155234304
1791432719,6454616,0,1.02,546503064,141176832,13507907584,240119808
1791432724,6312560,0,1.09,489757336,133140480,13507907584,301232128
1791432729,6481140,0,1.17,320327184,126197760,13507907584,321785856
1791432734,6634992,0,1.07,202064072,123928576,13507907584,345284608
1791432739,6651756,0,1.07,150606192,121921536,13507907584,242114560
1791432744,6601548,0,1.06,310109992,138670080,13507899392,251138048
1791432749,6466564,0,1.06,434824512,133312512,13507899392,302903296
1791432754,6582884,0,0.97,277235344,129134592,13507899392,340041728
1791432759,6681908,0,0.89,206421088,124391424,13507895296,345645056
1791432764,6766048,0,0.82,134945064,123195392,13507895296,230195200
1791432769,6738524,0,0.76,214667992,128241664,13507895296,185577472
1791432774,6491192,0,0.94,502787000,136040448,13507891200,256147456
1791432779,6349264,0,0.86,480938968,130338816,13507891200,312569856
1791432784,6544508,0,0.87,295409504,128245760,13507891200,342020096
1791432789,6713872,0,0.80,168781680,123977728,13507887104,329510912
1791432794,6751288,0,0.82,106663952,122433536,13507887104,207052800
1791432800,6584260,0,0.91,411620400,138809344,13507887104,208408576
1791432805,6333780,0,0.92,547136352,134483968,13507887104,288448512
1791432810,6405228,0,1.01,392345920,126775296,13507887104,321626112
1791432815,6662924,0,0.93,237350896,125419520,13507887104,339730432
1791432820,6712244,0,0.85,166239896,124010496,13507887104,282992640
1791432825,6678748,0,0.78,299471392,135299072,13507887104,166780928
1791432830,6432420,0,0.80,548206016,145055744,13507883008,243597312
1791432835,6179176,0,0.82,521313360,136056832,13507883008,303263744
1791432840,6452676,0,0.83,341680944,131653632,13507883008,323112960
1791432845,6701684,0,0.93,213906336,124436480,13507883008,333815808
1791432850,6686676,0,0.85,149815200,122564608,13507883008,242151424
1791432855,6587548,0,0.86,306806152,134946816,13507878912,241487872
1791432860,6409988,0,0.95,429467392,141664256,13507878912,302731264
1791432865,6562656,0,0.96,287213080,136835072,13507878912,323436544
1791432870,6685856,0,0.88,230229888,126128128,13507878912,333357056
1791432875,6729608,0,0.81,166076304,124620800,13507878912,249397248
1791432880,6748720,0,0.75,205379728,131317760,13507870720,171991040
1791432885,6526340,0,0.77,492740944,142749696,13507870720,246403072
1791432890,6271648,0,0.79,513356248,140836864,13507870720,305659904
1791432895,6436528,0,0.72,333134968,130707456,13507870720,325103616
1791432900,6670604,0,0.66,204172504,125607936,13507866624,330616832
1791432905,6656056,0,0.61,138105384,122777600,13507866624,238858240
1791432910,6483072,0,0.56,304783496,132747264,13507866624,156643328
1791432916,6339972,0,0.60,478514048,138031104,13507866624,304136192
1791432921,6447392,0,0.63,311019360,130875392,13507866624,324771840
1791432926,6609700,0,0.58,198860616,127004672,13507866624,356458496
1791432931,6698540,0,0.53,158694568,125333504,13507866624,251113472
1791432936,6721600,0,0.49,230252184,131743744,13507862528,164872192
1791432941,6484860,0,0.53,536980568,139206656,13507862528,244142080
1791432946,6298624,0,0.57,494304800,137080832,13507858432,303779840
1791432951,6466932,0,0.60,322156448,128741376,13507858432,322519040
1791432956,6648888,0,0.64,196416904,126279680,13507858432,341958656
1791432961,6643420,0,0.66,151587592,124121088,13507858432,239386624
1791432966,6559288,0,0.80,427964120,141209600,13507858432,182890496
1791432971,6346808,0,0.81,551707288,146321408,13507858432,264380416
1791432976,6249228,0,0.83,446269448,137273344,13507858432,304934912
1791432981,6524668,0,0.84,305651584,128036864,13507858432,324452352
1791432986,6632296,0,0.77,187384736,126599168,13507858432,319401984
1791432991,6638716,0,0.79,273530128,131186688,13507854336,199757824
1791432996,6496460,0,0.89,444480368,137396224,13507854336,295751680
1791433001,6462452,0,0.82,373776088,135643136,13507854336,327086080
1791433006,6668276,0,1.39,215347144,129150976,13507850240,364060672
1791433011,6721684,0,1.28,160566632,126660608,13507850240,291483648
1791433016,6783628,0,1.34,133411008,134508544,13507850240,167440384
1791433021,6556552,0,1.31,434210712,143147008,13507850240,237674496
1791433027,6387768,0,1.21,479549576,136593408,13507846144,303906816
1791433032,6490628,0,1.11,323295784,133304320,13507846144,323674112
1791433037,6639920,0,1.02,223388208,128471040,13507846144,354246656
1791433042,6662804,0,0.94,178061032,125964288,13507842048,246362112
1791433047,6699188,0,0.94,279369440,130547712,13507842048,167190528
1791433052,6447040,0,0.95,439096400,141619200,13507842048,244994048
1791433057,6226276,0,0.87,465105048,142692352,13507842048,304627712
1791433062,6448664,0,0.88,324745880,135905280,13507842048,325378048
1791433067,6718820,0,0.89,194808992,127774720,13507842048,333545472
1791433072,6709280,0,0.82,140687896,126083072,13507842048,237318144
1791433077,6566040,0,0.84,291831640,134266880,13507842048,154595328
1791433082,6401640,0,0.77,482220008,140259328,13507837952,304885760
1791433087,6565768,0,0.87,287743576,133144576,13507837952,325869568
1791433092,6680320,0,0.80,179399656,129867776,13507837952,334389248
1791433097,6680440,0,0.73,162593064,128184320,13507837952,237199360
1791433102,6753772,0,0.67,82320512,126885888,13507837952,154628096
1791433107,6560628,0,0.70,372228016,143077376,13507837952,237568000
1791433112,6358908,0,0.72,469757560,136753152,13507837952,304148480
1791433117,6499860,0,0.67,293539368,139931648,13507833856,324395008
1791433122,6663848,0,0.61,217467368,130224128,13507833856,355135488
1791433127,6679800,0,0.56,177800616,128053248,13507833856,246743040
1791433133,6728196,0,0.60,241107512,139575296,13507829760,168103936
1791433138,6426592,0,0.63,548348936,145190912,13507829760,246685696
1791433143,6289416,0,0.58,507263720,138092544,13507829760,304361472
1791433148,6486032,0,0.61,342638784,134668288,13507829760,323923968
1791433153,6668820,0,0.56,201814488,129441792,13507825664,354795520
1791433158,6663540,0,0.52,150803296,127070208,13507825664,245190656
1791433163,6597656,0,0.56,306810208,140718080,13507825664,253358080
1791433168,6429628,0,0.51,391375392,142749696,13507825664,304300032
1791433173,6661068,0,0.71,230191512,135987200,13507825664,321667072
1791433178,6715572,0,0.74,170734800,133156864,13507825664,317480960
1791433183,6731216,0,0.76,183538640,129662976,13507825664,229421056
1791433188,6797128,0,0.78,83122336,127700992,13507825664,171511808
1791433193,6552628,0,0.79,301660944,133726208,13507821568,171511808
1791433198,6435680,0,0.81,450278264,146583552,13507821568,302166016
1791433203,6503052,0,0.75,320970016,141246464,13507821568,323289088
1791433208,6596244,0,0.85,231347912,131158016,13507821568,351809536
1791433213,6651184,0,0.78,175180960,129757184,13507821568,271613952
1791433218,6678572,0,0.72,249614616,140591104,13507817472,176218112
1791433223,6440112,0,0.74,547371104,145149952,13507817472,249413632
1791433228,6270100,0,0.68,518697536,145342464,13507817472,305537024
1791433233,6473004,0,0.62,338694696,132841472,13507813376,340754432
1791433238,6652700,0,0.57,203047864,129662976,13507813376,362057728
1791433244,6711948,0,0.53,137954208,127242240,13507813376,231030784
1791433249,6508952,0,0.57,370257656,141201408,13507809280,263626752
1791433254,6385632,0,0.52,429592776,144031744,13507805184,323768320
1791433259,6494204,0,0.48,297070296,135319552,13507805184,340520960
1791433264,6675312,0,0.44,196140400,130617344,13507805184,331145216
1791433269,6698608,0,0.40,156548728,129548288,13507805184,236290048
1791433274,6745360,0,0.53,214672168,130973696,13507801088,156196864
1791433279,6489504,0,1.37,502027392,149557248,13507801088,238796800
1791433284,6342668,0,1.34,492303776,141406208,13507801088,305070080
1791433289,6419352,0,1.23,392272656,132788224,13507801088,324722688
1791433294,6613892,0,1.13,212293952,131108864,13507801088,355438592
1791433299,6636908,0,1.20,168984104,130605056,13507801088,249647104
1791433304,6461768,0,1.27,372260120,138964992,13507801088,214425600
1791433309,6531472,0,1.25,356136600,144216064,13507801088,325120000
1791433314,6635320,0,1.15,204011832,137003008,13507801088,343683072
1791433319,6696632,0,1.13,180227912,131084288,13507801088,310743040
1791433324,6770844,0,1.12,103002984,129634304,13507801088,194355200
1791433329,6634364,0,1.03,239494680,142229504,13507796992,213233664
1791433334,6468320,0,1.11,471709128,147939328,13507796992,287346688
1791433339,6483920,0,1.10,352753544,142241792,13507796992,324255744
1791433344,6682928,0,1.01,187434968,140435456,13507796992,342175744
1791433350,6721544,0,0.93,178368648,131305472,13507792896,290533376
1791433355,6782756,0,0.86,100976144,129392640,13507792896,177029120
1791433360,6664492,0,0.87,342169792,145776640,13507792896,231956480
1791433365,6323888,0,0.88,518977560,144531456,13507792896,302678016
1791433370,6403624,0,0.81,380922248,136896512,13507788800,325005312
1791433375,6680472,0,0.74,221392040,132116480,13507788800,339865600
1791433380,6727424,0,0.68,167071072,130899968,13507788800,275054592
1791433385,6722584,0,0.63,259999552,140685312,13507784704,162811904
1791433390,6431512,0,0.74,557845312,150458368,13507784704,241340416
1791433395,6236932,0,0.76,537283304,145764352,13507784704,306483200
1791433400,6374156,0,0.78,340126600,138461184,13507784704,327618560
1791433405,6657636,0,0.80,201989392,131727360,13507784704,337895424
1791433410,6679904,0,0.73,144121920,130060288,13507784704,244948992
1791433415,6624984,0,0.75,355694136,141787136,13507784704,158535680
1791433420,6414260,0,0.85,423070992,149135360,13507780608,305602560
1791433425,6600740,0,0.87,257237920,137179136,13507780608,338743296
1791433430,6613688,0,0.88,227935360,132575232,13507780608,338743296
1791433435,6743244,0,0.81,127528440,130719744,13507780608,228945920
1791433440,6656272,0,0.74,261795544,140177408,13507780608,228945920
1791433445,6500724,0,0.76,483782640,144584704,13507780608,278044672
1791433450,6436292,0,0.78,383492704,145850368,13507780608,325464064
1791433455,6581852,0,0.72,208521296,136847360,13507780608,343457792
1791433460,6637816,0,0.74,188383584,131801088,13507780608,300646400
1791433466,6723672,0,0.68,128807048,130232320,13507780608,191139840
1791433471,6677944,0,0.63,319134000,138711040,13507780608,196395008
1791433476,6377520,0,0.66,561138272,144523264,13507776512,274755584
1791433481,6352896,0,0.60,447371352,136114176,13507776512,325431296
1791433486,6595468,0,0.64,261274312,133566464,13507776512,344346624
1791433491,6704648,0,0.59,180770808,130969600,13507772416,306483200
1791433496,6727944,0,0.54,120825512,129216512,13507772416,193986560
1791433501,6555816,0,0.58,445836480,141750272,13507772416,195805184
1791433506,6335368,0,0.61,557363240,139988992,13507772416,272793600
1791433511,6314628,0,0.56,412728824,142249984,13507772416,324513792
1791433516,6676280,0,0.52,262854368,132214784,13507768320,325861376
1791433521,6693004,0,0.47,177975904,131334144,13507768320,302612480
1791433526,6715644,0,0.44,261692104,141037568,13507768320,175149056
1791433531,6453372,0,0.56,435293536,149278720,13507768320,310407168
1791433536,6283144,0,0.94,411264080,147955712,13507768320,310407168
1791433541,6352412,0,0.95,322920704,138866688,13507768320,327368704
1791433546,6687948,0,0.87,187490824,132308992,13507768320,339460096
1791433551,6704488,0,0.88,145124144,130547712,13507764224,269008896
1791433556,6608948,0,0.89,376194856,145162240,13507764224,159420416
1791433561,6456876,0,0.82,438702224,147984384,13507764224,308887552
1791433566,6430736,0,0.75,324303672,143134720,13507760128,325464064
1791433571,6609536,0,0.69,214090304,133316608,13507760128,364113920
1791433577,6695288,0,0.64,160916848,131801088,13507760128,272805888
1791433582,6722988,0,0.67,235469704,138182656,13507760128,196583424
1791433587,6466228,0,0.69,520620776,146444288,13507756032,268722176
1791433592,6273260,0,0.72,480710472,144674816,13507756032,324694016
1791433597,6468884,0,0.66,298517008,136433664,13507756032,325906432
1791433602,6681572,0,0.61,195474776,132378624,13507756032,332759040
1791433607,6667940,0,0.56,151531616,130478080,13507756032,223158272
1791433612,6568844,0,0.60,414705792,141058048,13507751936,181014528
1791433617,6371476,0,0.63,433857904,145981440,13507751936,325267456
1791433622,6500748,0,0.58,275966232,137433088,13507747840,344354816
1791433627,6694640,0,0.69,174854080,135032832,13507747840,343961600
1791433632,6728924,0,0.64,161540480,131608576,13507747840,235810816
1791433637,6754068,0,0.58,109571032,135401472,13507747840,158789632
1791433642,6538424,0,0.70,423278440,143785984,13507747840,241299456
1791433647,6299468,0,0.72,500689352,145498112,13507747840,308948992
1791433652,6405364,0,0.75,330747704,136638464,13507747840,329129984
1791433657,6657408,0,0.69,212234944,132333568,13507747840,335577088
1791433662,6728972,0,0.63,161463016,131264512,13507743744,245166080
1791433667,6672260,0,0.66,308578096,144891904,13507743744,159936512
1791433672,6336756,0,0.69,464688288,144515072,13507743744,308785152
1791433677,6224180,0,0.63,442506016,148131840,13507739648,308785152
1791433682,6329708,0,0.58,313235208,140443648,13507739648,329801728
1791433688,6690332,0,0.53,198323360,131805184,13507739648,338681856
1791433693,6689676,0,0.57,143190448,129904640,13507739648,245116928
1791433698,6598212,0,0.61,314030256,144490496,13507739648,240328704
1791433703,6391236,0,0.80,465406376,141594624,13507739648,307609600
1791433708,6556736,0,0.73,285249352,144990208,13507739648,327757824
1791433713,6716464,0,0.84,194321168,134148096,13507739648,337448960
1791433718,6733572,0,0.77,173694520,132153344,13507739648,246345728
1791433723,6809340,0,0.71,101735920,133980160,13507735552,166989824
1791433728,6517212,0,0.73,409918896,143118336,13507735552,245895168
1791433733,6380772,0,1.07,482414976,141332480,13507735552,307679232
1791433738,6453792,0,1.07,306825384,143015936,13507735552,327569408
1791433743,6631844,0,1.14,199973696,133337088,13507735552,361152512
1791433748,6663612,0,1.05,158128672,131203072,13507735552,247689216
1791433753,6685628,0,1.29,312699600,144605184,13507735552,184119296
1791433758,6454108,0,1.42,431885736,144715776,13507735552,327151616
1791433763,6230520,0,1.39,522915184,147501056,13507731456,327151616
1791433768,6443184,0,1.44,338493648,140771328,13507731456,327929856
1791433773,6696060,0,1.32,197760440,132243456,13507731456,325533696
1791433778,6684496,0,1.22,143294120,129892352,13507731456,240775168
1791433783,6561036,0,1.20,310021712,142442496,13507727360,240685056
1791433788,6373768,0,1.26,486455776,144875520,13507727360,308199424
1791433793,6549160,0,1.16,305008976,137150464,13507727360,329281536
1791433798,6693744,0,1.07,184584120,135081984,13507727360,337678336
1791433804,6702364,0,0.98,166747800,131993600,13507727360,240652288
1791433809,6798508,0,0.90,113467608,137314304,13507727360,158035968
1791433814,6518584,0,0.91,432739616,146976768,13507727360,241737728
1791433819,6240244,0,0.84,559878424,140595200,13507727360,308137984
1791433824,6379476,0,0.85,371406464,135905280,13507719168,348454912
1791433829,6634228,0,0.86,205561632,131432448,13507719168,373161984
1791433834,6714140,0,0.79,115819376,129490944,13507719168,253779968
1791433839,6544032,0,0.97,425729104,142110720,13507719168,208732160
1791433844,6285516,0,0.97,573946912,144003072,13507719168,275574784
1791433849,6181412,0,0.90,469852120,141336576,13507719168,328093696
1791433854,6575124,0,0.90,261378992,132395008,13507715072,348229632
1791433859,6681240,0,0.83,151178696,130732032,13507710976,311238656
1791433864,6598548,0,0.85,374290176,147189760,13507710976,189476864
1791433869,6408320,0,0.94,423686592,147410944,13507710976,306937856
1791433874,6595688,0,1.02,233596032,142241792,13507710976,327417856
1791433879,6538440,0,1.02,219662472,133672960,13507710976,352403456
1791433884,6665388,0,0.94,168181592,132419584,13507710976,236216320
1791433889,6745800,0,0.94,172080752,135380992,13507710976,179871744
1791433894,6498248,0,0.95,476960872,142397440,13507706880,253882368
1791433899,6288612,0,0.87,514935272,147009536,13507706880,319623168
1791433904,6432196,0,0.96,341468472,137236480,13507706880,328060928
1791433909,6658456,0,1.05,190642384,132009984,13507706880,360861696
1791433914,6675216,0,0.96,137509008,129957888,13507706880,248078336
1791433920,6576720,0,0.97,415304184,140853248,13507706880,185520128
1791433925,6378772,0,0.97,432819272,144609280,13507702784,326488064
1791433930,6481812,0,0.89,275228544,136323072,13507702784,345567232
1791433935,6708800,0,0.90,173961392,134098944,13507702784,344227840
1791433940,6719004,0,0.83,163928248,131141632,13507698688,237330432
1791433945,6759944,0,0.76,112832568,135135232,13507698688,160550912
1791433950,6508764,0,0.78,425643720,143380480,13507698688,242466816
1791433955,6359476,0,0.80,488339456,143511552,13507698688,309723136
1791433960,6472372,0,1.94,355894624,134897664,13507698688,329359360
1791433965,6656672,0,1.78,209250808,132243456,13507694592,354975744
1791433970,6655284,0,1.64,179006752,130445312,13507694592,259104768
1791433975,6672384,0,1.51,308804472,144629760,13507694592,167239680
1791433980,6438132,0,1.55,465637440,143790080,13507694592,309235712
1791433985,6453416,0,1.42,304560944,146505728,13507694592,330285056
1791433990,6696220,0,1.47,159514120,139517952,13507694592,341168128
1791433995,6709420,0,1.43,166211880,131219456,13507694592,263176192
1791434000,6770116,0,1.32,98557480,128692224,13507694592,161304576
1791434005,6541196,0,1.29,311772920,142098432,13507694592,238133248
1791434010,6359760,0,1.27,489623544,142749696,13507690496,313462784
1791434015,6465988,0,1.17,314423856,145195008,13507690496,329003008
1791434020,6595772,0,1.07,209801912,132960256,13507690496,360329216
1791434025,6631920,0,0.99,174056048,131297280,13507690496,261869568
1791434030,6781972,0,0.91,184412056,141242368,13507686400,167047168
1791434036,6493104,0,0.99,498608768,149946368,13507686400,247111680
1791434041,6302808,0,1.00,516784368,144363520,13507686400,309002240
1791434046,6425816,0,0.91,326780928,134537216,13507686400,329510912
1791434051,6638520,0,1.00,191123640,131764224,13507686400,360660992
1791434056,6658032,0,0.92,145600736,129757184,13507686400,245342208
1791434061,6590928,0,0.85,409911408,139010048,13507682304,186048512
1791434066,6354796,0,0.94,427929056,142221312,13507682304,327094272
1791434071,6561836,0,0.86,234831272,145735680,13507682304,327094272
1791434076,6630256,0,0.88,191955936,132935680,13507682304,327839744
1791434081,6733428,0,0.81,155455104,131604480,13507682304,228483072
1791434086,6680000,0,0.82,199916888,135262208,13507678208,206008320
1791434091,6487332,0,0.84,450301288,152387584,13507678208,283148288
1791434096,6449304,0,0.85,386779944,143360000,13507678208,327413760
1791434101,6666720,0,0.78,194543544,141185024,13507678208,346791936
1791434106,6689808,0,0.80,193629712,132444160,13507674112,313606144
1791434111,6762776,0,0.90,99186448,130494464,13507674112,181338112
1791434116,6621060,0,0.91,314668904,137814016,13507674112,241655808
1791434121,6349096,0,0.84,467426872,149180416,13507670016,306417664
1791434126,6420276,0,0.77,338932488,145231872,13507670016,328597504
1791434131,6630168,0,0.87,234635112,133140480,13507670016,366800896
1791434136,6677856,0,0.80,181311656,131833856,13507670016,274309120
1791434142,6787248,0,0.82,179811128,140177408,13507665920,177786880
1791434147,6491744,0,0.83,496605880,148541440,13507665920,250294272
1791434152,6230200,0,0.76,530898840,148221952,13507665920,311607296
1791434157,6396988,0,0.70,345577328,136757248,13507665920,331673600
1791434162,6667964,0,0.65,209837944,132657152,13507661824,340508672
1791434167,6695720,0,0.59,154306864,131248128,13507657728,242528256
1791434172,6676976,0,0.63,294071712,139755520,13507653632,159756288
1791434177,6414300,0,0.66,559327832,151805952,13507653632,242941952
1791434182,6234440,0,0.60,524733960,145006592,13507653632,309919744
1791434187,6435400,0,0.56,362136576,141602816,13507653632,330248192
1791434192,6623884,0,0.51,212252616,132272128,13507649536,364036096
1791434197,6659864,0,0.47,157891520,130396160,13507649536,249851904
1791434202,6570452,0,0.51,349748280,141094912,13507649536,247918592
1791434207,6377228,0,0.55,467065096,140660736,13507649536,309645312
1791434212,6545372,0,0.51,285930712,143319040,13507645440,329547776
1791434217,6657004,0,0.55,227218096,133554176,13507645440,360488960
1791434222,6695352,0,0.66,181072280,132067328,13507641344,252678144
1791434227,6781496,0,0.77,174967888,137682944,13507641344,173248512
1791434232,6484528,0,0.87,487820120,146247680,13507641344,252104704
1791434237,6249276,0,0.88,565322176,141029376,13507641344,312979456
1791434242,6384452,0,0.89,373277032,136925184,13507641344,350457856
1791434247,6616684,0,0.90,192307848,132382720,13507641344,376922112
1791434252,6698648,0,0.83,110650816,130064384,13507641344,248582144
1791434258,6577304,0,0.84,436296032,139714560,13507641344,204075008
1791434263,6368064,0,0.77,519867016,145698816,13507641344,271056896
1791434268,6343504,0,0.71,416886528,136798208,13507641344,309338112
1791434273,6618760,0,0.65,267880592,139014144,13507637248,328638464
1791434278,6635668,0,0.60,209894656,133222400,13507637248,308035584
1791434283,6665652,0,0.55,149373952,130850816,13507637248,195969024
1791434288,6544492,0,0.59,462344432,138571776,13507637248,194764800
1791434293,6354944,0,0.54,510746536,150036480,13507637248,272433152
1791434298,6256252,0,0.50,454638024,144203776,13507637248,309829632
1791434303,6568852,0,0.46,273475080,133287936,13507633152,347922432
1791434308,6630560,0,0.42,181817256,132165632,13507633152,323182592
1791434313,6657780,0,0.39,220887528,139321344,13507633152,193904640
1791434318,6444576,0,0.44,402003912,151527424,13507629056,282255360
1791434323,6482156,0,0.40,351575008,147574784,13507629056,282255360
1791434328,6399352,0,0.45,259491328,138457088,13507629056,310730752
1791434333,6700548,0,0.49,208102336,134361088,13507624960,327241728
1791434338,6728252,0,0.53,153184632,132132864,13507624960,294281216
1791434343,6693272,0,0.57,195290432,140718080,13507624960,193937408
1791434348,6545196,0,0.61,429773160,146333696,13507624960,254230528
1791434354,6358296,0,0.64,426244504,150192128,13507620864,310288384
1791434359,6580096,0,0.67,259940128,140406784,13507620864,327917568
1791434364,6675676,0,0.85,226526680,134025216,13507620864,345530368
1791434369,6679732,0,0.79,187127664,131891200,13507620864,235302912
1791434374,6820892,0,0.72,120794296,99254272,13494837248,174022656
1791434379,5551604,0,0.75,140088456,1434304512,13494837248,250986496
1791434384,6759116,0,0.77,91662592,64581632,13494837248,257679360
1791434389,6571080,0,0.70,141039616,362647552,13494837248,191074304
1791434394,6780564,0,0.65,148189336,104542208,13494837248,154087424
1791434399,6781100,0,0.60,26082808,87355392,13494837248,111751168
1791434404,4715012,0,0.87,184193408,1946714112,13494837248,166580224
1791434409,6516052,0,0.88,144029392,64733184,13494837248,191229952
1791434414,6567296,0,0.89,216554840,227418112,13492711424,214872064
1791434419,6495836,0,0.90,210664648,260947968,13491363840,398503936
1791434424,6314372,0,0.91,363299416,345153536,13489516544,779268096
1791434429,6370032,0,0.91,310031144,366866432,13488218112,824180736
1791434434,6322868,0,0.92,389856336,398254080,13486841856,604069888
1791434439,6279064,0,1.17,421087696,462635008,13483388928,552955904
1791434444,6571836,0,1.07,389386024,,13480656896,799555584
1791434449,6827948,0,1.07,58771560,,13480648704,794386432
1791434455,6262924,0,1.06,90015272,,13480648704,149692416
1791434460,6985972,0,1.06,7204744,,13480624128,107745280
