epoch,mem_avail_kb,swap_used_kb,load1,arc_bytes,cgroup_bytes,root_free_bytes,tank_alloc_bytes
1791358369,7145100,0,0.85,3200864,,18726412288,839680
1791358374,7014008,0,0.78,84096856,37482496,18726400000,93323264
1791358379,7026936,0,0.72,82923056,37482496,18726400000,95014912
1791358384,7029272,0,0.66,82923056,37482496,18726400000,45015040
1791358389,6836040,0,0.69,85710816,209678336,18726391808,137183232
1791358394,6857492,0,0.63,84005720,209678336,18726391808,95010816
1791358399,6864012,0,0.58,84005720,209453056,18726391808,45387776
1791358404,6924352,0,0.53,86557728,126697472,18726391808,142708736
1791358409,6934484,0,0.49,86166296,126697472,18726391808,100261888
1791358414,6947256,0,0.45,84537880,126697472,18726391808,45416448
1791358419,7091068,0,0.41,26351392,39112704,18726387712,45416448
1791358424,6944204,0,0.46,85898328,105635840,18726387712,138178560
1791358429,6959028,0,0.51,84176976,105578496,18726383616,95547392
1791358434,6962264,0,0.55,84176976,105578496,18726383616,45289472
1791358439,6963996,0,0.58,86259280,99508224,18726383616,144662528
1791358444,6978188,0,0.54,84452296,99459072,18726383616,102105088
1791358449,6982056,0,0.49,84452296,97992704,18726383616,45400064
1791358454,6928376,0,0.45,85962656,86294528,18726379520,138727424
1791358460,6961884,0,0.42,85197464,86294528,18726375424,96067584
1791358465,6972068,0,0.38,83909512,86294528,18726375424,45252608
1791358470,7041100,0,0.35,52125200,47824896,18726375424,67571712
1791358475,6957608,0,0.32,86333136,87097344,18726375424,137056256
1791358480,6974648,0,0.30,84646408,87097344,18726375424,94531584
1791358485,6975952,0,0.27,84646408,87097344,18726375424,45408256
1791358490,6969780,0,0.33,86172496,81997824,18726375424,145960960
1791358495,6980380,0,0.30,84532504,81989632,18726375424,103301120
1791358500,6969456,0,0.28,84532504,81530880,18726371328,45244416
1791358505,6963668,0,0.26,86066776,80121856,18726367232,132231168
1791358510,6988580,0,0.24,84643344,80121856,18726367232,89444352
1791358515,6993284,0,0.22,84643344,80121856,18726367232,45027328
1791358520,7019928,0,0.20,81598600,14356480,18726359040,137445376
1791358525,7024636,0,0.18,85060384,37531648,18726359040,137445376
1791358530,7032076,0,0.17,83940344,37298176,18726359040,95105024
1791358535,7034192,0,0.16,83940344,36847616,18726359040,44978176
1791358540,6996440,0,0.30,86263664,63520768,18726354944,133120000
1791358545,6999488,0,0.36,84522584,63520768,18726354944,90750976
1791358550,7006052,0,0.41,84522584,63311872,18726350848,45174784
1791358555,6989644,0,0.38,85960456,51593216,18726350848,144166912
1791358560,7012116,0,0.35,84115968,51593216,18726350848,101543936
1791358565,7019152,0,0.32,84115968,51593216,18726350848,45199360
1791358570,7023268,0,0.29,86099072,46125056,18726346752,138059776
1791358576,7026900,0,0.27,85440328,46125056,18726346752,95338496
1791358581,6996028,0,0.25,84331480,45940736,18726338560,45133824
1791358586,7071596,0,0.23,50341840,44556288,18726338560,67469312
1791358591,7025888,0,0.29,86123296,38322176,18726338560,138268672
1791358596,7027544,0,0.27,84533416,38232064,18726338560,95539200
1791358601,7024044,0,0.24,84533416,38232064,18726338560,45080576
1791358606,7058552,0,0.22,86338864,37670912,18726330368,145428480
1791358611,7054856,0,0.21,84557464,37670912,18726330368,102789120
1791358616,7052184,0,0.19,84557464,37670912,18726330368,45191168
1791358621,7021144,0,0.17,86265072,33669120,18726330368,133734400
1791358626,7033304,0,0.16,84534200,33599488,18726330368,91508736
1791358631,7045820,0,0.15,84534200,33599488,18726326272,45641728
1791358636,7077504,0,0.13,84541376,14397440,18726326272,141164544
1791358641,7066180,0,0.12,86209048,32550912,18726326272,141164544
1791358646,7044080,0,0.11,84587576,32333824,18726326272,98660352
1791358651,7072184,0,0.42,81569288,14090240,18726326272,45334528
1791358656,7042748,0,0.46,86033968,32342016,18726322176,146190336
1791358661,7043092,0,0.51,84503816,32342016,18726318080,103444480
1791358666,7028700,0,0.47,84503816,32342016,18726318080,45035520
1791358671,6883324,0,0.51,106404168,186404864,18726309888,137138176
1791358676,6835336,0,0.55,107574680,209494016,18726309888,122138624
1791358681,6852392,0,1.79,101649160,215597056,18726305792,99381248
1791358686,6885832,0,1.64,71568856,210612224,18726293504,85049344
1791358692,6881980,0,1.51,70588808,210612224,18726293504,57352192
1791358697,6877488,0,1.39,70588808,210616320,18726293504,44830720
1791358702,6875428,0,1.28,70851024,212713472,18726293504,45191168
1791358707,6847280,0,1.18,70586656,212602880,18726285312,45191168
1791358712,6860456,0,1.08,70586656,212602880,18726285312,44818432
1791358717,6877836,0,0.99,69658184,211288064,18726285312,47214592
1791358722,6871196,0,0.91,69381464,210804736,18726281216,47214592
1791358727,6867492,0,0.84,69381464,210825216,18726281216,44843008
1791358732,6867672,0,0.77,69378016,212914176,18726281216,45215744
1791358737,6865500,0,0.71,69378016,212914176,18726277120,45215744
1791358742,6865564,0,0.65,69378016,212905984,18726277120,45215744
1791358747,6874744,0,0.60,71982640,210497536,18726277120,44843008
1791358752,6872200,0,0.55,69116128,210354176,18726273024,47230976
1791358757,6875064,0,0.51,69116128,210882560,18726273024,47230976
1791358762,6874124,0,0.47,69116128,212975616,18726273024,44863488
1791358767,6866936,0,0.51,69110376,212967424,18726273024,45236224
1791358772,6871736,0,0.55,69110376,212967424,18726273024,45236224
1791358777,6881504,0,0.59,71730088,212905984,18726273024,44838912
1791358782,6849460,0,0.70,69123056,212615168,18726268928,47218688
1791358787,6867032,0,0.64,69123056,212885504,18726268928,47218688
1791358792,6878116,0,0.59,69123056,214982656,18726268928,44830720
1791358797,6878892,0,0.54,69123992,214982656,18726268928,45203456
1791358802,6878756,0,0.50,69123992,214982656,18726268928,45203456
1791358807,6883296,0,0.46,71726680,215887872,18726268928,44830720
1791358813,6881736,0,0.42,68836656,215887872,18726268928,47190016
1791358818,6879236,0,0.39,68836656,215846912,18726268928,47190016
1791358823,6879236,0,0.36,68836656,217714688,18726268928,44814336
1791358828,6878752,0,0.33,68839656,217706496,18726264832,45174784
1791358833,6877232,0,0.30,68839656,217706496,18726264832,45174784
1791358838,6896808,0,0.28,71459368,214040576,18726252544,44826624
1791358843,6865176,0,0.26,71597728,211984384,18726252544,47214592
1791358848,6816572,0,0.23,71367608,276865024,18726252544,49631232
1791358853,6201624,0,0.22,71482080,933531648,18726252544,49676288
1791358858,7086132,0,0.20,66926128,17776640,18726248448,49676288
1791358863,6902264,0,0.18,68881976,209338368,18726248448,49713152
1791358868,6897928,0,0.17,69009600,217632768,18726248448,49733632
1791358873,6826240,0,0.15,68844056,285593600,18726248448,49762304
1791358878,6186212,0,0.14,69023696,936476672,18726248448,49729536
1791358883,6879056,0,0.21,68961624,207589376,18726248448,49770496
1791358888,6870156,0,0.27,69161976,217997312,18726248448,49815552
1791358893,6833112,0,0.25,69201536,281907200,18726248448,49745920
1791358898,6204220,0,0.31,69078640,933343232,18726248448,49741824
1791358903,6969552,0,7.65,60331560,38883328,18726215680,47529984
1791358908,6799784,0,7.12,175608128,18296832,18726215680,138711040
1791358913,6746856,0,6.55,180519032,18157568,18726215680,162758656
1791358918,6907964,0,6.03,102662384,41701376,18726203392,93351936
1791358923,6995308,0,5.54,69817216,41664512,18726203392,76386304
1791358928,7018968,0,5.10,69817216,41398272,18726203392,51118080
1791358934,7018108,0,4.69,69817216,41398272,18726203392,44826624
1791358939,7017456,0,4.31,69799864,41398272,18726199296,45256704
1791358944,7016452,0,3.97,69799864,41189376,18726199296,45256704
1791358949,7015280,0,3.65,72475544,41439232,18726199296,44982272
1791358954,7014028,0,3.36,68809376,41439232,18726199296,47067136
1791358959,7017432,0,3.09,68809376,41443328,18726199296,47067136
1791358964,7017448,0,2.84,68809376,41443328,18726199296,44826624
1791358969,6998516,0,2.61,68815336,40984576,18726195200,45256704
1791358974,7010736,0,2.40,68815336,40984576,18726195200,45256704
1791358979,7014788,0,2.21,71353032,41738240,18726195200,44969984
1791358984,7014928,0,2.03,68463520,41738240,18726195200,47067136
1791358989,7021024,0,1.87,68463520,41746432,18726195200,47067136
1791358994,7021136,0,1.72,68463520,41746432,18726191104,44851200
1791358999,7024708,0,1.58,68462520,41746432,18726191104,45281280
1791359004,7024280,0,1.54,68462520,41746432,18726191104,45281280
1791359009,7024956,0,1.49,71000216,41807872,18726191104,44982272
1791359014,7023624,0,1.37,68402816,41717760,18726187008,47079424
1791359019,7020352,0,1.26,68402816,41725952,18726187008,47079424
1791359024,7020808,0,1.16,68402816,41725952,18726187008,44863488
1791359029,7009040,0,1.07,68403752,40972288,18726182912,45281280
1791359034,7021500,0,0.98,68403752,40972288,18726182912,45281280
1791359039,7024292,0,0.90,70958472,41586688,18726182912,44994560
1791359044,7022776,0,0.83,68274128,41578496,18726182912,47079424
1791359049,7022776,0,0.76,68274128,41844736,18726182912,47079424
1791359055,7022304,0,0.70,68274128,41844736,18726182912,44867584
1791359060,7023232,0,0.65,68266472,41844736,18726182912,45285376
1791359065,7025668,0,0.59,68266472,41844736,18726182912,45285376
1791359070,7024608,0,0.55,64981656,41545728,18726150144,45662208
1791359075,7026236,0,0.50,70742640,43057152,18726146048,47820800
1791359080,7012560,0,0.46,70802568,56197120,18726146048,48082944
1791359085,7019176,0,0.42,70605320,39174144,18726146048,49065984
1791359090,6847744,0,0.39,68200304,186683392,18726141952,49065984
1791359095,6982308,0,0.36,68188216,41521152,18726141952,49086464
1791359100,7006680,0,0.33,68091656,43352064,18726141952,49111040
1791359105,7016720,0,0.30,68039520,56111104,18726141952,49115136
1791359110,6872168,0,0.36,67981776,186814464,18726137856,49094656
1791359115,6996112,0,0.33,67951888,41496576,18726137856,49098752
1791359120,7026452,0,0.38,68253048,43282432,18726137856,49115136
1791359125,7021640,0,0.43,68292520,56168448,18726137856,49119232
1791359130,6870188,0,0.40,68138120,186236928,18726137856,49127424
1791359135,7012664,0,0.37,47880928,46768128,18726002688,66002944
1791359140,6831456,0,0.42,160246424,143708160,18726002688,146231296
1791359145,6823336,0,0.38,179274360,153587712,18725998592,206938112
1791359150,6715328,0,0.35,238622776,154595328,18725998592,283410432
1791359155,6698508,0,0.32,238736992,155287552,18725998592,226332672
1791359160,6701928,0,0.30,241411952,159862784,18725998592,197623808
1791359165,6710008,0,0.27,238632240,159744000,18725994496,206147584
1791359170,6688560,0,0.25,269461480,186933248,18725994496,205664256
1791359176,6681344,0,0.23,250435216,189059072,18725994496,275234816
1791359181,6378616,0,0.29,445781000,298110976,18725994496,406962176
1791359186,6191744,0,0.35,574022608,390365184,18725994496,569823232
1791359191,6143404,0,0.40,608828568,417509376,18725994496,598626304
1791359196,6170556,0,0.45,555456656,420835328,18725990400,619945984
1791359201,6401468,0,0.41,550218712,182726656,18725990400,573693952
1791359206,6418520,0,0.38,550988280,182607872,18725990400,525869056
1791359211,6412644,0,0.35,551651136,180400128,18725990400,520306688
1791359216,6414140,0,0.32,551384664,180469760,18725990400,521490432
1791359221,6420912,0,0.30,551548152,172912640,18725990400,521977856
1791359226,6394040,0,0.27,556293856,169943040,18725986304,520462336
1791359231,6612096,0,0.25,462922640,39444480,18725982208,520970240
1791359236,6842104,0,0.39,160481120,148455424,18725982208,614670336
1791359241,6825052,0,0.44,132352392,148455424,18725982208,635072512
1791359246,6842976,0,0.48,145553784,150929408,18725982208,153526272
1791359251,6840256,0,0.45,145546688,151416832,18725982208,96403456
1791359256,6835532,0,0.41,149734928,155832320,18725982208,94429184
1791359261,6844996,0,0.38,146315960,155832320,18725982208,103055360
1791359266,6787356,0,0.40,177013728,189095936,18725982208,102567936
1791359271,6792036,0,0.37,152777848,188923904,18725978112,172294144
1791359276,6481188,0,0.42,349029600,300597248,18725978112,312520704
1791359281,6321592,0,0.46,440076504,392441856,18725978112,464281600
1791359286,6191748,0,0.51,511579232,422125568,18725978112,510263296
1791359291,6254748,0,0.55,462495104,425791488,18725978112,516063232
1791359297,6493940,0,0.50,455037696,185495552,18725978112,471486464
1791359302,6511492,0,0.46,455767528,184922112,18725974016,423010304
1791359307,6510016,0,0.42,456430384,184795136,18725969920,417386496
1791359312,6513296,0,0.39,456196416,180330496,18725969920,418668544
1791359317,6511540,0,0.36,456325784,174964736,18725969920,419192832
1791359322,6490932,0,0.33,461068416,173465600,18725969920,417759232
1791359327,6684392,0,0.30,432267744,15953920,18725969920,418529280
1791359332,6904300,0,0.36,135870888,140193792,18725965824,511467520
1791359337,6821568,0,0.41,181054120,161607680,18725961728,564178944
1791359342,6629624,0,0.46,350870128,173146112,18725961728,294907904
1791359347,6612632,0,0.58,273284784,155299840,18725961728,488718336
1791359352,6139444,0,0.62,827868264,165625856,18725961728,609484800
1791359357,6153232,0,0.65,745021928,165625856,18725961728,703197184
1791359362,6152440,0,0.59,744124872,166260736,18725957632,703053824
1791359367,6174492,0,0.55,744559864,170659840,18725957632,705363968
1791359372,6186972,0,0.50,744230584,169644032,18725957632,704929792
1791359377,6151004,0,0.46,752658792,200531968,18725957632,761708544
1791359382,6147348,0,0.51,776026864,208896000,18725957632,798912512
1791359387,5720444,0,0.55,903602552,337063936,18725957632,936767488
1791359392,5581380,0,0.58,1026920904,427110400,18725957632,1047785472
1791359397,5562604,0,0.62,987559760,432308224,18725957632,1063522304
1791359402,5590212,0,0.65,987994120,433983488,18725957632,1063522304
1791359408,5811432,0,0.59,982676768,194973696,18725949440,1007968256
1791359413,5793472,0,0.55,983712088,196366336,18725949440,956452864
1791359418,5796192,0,0.50,990060712,201420800,18725949440,951275520
1791359423,5814536,0,0.46,985595296,191680512,18725949440,964616192
1791359428,5801932,0,0.43,1030824112,184651776,18725945344,964571136
1791359433,5740120,0,0.39,1088216264,182845440,18725945344,1011998720
1791359438,6284900,0,0.36,637029080,43167744,18725945344,1052614656
1791359443,6711932,0,0.41,130762416,144281600,18725945344,655110144
1791359448,6653860,0,0.46,172872104,159371264,18725945344,110813184
1791359453,6492764,0,0.50,347481472,156958720,18725945344,293990400
1791359458,6494328,0,0.46,260187968,156409856,18725941248,487432192
1791359463,6538244,0,0.66,274201008,162398208,18725941248,438886400
1791359468,6536268,0,0.69,274201008,162357248,18725941248,244207616
1791359473,6539676,0,0.72,274221200,160706560,18725937152,241926144
1791359478,6538212,0,0.74,276512432,164229120,18725933056,251518976
1791359483,6520448,0,0.68,293879376,186241024,18725933056,251043840
1791359488,6477160,0,0.63,288811200,199704576,18725933056,308793344
1791359493,6409152,0,0.58,339849048,235634688,18725933056,361930752
1791359498,6177728,0,0.61,468832992,355827712,18725928960,476008448
1791359503,5998200,0,0.64,570354928,428331008,18725928960,609787904
1791359508,5982508,0,0.67,526642288,427745280,18725928960,608157696
1791359513,6031984,0,0.62,520784640,429191168,18725928960,554012672
1791359518,6278428,0,0.57,523304488,189362176,18725924864,503468032
1791359523,6277444,0,0.52,521725856,189919232,18725924864,498221056
1791359528,6270020,0,0.48,525041120,195764224,18725924864,511758336
1791359534,6247452,0,0.52,523989016,187609088,18725924864,511758336
1791359539,6255820,0,0.48,530247984,187478016,18725924864,558215168
1791359544,6353416,0,0.44,425373792,186331136,18725920768,604291072
1791359549,6736776,0,0.40,110740792,127897600,18725916672,640688128
1791359554,6642148,0,0.45,134220784,167960576,18725916672,639975424
1791359559,6615936,0,0.50,165894344,175734784,18725916672,142471168
1791359564,6597116,0,0.54,194343272,177827840,18725916672,185368576
1791359569,6586368,0,0.57,222543624,186863616,18725916672,185368576
1791359574,6546560,0,0.61,250763664,198709248,18725916672,208326656
1791359579,6511692,0,0.72,277275256,197251072,18725916672,234459136
1791359584,6484132,0,0.82,309799624,198807552,18725916672,265756672
1791359589,6455076,0,0.92,329558176,199397376,18725916672,293838848
1791359594,6410160,0,0.92,359230776,206520320,18725908480,320299008
1791359599,6381900,0,0.93,383064016,223698944,18725908480,346464256
1791359604,6351052,0,0.94,417475312,228741120,18725908480,373067776
1791359609,6313076,0,0.94,461390720,233971712,18725904384,402182144
1791359614,6248480,0,0.95,497703184,228581376,18725900288,444485632
1791359619,6011460,0,0.95,724607576,224329728,18725896192,794849280
1791359624,6047616,0,0.96,745843872,205586432,18725888000,873508864
1791359629,6112224,0,0.88,642705856,186310656,18725888000,1050804224
1791359634,5663020,0,0.81,1089920624,188276736,18725888000,1660551168
1791359639,5632144,0,0.74,1073727440,189153280,18725888000,2413821952
1791359645,5668304,0,0.68,1046344976,189472768,18725888000,2442752000
1791359650,5673296,0,0.63,1061024616,195907584,18725883904,2442997760
1791359655,5651424,0,0.58,1054666840,195756032,18725883904,2452525056
1791359660,5664284,0,0.53,1085480112,221294592,18725883904,2451947520
1791359665,5671172,0,0.49,1063629928,221294592,18725883904,2517479424
1791359670,5657800,0,0.53,1091333088,322461696,18725883904,2539622400
1791359675,5566248,0,0.57,1058833944,402972672,18725883904,2654535680
1791359680,5535444,0,0.60,1092675096,435081216,18725883904,2701934592
1791359685,5553320,0,0.63,1023485680,438300672,18725879808,2715906048
1791359690,5572844,0,0.66,1015437488,440012800,18725879808,2668220416
1791359695,5786704,0,0.77,1016560120,203096064,18725879808,2618167296
1791359700,5793144,0,0.79,1016787824,199159808,18725879808,2613010432
1791359705,5728268,0,0.89,1030962048,233512960,18725879808,2679586816
1791359710,5760408,0,0.90,1031851240,198692864,18725879808,2679078912
1791359715,5761112,0,0.82,1032303056,199168000,18725879808,2619604992
1791359720,6154636,0,0.84,605576832,198373376,18725875712,2620698624
1791359725,6738912,0,0.77,114812192,134115328,18725875712,1237671936
1791359730,6648688,0,0.79,133579048,159600640,18725875712,140349440
1791359735,6619516,0,0.81,159321472,167710720,18725875712,140492800
1791359740,6618544,0,0.82,190539352,165273600,18725875712,184102912
1791359745,6564772,0,0.84,224336904,184672256,18725875712,184102912
1791359751,6534596,0,0.85,254212720,189755392,18725875712,212045824
1791359756,6494544,0,0.86,288278576,194215936,18725875712,244969472
1791359761,6464236,0,0.87,317449960,193224704,18725875712,278786048
1791359766,6433496,0,0.88,343892176,201351168,18725871616,307945472
1791359771,6403300,0,0.89,371908776,212353024,18725871616,335220736
1791359776,6369576,0,0.90,399865488,220078080,18725871616,363950080
1791359781,6308324,0,0.91,449619632,224026624,18725867520,393383936
1791359786,6267376,0,0.92,483486944,237711360,18725867520,437153792
1791359791,6046400,0,0.92,652287744,211935232,18725863424,812457984
1791359796,6074172,0,0.93,673150528,196435968,18725863424,889659392
1791359801,6096820,0,0.94,640381240,172830720,18725863424,985493504
1791359806,6102032,0,0.86,706317336,181657600,18725863424,836591616
1791359811,6120704,0,0.87,653433512,181628928,18725863424,621563904
1791359816,6117028,0,0.88,652161480,184033280,18725863424,621219840
1791359821,6115440,0,0.81,654929096,187527168,18725863424,627707904
1791359826,6123848,0,0.75,654929872,187908096,18725859328,628047872
1791359831,6074260,0,0.69,667201648,218755072,18725859328,696295424
1791359836,6053684,0,0.63,685298488,224288768,18725859328,730247168
1791359841,5830892,0,0.66,787855800,345395200,18725859328,795713536
1791359846,5714792,0,0.69,852783080,446300160,18725859328,859017216
1791359851,5694688,0,0.88,872938192,443949056,18725855232,886525952
1791359856,5717164,0,0.81,819640304,443281408,18725855232,898695168
1791359861,5950484,0,0.75,814355992,198250496,18725855232,845217792
1791359867,5957524,0,0.69,815117440,201695232,18725855232,796114944
1791359872,5916128,0,0.63,840637424,242511872,18725855232,790921216
1791359877,5933200,0,0.58,822234808,214171648,18725855232,858099712
1791359882,5932988,0,0.54,822257544,212635648,18725855232,858120192
1791359887,5834976,0,0.49,931801472,213065728,18725855232,804614144
1791359892,6477896,0,0.45,457789224,15818752,18725855232,806273024
1791359897,6695992,0,0.50,133381288,149008384,18725851136,895299584
1791359902,6576696,0,0.62,159454440,190005248,18725847040,116920320
1791359907,6570380,0,0.65,189747584,197857280,18725842944,144551936
1791359912,6552604,0,0.68,216871576,201129984,18725842944,184553472
1791359917,6519576,0,0.70,248405064,210399232,18725842944,211628032
1791359922,6487284,0,0.81,274200296,208486400,18725842944,242278400
1791359927,6465720,0,0.90,305935296,187363328,18725847040,270245888
1791359932,6437524,0,0.99,328474464,221433856,18725847040,296972288
1791359937,6435912,0,0.99,363677104,185614336,18725847040,328712192
1791359942,6367496,0,0.99,391436336,215887872,18725847040,357941248
1791359947,6338508,0,0.99,418675064,221483008,18725847040,388345856
1791359952,6301676,0,0.99,439894856,228610048,18725847040,419065856
1791359957,6286532,0,1.00,467839104,235417600,18725842944,443756544
1791359962,6264272,0,1.00,490594744,231587840,18725842944,468140032
1791359967,6212112,0,1.00,523023680,240058368,18725842944,496082944
1791359972,6195044,0,1.00,551259640,244183040,18725842944,525873152
1791359977,6153996,0,1.00,581459488,247721984,18725842944,554643456
1791359983,6124484,0,1.00,612527144,259366912,18725842944,582344704
1791359988,6094444,0,1.00,634649008,252215296,18725838848,609943552
1791359993,6067764,0,1.00,661615992,262942720,18725838848,637739008
1791359998,6005004,0,1.00,711765320,280096768,18725838848,683823104
1791360003,5982264,0,1.00,738309168,280031232,18725838848,713060352
1791360008,5943096,0,1.00,767625768,280014848,18725838848,741273600
1791360013,5910688,0,1.00,797301408,288059392,18725838848,770863104
1791360018,5877244,0,1.00,819054800,282963968,18725838848,799223808
1791360023,5734520,0,1.00,1000352208,256970752,18725834752,1156878336
1791360028,5701488,0,1.00,1085264112,245190656,18725834752,1233846272
1791360033,5700324,0,1.00,1099377592,249159680,18725834752,1252495360
1791360038,5820076,0,0.92,934881776,215924736,18725834752,1253462016
1791360043,5901896,0,1.41,1079117136,226426880,18725830656,2510733312
1791360048,5883216,0,1.37,1089295840,223412224,18725830656,4379656192
1791360053,5936760,0,1.26,949064064,226152448,18725830656,4520808448
1791360058,5935188,0,1.16,949220712,227262464,18725830656,4521041920
1791360063,5945276,0,1.07,953457736,230928384,18725830656,4529008640
1791360068,5900544,0,0.98,984278104,261054464,18725830656,4528500736
1791360073,5956888,0,0.90,964397208,239296512,18725830656,4590714880
1791360078,5815584,0,0.91,1069350080,320032768,18725826560,4622184448
1791360083,5693072,0,1.00,1082963432,415920128,18725826560,4749234176
1791360088,5675552,0,1.00,1083940280,481234944,18725826560,4783566848
1791360094,5668888,0,1.00,1018200720,483483648,18725826560,4780982272
1791360099,5950908,0,0.92,1013194000,249491456,18725826560,4730941440
1791360104,5945028,0,0.85,1015187184,248971264,18725822464,4679299072
1791360109,5947520,0,0.78,1014005208,246521856,18725822464,4674252800
1791360114,5890924,0,0.80,1045082672,253456384,18725822464,4806979584
1791360119,5906024,0,0.81,1005251032,249204736,18725822464,4900495360
1791360124,5936196,0,0.75,1001739720,244535296,18725822464,4810772480
1791360129,6056272,0,0.69,878484296,244080640,18725822464,4717793280
1791360134,7071844,0,0.63,27560720,21540864,18725818368,4687917056
1791360139,6843736,0,0.66,143911112,186310656,18725818368,1926909952
1791360144,6790624,0,0.69,166907840,187838464,18725818368,152670208
1791360149,6736832,0,0.71,191617928,201039872,18725814272,145612800
1791360154,6732700,0,0.74,220565704,206938112,18725814272,186253312
1791360159,6738288,0,0.84,241988648,193437696,18725814272,205881344
1791360164,6685352,0,0.93,262826656,203325440,18725814272,229195776
1791360169,6655524,0,0.94,294627824,207048704,18725814272,256335872
1791360174,6627024,0,0.94,318582352,207835136,18725814272,288210944
1791360179,6591520,0,0.95,346061552,222752768,18725814272,312082432
1791360184,6573012,0,0.95,362996056,219308032,18725810176,330371072
1791360189,6533404,0,0.96,393355008,218693632,18725810176,355139584
1791360194,6492848,0,0.96,421039976,229179392,18725810176,382099456
1791360199,6457380,0,0.96,449965904,230785024,18725810176,411901952
1791360204,6444288,0,0.97,474479208,233283584,18725806080,442126336
1791360209,6403872,0,0.97,488202544,227811328,18725801984,465305600
1791360215,6391972,0,0.97,512597992,236269568,18725797888,485179392
1791360220,6368116,0,0.97,548946232,236732416,18725797888,510513152
1791360225,6345244,0,0.98,570331680,244981760,18725797888,542388224
1791360230,6324956,0,0.98,591595400,245239808,18725793792,571281408
1791360235,6318160,0,0.98,613730480,248385536,18725793792,589881344
1791360240,6268888,0,0.98,644359256,255606784,18725793792,613617664
1791360245,6252904,0,0.98,670148400,255823872,18725793792,639500288
1791360250,6200100,0,0.99,702942432,253194240,18725789696,687267840
1791360255,6191352,0,0.99,730248552,254644224,18725789696,710975488
1791360260,6178204,0,0.99,757070976,258588672,18725789696,730341376
1791360265,6137128,0,0.99,782892552,263503872,18725789696,754610176
1791360270,6103100,0,0.99,804466416,263438336,18725785600,785444864
1791360275,6067904,0,1.07,827948472,261066752,18725781504,817233920
1791360280,5931656,0,1.15,1037592200,228667392,18725781504,1164234752
1791360285,5999456,0,1.62,970143088,221577216,18725777408,1252876288
1791360290,6030544,0,1.57,940410224,198836224,18725777408,1253953536
1791360295,6044884,0,1.44,939125592,198836224,18725777408,1274490880
1791360300,5967100,0,1.32,909626480,208998400,18725777408,1133568000
1791360305,5978220,0,1.22,906726464,207110144,18725777408,971894784
1791360310,5978336,0,1.12,906332048,207110144,18725777408,965079040
1791360315,5986536,0,1.11,910264848,211308544,18725777408,974458880
1791360320,6018952,0,1.02,923302720,238743552,18725773312,1006206976
1791360325,6045096,0,0.94,919943736,215261184,18725773312,1025695744
1791360331,5848984,0,0.86,980880104,309170176,18725769216,1118556160
1791360336,5723332,0,0.87,1056361552,400986112,18725765120,1175900160
1791360341,5637612,0,0.89,1089967304,466333696,18725765120,1207185408
1791360346,5661148,0,0.89,1037738632,470032384,18725765120,1221500928
1791360351,5699456,0,0.90,1037377640,469966848,18725765120,1168871424
1791360356,5945260,0,0.83,1031961264,233656320,18725765120,1125629952
1791360361,5941076,0,0.76,1033276072,233795584,18725761024,1126162432
1791360366,5814728,0,0.70,1085137624,309178368,18725761024,1132150784
1791360371,5871532,0,0.65,1049201080,235810816,18725761024,1249308672
1791360376,5867504,0,0.59,1071738392,232300544,18725761024,1242300416
1791360381,6407020,0,0.55,522962488,230703104,18725761024,1250156544
1791360386,6443080,0,0.50,438031720,230543360,18725761024,1270505472
1791360391,6877228,0,0.54,138129008,147116032,18725756928,1259388928
1791360396,6847216,0,0.58,123959552,146214912,18725752832,1275797504
1791360401,6855132,0,0.61,123959552,146477056,18725752832,87187456
1791360406,6866496,0,0.56,123959552,144908288,18725752832,86454272
1791360411,6870236,0,0.52,123959552,144908288,18725752832,86454272
1791360416,6869584,0,0.48,123959552,144920576,18725752832,86454272
1791360421,6879504,0,0.44,126893496,141090816,18725752832,89366528
1791360426,6874232,0,0.40,125331216,140963840,18725748736,92520448
1791360431,6878424,0,0.37,125331216,140963840,18725748736,90636288
1791360436,6876976,0,0.34,125331216,140976128,18725748736,87805952
1791360441,6878452,0,0.31,125331216,140976128,18725748736,87805952
1791360446,6877560,0,0.34,125331216,140980224,18725748736,87805952
1791360452,6872372,0,0.32,125319520,141012992,18725748736,88412160
1791360457,6873728,0,0.29,125319520,141017088,18725748736,88412160
1791360462,6874992,0,0.27,125319520,141017088,18725748736,87822336
1791360467,6873160,0,0.25,125319520,141008896,18725748736,87822336
1791360472,6873660,0,0.23,125319520,141008896,18725744640,87822336
1791360477,6778036,0,0.29,231340632,157163520,18725740544,102801408
1791360482,6655760,0,0.35,361499624,218886144,18725740544,123334656
1791360487,6602008,0,0.32,315213992,229343232,18725736448,126640128
1791360492,6611896,0,0.29,315790920,233066496,18725736448,125534208
1791360497,6626400,0,0.27,315702696,231202816,18725736448,124534784
1791360502,6636004,0,0.33,316200040,224833536,18725732352,124534784
1791360507,6633912,0,0.38,316606104,225275904,18725732352,124534784
1791360512,6644108,0,0.43,314901336,219492352,18725728256,124534784
1791360517,6641800,0,0.40,315377048,219873280,18725728256,124534784
1791360522,6648260,0,0.36,315591640,209375232,18725728256,124534784
1791360527,6646328,0,0.33,315960232,209723392,18725728256,124534784
1791360532,6650284,0,0.31,316433048,208711680,18725724160,124534784
1791360537,6656812,0,0.28,317207688,211316736,18725724160,124534784
1791360542,6655112,0,0.26,318205232,208936960,18725724160,125427712
1791360547,6635020,0,0.32,317942608,208674816,18725724160,125427712
1791360552,6651220,0,0.29,317601296,208916480,18725724160,124628992
1791360557,6669396,0,0.27,318356112,209063936,18725720064,124628992
1791360562,6669432,0,0.25,315949288,209379328,18725720064,124928000
1791360568,6668868,0,0.23,318502968,209465344,18725720064,125222912
1791360573,6512736,0,0.29,413907992,275886080,18725720064,139415552
1791360578,6412476,0,0.35,459305800,330625024,18725720064,164360192
1791360583,6393388,0,0.56,405970672,362876928,18725720064,188006400
1791360588,6426832,0,0.52,394815656,362831872,18725720064,189599744
1791360593,6423556,0,0.47,395795384,363073536,18725720064,188411904
1791360598,6426928,0,0.44,399183912,361144320,18725720064,187187200
1791360603,6431956,0,0.40,401524392,359735296,18725715968,188309504
1791360608,6436872,0,0.37,406301280,359510016,18725715968,188604416
1791360613,6397604,0,0.34,406896680,359800832,18725715968,187498496
1791360618,6415704,0,0.39,401372816,360353792,18725715968,187203584
1791360623,6422128,0,0.44,406757168,360685568,18725715968,188301312
1791360628,6425392,0,0.40,406364224,360939520,18725715968,189435904
1791360633,6434764,0,0.45,411411928,361148416,18725715968,188358656
1791360638,6428344,0,0.42,413187648,361811968,18725715968,188264448
1791360643,6425844,0,0.46,414618672,362270720,18725715968,189206528
1791360648,6423712,0,0.43,415791448,364683264,18725715968,188895232
1791360653,6409296,0,0.39,415613288,364941312,18725711872,188268544
1791360658,6427340,0,0.36,403803880,370966528,18725711872,188268544
1791360663,6441436,0,0.33,391781928,364339200,18725711872,188268544
1791360668,6433388,0,0.30,392007520,371232768,18725711872,188268544
1791360673,6323056,0,0.44,411928248,398479360,18725711872,188268544
1791360679,6139000,0,0.56,512829784,480423936,18725707776,206815232
1791360684,6084140,0,0.76,554391800,512905216,18725707776,235253760
1791360689,6144204,0,0.70,517265688,538447872,18725707776,261042176
1791360694,6165200,0,0.64,478999376,541552640,18725707776,269815808
1791360699,6165180,0,0.59,477880256,544894976,18725707776,268550144
1791360704,6165796,0,0.54,483335064,545300480,18725707776,267186176
1791360709,6166368,0,0.50,485468832,545738752,18725707776,267186176
1791360714,6162532,0,0.46,491863880,545947648,18725707776,267804672
1791360719,6157064,0,0.42,494582240,546484224,18725703680,267804672
1791360724,6164516,0,0.39,493070824,544481280,18725703680,267767808
1791360729,6162464,0,0.36,494131272,544456704,18725703680,267767808
1791360734,6149536,0,0.49,503783792,542613504,18725699584,267337728
1791360739,6155248,0,0.53,504829656,542748672,18725699584,268288000
1791360744,6155388,0,0.57,504609336,546344960,18725695488,268607488
1791360749,6150496,0,0.52,506115608,544796672,18725695488,268079104
1791360754,6168776,0,0.48,510067896,537362432,18725695488,267771904
1791360759,6167256,0,0.44,509599352,538157056,18725691392,267374592
1791360764,6213800,0,0.49,445544568,549920768,18725691392,267374592
1791360769,6224784,0,0.45,442344968,528879616,18725691392,267374592
1791360774,6208412,0,0.41,448688920,521695232,18725687296,267374592
1791360779,6148392,0,0.46,542465568,553152512,18725687296,267374592
1791360784,6084976,0,0.50,568751168,586571776,18725687296,289366016
1791360789,6006556,0,0.54,575618600,634748928,18725683200,315367424
1791360795,5843812,0,0.58,588392200,726290432,18725683200,338767872
1791360800,5815940,0,0.69,601943432,772411392,18725683200,362901504
1791360805,5757240,0,0.88,616420192,814342144,18725679104,386908160
1791360810,5748304,0,1.13,619173008,849657856,18725679104,410435584
1791360815,5791768,0,1.60,527315136,853659648,18725670912,426840064
1791360820,5799052,0,1.47,529665632,848891904,18725670912,425353216
1791360825,5796784,0,1.35,534143984,849031168,18725670912,423784448
1791360830,5801112,0,1.24,537383888,848977920,18725666816,423784448
1791360835,5803544,0,1.14,537160896,849276928,18725666816,423784448
1791360840,5797640,0,1.05,542011192,846172160,18725666816,423784448
1791360845,5797008,0,0.97,546981856,846368768,18725666816,423784448
1791360850,5789300,0,0.97,553074000,842838016,18725666816,423784448
1791360855,5765436,0,0.97,558752824,841199616,18725662720,423784448
1791360860,5788424,0,0.98,560682752,834113536,18725662720,424964096
1791360865,5781612,0,0.90,566542568,836005888,18725658624,425295872
1791360870,5790720,0,0.83,572440448,832475136,18725658624,424464384
1791360875,5789516,0,0.76,575596368,835502080,18725658624,424132608
1791360880,5781516,0,0.70,581000400,833318912,18725654528,423747584
1791360885,5777740,0,0.64,582956184,833699840,18725654528,423747584
1791360890,5766792,0,0.59,589590384,834269184,18725654528,424341504
1791360895,5756740,0,0.54,594624752,835084288,18725650432,424341504
1791360900,5755332,0,0.58,599385488,833110016,18725650432,423849984
1791360905,5745804,0,0.53,605074936,833703936,18725650432,423849984
1791360911,5739096,0,0.49,610314128,834191360,18725650432,423849984
1791360916,5732568,0,0.45,615365056,834707456,18725646336,423849984
1791360921,5733080,0,0.49,612628040,834850816,18725646336,423849984
1791360926,5735772,0,0.45,615657336,835153920,18725642240,423849984
1791360931,5730848,0,0.42,617892392,836157440,18725642240,423849984
1791360936,5726300,0,0.38,620485968,835825664,18725642240,423849984
1791360941,5726432,0,0.35,619450304,838127616,18725642240,423849984
1791360946,5727424,0,0.32,620379744,838307840,18725638144,423849984
1791360951,5726868,0,0.30,618956256,838402048,18725638144,423849984
1791360956,5724564,0,0.27,619349472,838156288,18725638144,423849984
1791360961,5723260,0,0.25,621100816,838524928,18725638144,423849984
1791360966,5723852,0,0.31,618818864,838762496,18725634048,423849984
1791360971,5720576,0,0.37,619192784,839147520,18725634048,423849984
1791360976,5718244,0,0.42,620271216,839491584,18725634048,423849984
1791360981,5705632,0,0.38,620860800,841764864,18725629952,423849984
1791360986,5712928,0,0.35,622314144,842010624,18725629952,423849984
1791360991,5715952,0,0.41,622785312,842313728,18725629952,423849984
1791360996,5716024,0,0.37,623370048,842313728,18725625856,423849984
1791361001,5713696,0,0.34,623093776,848474112,18725625856,423849984
1791361006,5714244,0,0.31,624341936,848666624,18725625856,423849984
1791361011,5727724,0,0.29,620351536,847519744,18717233152,423849984
1791361016,5731292,0,0.27,619592368,845316096,18717233152,423849984
1791361021,5725836,0,0.24,620776528,845217792,18717233152,423849984
1791361026,5731964,0,0.22,621590512,847544320,18717229056,423849984
1791361032,5726432,0,0.29,622540992,849330176,18717229056,423849984
1791361037,5730124,0,0.26,622454816,848244736,18717229056,423849984
1791361042,5717432,0,0.24,622830752,847757312,18717229056,423849984
1791361047,5714268,0,0.36,622942688,848179200,18717224960,423849984
1791361052,5717444,0,0.41,623762560,846356480,18717224960,423849984
1791361057,5719148,0,0.38,622865056,846491648,18717224960,423849984
1791361062,5715304,0,0.35,622150880,848859136,18717224960,423849984
1791361067,5717768,0,0.32,619755632,849448960,18717220864,423849984
1791361072,5716332,0,0.29,620870768,847433728,18717220864,423849984
1791361077,5720044,0,0.27,621504144,851558400,18717220864,423849984
1791361082,5714760,0,0.33,621220096,854663168,18717216768,423849984
1791361087,5716376,0,0.38,621625328,854417408,18717216768,423849984
1791361092,5716252,0,0.35,620860960,854237184,18717216768,423849984
1791361097,5715528,0,0.32,621641776,854831104,18717212672,423849984
1791361102,5703352,0,0.30,621363632,855207936,18717212672,423849984
1791361107,5712592,0,0.27,621756304,855109632,18717208576,423849984
1791361112,5720084,0,0.25,623906200,855453696,18717208576,423849984
1791361117,5716248,0,0.23,620325072,855732224,18717200384,424857600
1791361122,5717080,0,0.21,621059632,855896064,18717200384,424857600
1791361127,5808016,0,0.44,534947944,859914240,18717200384,423788544
1791361132,5807532,0,0.56,530464184,872763392,18717200384,423788544
1791361137,5785996,0,0.60,528483096,887132160,18717196288,423788544
1791361142,5803608,0,0.55,530933408,849977344,18717196288,423788544
1791361148,5825296,0,0.50,534827176,848408576,18717196288,423788544
1791361153,5799408,0,0.46,537397088,883544064,18717192192,424177664
1791361158,5789664,0,0.43,542704160,884371456,18717188096,425680896
1791361163,5783372,0,0.39,543375888,884453376,18717188096,426315776
1791361168,5758104,0,0.36,547332448,882941952,18717184000,425889792
1791361173,5777608,0,0.33,546770200,861343744,18717184000,425725952
1791361178,5667660,0,0.62,557306288,994840576,18717184000,426643456
1791361183,5671896,0,0.82,560612192,995954688,18717184000,428937216
1791361188,5668968,0,1.07,562686248,996724736,18717179904,429916160
1791361193,5659488,0,1.31,565694568,996065280,18717179904,429424640
1791361198,5704512,0,1.36,564852704,933904384,18717179904,428535808
1791361203,5467936,0,1.97,583805784,1210744832,18717167616,430960640
1791361208,5465480,0,3.26,588213840,1215590400,18717167616,435064832
1791361213,5417784,0,3.96,630220216,1218887680,18717167616,456036352
1791361218,5519804,0,4.36,631835968,1037533184,18717163520,481832960
1791361223,5271328,0,4.01,641122408,1348546560,18717163520,489496576
1791361229,4964880,0,6.49,674704640,1616367616,18717163520,497463296
1791361234,4945116,0,7.58,670360376,1617838080,18717159424,511463424
1791361239,4949812,0,8.57,675580656,1618546688,18717159424,502616064
1791361244,5311188,0,12.29,679198936,1233264640,18717159424,504311808
1791361249,6397392,0,11.38,711459216,33857536,18717159424,502194176
1791361254,6121528,0,11.43,716138784,23019520,18717155328,513269760
1791361259,6401332,0,10.60,542696064,22331392,18717155328,488607744
1791361264,6217868,0,9.83,547186432,22310912,18717155328,456294400
1791361269,6463424,0,9.12,480473296,21766144,18717151232,396283904
1791361274,6586896,0,8.47,309781976,21696512,18717151232,332521472
1791361279,6495680,0,8.11,420804976,21221376,18717151232,302092288
1791361284,6716380,0,7.54,215713984,20692992,18717151232,239919104
1791361289,6656188,0,7.10,283158504,28344320,18717147136,208429056
1791361294,6857512,0,6.61,134611960,155127808,18717143040,271097856
1791361299,6857320,0,6.08,120546080,155127808,18717138944,279846912
1791361305,6872236,0,5.59,120546080,155127808,18717138944,87429120
1791361310,6879024,0,5.14,120546080,155123712,18717138944,86827008
1791361315,6879024,0,4.81,120546080,155058176,18717134848,86827008
1791361320,6890552,0,4.51,120546080,155136000,18717134848,86827008
1791361325,6888176,0,4.23,120546080,155074560,18717134848,86827008
1791361330,6886056,0,3.89,120546080,155078656,18717134848,86827008
1791361335,6885148,0,3.58,120546080,154591232,18717134848,86827008
1791361340,6887020,0,3.37,120546080,154337280,18717130752,86827008
1791361345,6885628,0,3.10,120546080,153350144,18717130752,86827008
1791361350,6870684,0,2.85,120546080,153354240,18717130752,86827008
1791361355,6878200,0,2.62,120546480,152371200,18717126656,86827008
1791361360,6867120,0,2.41,120546480,152371200,18717122560,86827008
1791361365,6882024,0,2.22,120546480,151375872,18717122560,86827008
1791361370,6882808,0,2.04,120546480,151916544,18717118464,86827008
1791361375,6884040,0,1.88,120546480,152096768,18717118464,86827008
1791361380,6738420,0,1.73,285006072,180359168,18717114368,102977536
1791361385,6581756,0,1.67,386228768,224309248,18717110272,131223552
1791361390,6646548,0,1.53,315104384,224288768,18717110272,130433024
1791361395,6648432,0,1.41,315104384,218447872,18717110272,129392640
1791361400,6653928,0,1.30,315104384,218456064,18717106176,128233472
1791361405,6653468,0,1.19,315104384,219439104,18717106176,128233472
1791361410,6639672,0,1.10,315104384,219250688,18717102080,128233472
1791361415,6655512,0,1.01,315104384,219250688,18717102080,128233472
1791361421,6661076,0,0.93,315104384,219246592,18717102080,128233472
1791361426,6660408,0,0.85,315104384,219246592,18717097984,128233472
1791361431,6649096,0,0.87,315104384,219250688,18717097984,128233472
1791361436,6655660,0,0.88,315104384,224538624,18717093888,128233472
1791361441,6657052,0,0.81,315449504,224804864,18717093888,128233472
1791361446,6657952,0,0.74,315276624,224800768,18717093888,129150976
1791361451,6660764,0,0.68,315276624,225128448,18717089792,129150976
1791361456,6660192,0,0.63,315276624,225026048,18717089792,128192512
1791361461,6651312,0,0.58,315181808,224899072,18717089792,128192512
1791361466,6656784,0,0.53,313840336,224899072,18717085696,128192512
1791361471,6624512,0,0.49,348813344,230359040,18717085696,128192512
1791361476,6437044,0,0.53,435246632,288075776,18717081600,150835200
1791361481,6476420,0,0.57,447512520,315772928,18717081600,174526464
1791361486,6364532,0,0.60,465870088,357027840,18717081600,200949760
1791361491,6412904,0,0.55,436367048,360439808,18717081600,210206720
1791361496,6419880,0,0.51,436367048,360439808,18717077504,208728064
1791361501,6415452,0,0.47,436587544,360439808,18717077504,208027648
1791361506,6415216,0,0.43,436356272,360062976,18717077504,208482304
1791361511,6417092,0,0.40,436356272,360062976,18717077504,207556608
1791361516,6414076,0,0.36,436356272,360071168,18717073408,207114240
1791361521,6413404,0,0.33,436356272,360071168,18717073408,207114240
1791361526,6412144,0,0.31,436356272,359813120,18717073408,207114240
1791361532,6413068,0,0.28,436356272,359886848,18717069312,207114240
1791361537,6398632,0,0.26,436356272,359694336,18717065216,207114240
1791361542,6408240,0,0.24,436356272,359694336,18717065216,207114240
1791361547,6406728,0,0.30,436359120,359964672,18717061120,207114240
1791361552,6407376,0,0.36,436359120,359972864,18717061120,207114240
1791361557,6401076,0,0.38,436359120,359706624,18717061120,207114240
1791361562,6406732,0,0.43,439859608,362233856,18717057024,207114240
1791361567,6463328,0,0.39,408008656,356474880,18717057024,207114240
1791361572,6465208,0,0.36,408008656,356474880,18717057024,207114240
1791361577,6404040,0,0.41,465389304,373374976,18717057024,207114240
1791361582,6220992,0,0.46,579896760,439709696,18717052928,217804800
1791361587,6159316,0,0.50,587875472,483033088,18717052928,246280192
1791361592,6175820,0,0.46,549341432,504578048,18717048832,272818176
1791361597,6210988,0,0.42,450455104,504328192,18717048832,289280000
1791361602,6223960,0,0.39,450455104,504328192,18717048832,287899648
1791361607,6225160,0,0.36,450455104,504336384,18717048832,286265344
1791361612,6223344,0,0.33,450455104,504336384,18717044736,286265344
1791361617,6223440,0,0.30,450455104,504336384,18717044736,286265344
1791361622,6223576,0,0.28,450455104,504336384,18717044736,286265344
1791361627,6230368,0,0.26,450455104,504344576,18717044736,286265344
1791361632,6223688,0,0.24,450455104,504344576,18717040640,286265344
1791361637,6220172,0,0.22,450455104,504356864,18717040640,286265344
1791361643,6227268,0,0.20,450333912,504356864,18717036544,287133696
1791361648,6229144,0,0.18,450333912,504373248,18717036544,287133696
1791361653,6228260,0,0.17,450336760,504373248,18717036544,286248960
1791361658,6225036,0,0.23,450336760,504299520,18717028352,286248960
1791361663,6230112,0,0.30,450336760,504344576,18717028352,286248960
1791361668,6252180,0,0.35,462738688,515440640,18717028352,286248960
1791361673,6230212,0,0.32,459491520,504340480,18717028352,286248960
1791361678,6250572,0,0.30,458754960,504336384,18717024256,286248960
1791361683,6226984,0,0.43,505979848,513421312,18717024256,286248960
1791361688,6096408,0,0.48,580350968,558886912,18717024256,304078848
1791361693,5973280,0,0.60,596303128,599482368,18717020160,331808768
1791361698,5947208,0,0.63,609757816,634806272,18717020160,358277120
1791361703,5856600,0,0.66,623752632,727154688,18717020160,385601536
1791361708,5765796,0,0.77,640371472,768065536,18717016064,411910144
1791361713,5728008,0,0.79,654185200,798711808,18717016064,438054912
1791361718,5664376,0,0.89,671673392,839946240,18717016064,465395712
1791361723,5693556,0,0.82,576876872,849739776,18717016064,487079936
1791361728,5694728,0,0.75,576876872,849739776,18717007872,485507072
1791361733,5702388,0,0.69,576876872,849739776,18717007872,483782656
1791361738,5710236,0,0.63,576876872,849752064,18717003776,483782656
1791361743,5714112,0,0.58,576876872,846544896,18717003776,483782656
1791361748,5734180,0,0.54,576876872,846553088,18717003776,483782656
1791361753,5739764,0,0.49,576876872,846684160,18716999680,483782656
1791361759,5744244,0,0.45,578086304,846938112,18716999680,483782656
1791361764,5746432,0,0.42,576900232,846938112,18716999680,484581376
1791361769,5747856,0,0.38,576900232,846950400,18716999680,484581376
1791361774,5747888,0,0.43,576900232,846950400,18716995584,483753984
1791361779,5736024,0,0.48,576900232,846618624,18716995584,483753984
1791361784,5721296,0,0.52,576903080,846503936,18716991488,483753984
1791361789,5729596,0,0.48,576903080,846516224,18716991488,483753984
1791361794,5730192,0,0.44,576903080,846516224,18716991488,483753984
1791361799,5765888,0,0.64,588372648,865644544,18716991488,483753984
1791361804,5735868,0,0.83,587307328,883073024,18716987392,483753984
1791361809,5767744,0,0.77,584920112,846639104,18716987392,483753984
1791361814,5778640,0,0.71,584920112,846639104,18716987392,483753984
1791361819,6386148,0,0.73,542749968,28884992,18716979200,494051328
1791361824,6601232,0,0.75,331283568,23662592,18716979200,484438016
1791361829,6510588,0,0.93,464781584,23846912,18716979200,453255168
1791361834,6660080,0,0.94,291049208,24195072,18716979200,390516736
1791361839,6521860,0,1.10,432408064,24281088,18716975104,359067648
1791361844,6718460,0,1.09,306308432,23318528,18716975104,295550976
1791361849,6601788,0,1.09,257287360,23203840,18716975104,263577600
1791361855,6693696,0,1.08,276323584,23371776,18716971008,198320128
1791361860,6922248,0,1.15,137636072,140980224,18716966912,223404032
1791361865,6620824,0,1.14,371832696,219901952,18716966912,232546304
1791361870,6419740,0,1.13,405326936,272584704,18716962816,277434368
1791361875,6481156,0,1.12,324244128,256991232,18716962816,277434368
1791361880,6642504,0,1.03,168163760,242257920,18716962816,298201088
1791361885,6757596,0,0.95,162573368,226795520,18716958720,219955200
1791361890,6844876,0,0.95,85775200,225443840,18716958720,143552512
1791361895,6582648,0,1.03,370494528,252768256,18716954624,143552512
1791361900,6305692,0,1.11,444844528,293879808,18716954624,278089728
1791361905,6439268,0,1.10,333003800,265179136,18716950528,315879424
1791361910,6615364,0,1.01,226570336,253755392,18716946432,334721024
1791361915,6700580,0,1.01,141222656,251871232,18716946432,238714880
1791361920,6635124,0,0.93,298939480,272011264,18716942336,194789376
1791361925,6380236,0,0.94,495870184,297934848,18716942336,258768896
1791361930,6273224,0,0.86,398193536,279699456,18716942336,298987520
1791361935,6608472,0,0.87,236114512,254660608,18716942336,320708608
1791361940,6661060,0,0.80,178490024,245190656,18716942336,282759168
1791361945,6673752,0,0.74,257467176,269602816,18716938240,157065216
1791361950,6362220,0,0.84,554819728,292380672,18716938240,233332736
1791361956,6154820,0,0.85,527653104,287051776,18716938240,286269440
1791361961,6335180,0,0.78,347327272,258691072,18716934144,308035584
1791361966,6633868,0,0.80,203351888,244535296,18716934144,314716160
1791361971,6651336,0,0.74,141354056,253882368,18716934144,229167104
1791361976,6587968,0,0.68,310375512,287875072,18716930048,139128832
1791361981,6363280,0,0.78,444563896,322428928,18716930048,286937088
1791361986,6354840,0,0.72,321420448,280047616,18716925952,306057216
1791361991,6608084,0,0.66,180104888,275132416,18716925952,323235840
1791361996,6638332,0,0.61,159978648,270471168,18716921856,245297152
1791362001,6711468,0,0.56,96241736,277008384,18716921856,145420288
1791362006,6444356,0,0.68,407473864,301449216,18716921856,221208576
1791362011,6274488,0,0.78,481454856,313774080,18716921856,286928896
1791362016,6399788,0,0.80,285186368,295202816,18716917760,319635456
1791362021,6527972,0,0.74,205419872,297414656,18716917760,339996672
1791362026,6646372,0,0.68,136027848,296337408,18716917760,213635072
1791362031,6553912,0,0.62,325318032,335671296,18716913664,155160576
1791362036,6314224,0,0.57,456808984,343076864,18716909568,299814912
1791362041,6444816,0,0.61,288939400,334585856,18716909568,326606848
1791362046,6527032,0,0.56,176846848,312868864,18716905472,346763264
1791362051,6569972,0,0.59,132898888,307601408,18716901376,233070592
1791362056,6635332,0,0.55,193602768,313942016,18716901376,167632896
1791362061,6363408,0,0.58,488119064,360505344,18716901376,241598464
1791362066,6209704,0,0.62,496205832,337494016,18716897280,306241536
1791362072,6397968,0,0.57,301893784,316387328,18716897280,324857856
1791362077,6643624,0,0.52,162731928,309821440,18716897280,319623168
1791362082,6665468,0,0.48,112379936,307384320,18716897280,195784704
1791362087,6466888,0,0.44,404347944,336703488,18716893184,190861312
1791362092,6187896,0,0.49,537428304,338542592,18716893184,275279872
1791362097,6249704,0,0.45,410528160,320868352,18716893184,307474432
1791362102,6568436,0,0.41,227291888,316055552,18716889088,327409664
1791362107,6579928,0,0.43,153742424,312311808,18716889088,274190336
1791362112,6513612,0,0.47,339990144,323690496,18716889088,155557888
1791362117,6270312,0,0.76,413939104,358920192,18716884992,287236096
1791362122,6350784,0,1.18,324517016,350367744,18716884992,287236096
1791362127,6527484,0,1.16,211582128,340811776,18716884992,307548160
1791362132,6638624,0,1.15,170013560,313982976,18716884992,231899136
1791362137,6602132,0,1.14,147766768,327794688,18716876800,231899136
1791362142,6427128,0,1.13,426567952,347299840,18716876800,232677376
1791362147,6164780,0,1.04,509173288,355729408,18716876800,297426944
1791362152,6342760,0,0.95,345251256,326557696,18716876800,308301824
1791362157,6611324,0,0.88,202137760,316022784,18716872704,318033920
1791362162,6626116,0,0.81,155395256,313630720,18716872704,225861632
1791362167,6589812,0,0.90,231689976,335003648,18716868608,138379264
1791362172,6316344,0,0.91,534878712,352989184,18716868608,221368320
1791362177,6162512,0,0.84,497617512,338907136,18716868608,287277056
1791362183,6334656,0,0.77,290060872,345092096,18716864512,306659328
1791362188,6515120,0,0.71,218460944,320724992,18716864512,332054528
1791362193,6518456,0,0.65,168293656,315826176,18716864512,227606528
1791362198,6451428,0,0.68,303982736,349020160,18716860416,238321664
1791362203,6226632,0,0.62,468810648,356540416,18716852224,289648640
1791362208,6361968,0,0.65,314584496,333516800,18716852224,309325824
1791362213,6534460,0,0.60,185364336,324128768,18716852224,314347520
1791362218,6598792,0,0.55,166957496,317739008,18716852224,231309312
1791362223,6741264,0,0.51,95060680,318746624,18716848128,143060992
1791362228,6380400,0,0.55,406561824,349073408,18716848128,223977472
1791362233,6212808,0,0.50,481107064,350208000,18716844032,288350208
1791362238,6319700,0,0.62,296842552,356835328,18716844032,309309440
1791362243,6530940,0,0.65,190846552,323637248,18716844032,344010752
1791362248,6558180,0,0.68,154280600,322920448,18716844032,226250752
1791362253,6544332,0,0.71,293201728,349081600,18716839936,167575552
1791362258,6275144,0,0.73,532437752,376819712,18716839936,254238720
1791362263,6194084,0,0.67,434694376,354754560,18716839936,290455552
1791362268,6469604,0,0.62,309423784,330260480,18716835840,310108160
1791362273,6575384,0,0.57,183077720,326119424,18716835840,298569728
1791362278,6575556,0,0.52,134010424,319692800,18716835840,184385536
1791362283,6435564,0,0.56,414604032,345821184,18716831744,184152064
1791362288,6206360,0,0.52,515904848,357330944,18716831744,266248192
1791362293,6221140,0,0.56,413080120,340111360,18716827648,288542720
1791362299,6538984,0,0.51,259667696,332673024,18716827648,306343936
1791362304,6563140,0,0.47,202249904,328114176,18716823552,286523392
1791362309,6581404,0,0.43,139428344,326705152,18716823552,174260224
1791362314,6376184,0,0.48,346076424,376324096,18716823552,248811520
1791362319,6266844,0,0.44,398954656,359534592,18716823552,297803776
1791362324,6365372,0,0.48,271341960,334807040,18716823552,309739520
1791362329,6520800,0,0.45,194797624,331165696,18716819456,300609536
1791362334,6548612,0,0.41,161642360,330711040,18716819456,207851520
1791362339,6592384,0,0.46,227635640,352923648,18716815360,166965248
1791362344,6289920,0,0.50,518995776,377430016,18716811264,249425920
1791362349,6269704,0,0.54,412726280,364994560,18716811264,289746944
1791362354,6383552,0,0.74,251904232,368332800,18716807168,313040896
1791362359,6568332,0,0.92,184143048,335261696,18716803072,295223296
1791362364,6575812,0,1.01,129303088,331792384,18716803072,177225728
1791362369,6433388,0,1.01,404300152,358641664,18716803072,201326592
1791362374,6171392,0,1.00,550043936,372543488,18716798976,281395200
1791362379,6226296,0,1.00,432766616,345841664,18716798976,309268480
1791362384,6530524,0,0.92,233853168,336330752,18716798976,328253440
1791362389,6611752,0,0.85,168610000,331841536,18716794880,285093888
1791362394,6613276,0,0.78,189854248,338419712,18716794880,153554944
1791362399,6335892,0,0.80,467989272,360177664,18716794880,196087808
1791362404,6121068,0,0.73,550833496,367853568,18716786688,276475904
1791362409,6138056,0,0.84,441283992,358236160,18716786688,308699136
1791362415,6472548,0,0.77,211942656,338632704,18716782592,346333184
1791362420,6521916,0,0.71,144374560,337006592,18716782592,275267584
1791362425,6425392,0,0.73,358582160,358215680,18716782592,231514112
1791362430,6276048,0,0.91,408871024,377364480,18716778496,289062912
1791362435,6477172,0,0.84,239025336,343162880,18716778496,306905088
1791362440,6598820,0,0.85,218483912,338751488,18716778496,303722496
1791362445,6604056,0,0.78,189841416,336900096,18716774400,216846336
1791362450,6702304,0,0.72,94125240,328372224,18716774400,155914240
1791362455,6462720,0,0.74,333418864,383299584,18716770304,223920128
1791362460,6177896,0,0.76,463954472,388386816,18716766208,291979264
1791362465,6244608,0,0.78,335068480,362471424,18716766208,307589120
1791362470,6532320,0,0.88,237960768,341213184,18716766208,326803456
1791362475,6527964,0,0.89,175882576,333393920,18716762112,255946752
1791362480,6690440,0,0.82,155163272,334540800,18716758016,159748096
1791362485,6362120,0,0.83,454013304,392925184,18716749824,234704896
1791362490,6190744,0,0.77,487836776,365416448,18716745728,289529856
1791362495,6303844,0,0.79,344128400,342204416,18716745728,309526528
1791362500,6531644,0,0.80,192190408,339046400,18716745728,340930560
1791362505,6561596,0,0.74,157527688,335953920,18716749824,230215680
1791362510,6469400,0,0.76,357879504,363859968,18716749824,168955904
1791362515,6281216,0,0.78,530763272,375439360,18716749824,252297216
1791362520,6216788,0,0.72,418683736,353247232,18716749824,289284096
1791362526,6487048,0,3.94,256946400,341192704,18716745728,308404224
1791362531,6552428,0,3.79,227670976,344817664,18716745728,274518016
1791362536,6529068,0,3.64,165429368,336048128,18716745728,198213632
1791362541,6483432,0,3.35,340836240,350044160,18716741632,154615808
1791362546,6299724,0,3.24,450420400,374558720,18716741632,290152448
1791362551,6316280,0,2.98,290926016,383037440,18716741632,310476800
1791362556,6480564,0,2.90,203445832,343158784,18716737536,339177472
1791362561,6548324,0,2.67,170603784,340320256,18716737536,243101696
1791362566,6553216,0,2.46,172705456,356331520,18716737536,169730048
1791362571,6376728,0,2.34,454506272,373796864,18716733440,251510784
1791362576,6218612,0,2.15,437358464,388984832,18716733440,296603648
1791362581,6440480,0,1.98,271325792,348282880,18716729344,330948608
1791362586,6532676,0,1.90,182554656,340299776,18716729344,316997632
1791362591,6635884,0,1.83,101283576,333209600,18716729344,184692736
1791362596,6423768,0,1.84,409365336,368549888,18716721152,199815168
1791362601,6131916,0,1.78,557773520,383823872,18716721152,270024704
1791362606,6204100,0,1.63,427563608,356413440,18716721152,310403072
1791362611,6514372,0,1.66,229455400,344428544,18716721152,329220096
1791362616,6581380,0,1.53,169916008,339681280,18716717056,283430912
1791362621,6558636,0,1.57,295306728,368844800,18716717056,154423296
1791362626,6268052,0,1.52,558275976,408428544,18716717056,228515840
1791362631,6071928,0,1.40,454143096,367808512,18716712960,290254848
1791362636,6332476,0,1.29,390249632,349786112,18716712960,329334784
1791362642,6509428,0,1.50,197046744,343527424,18716708864,352956416
1791362647,6596984,0,1.54,200361632,335499264,18716708864,226889728
1791362652,6389148,0,1.50,439522656,368037888,18716704768,247173120
1791362657,6252144,0,1.46,438426792,376561664,18716704768,309624832
1791362662,6430556,0,1.42,270633472,343220224,18716700672,326795264
1791362667,6571560,0,1.39,192409904,327979008,18716700672,319520768
1791362672,6591524,0,1.28,153915936,325906432,18716700672,204816384
1791362677,6593616,0,1.17,235862400,337756160,18716700672,140337152
1791362682,6295952,0,1.16,539746616,365387776,18716696576,222445568
1791362687,6196828,0,1.15,500828568,355999744,18716696576,291053568
1791362692,6319688,0,1.20,345013296,336486400,18716696576,310079488
1791362697,6514832,0,1.18,220031512,332808192,18716692480,336789504
1791362702,6527496,0,1.17,165413248,328720384,18716692480,233402368
1791362707,6489588,0,1.23,364008072,369795072,18716692480,154169344
1791362712,6218540,0,1.14,477973640,372805632,18716688384,292618240
1791362717,6434336,0,1.04,309117160,347570176,18716688384,312872960
1791362722,6605280,0,1.04,178909208,332234752,18716688384,321568768
1791362727,6626704,0,0.96,163380752,329621504,18716684288,231407616
1791362732,6677312,0,0.88,84394272,328028160,18716684288,141295616
1791362737,6419420,0,0.97,380571512,380760064,18716684288,224018432
1791362742,6163112,0,0.89,511844640,374120448,18716680192,292319232
1791362747,6301300,0,0.82,368885032,342822912,18716680192,331558912
1791362752,6570756,0,0.75,185400424,333721600,18716680192,357974016
1791362758,6647940,0,0.69,107118672,330502144,18716680192,234688512
1791362763,6479604,0,0.72,381677752,360931328,18716676096,182804480
1791362768,6204284,0,0.66,573831632,375791616,18716676096,252350464
1791362773,6170332,0,0.61,456961336,357548032,18716676096,310427648
1791362778,6472060,0,0.64,260123464,349491200,18716676096,329613312
1791362783,6510012,0,0.59,178877056,357187584,18716672000,291471360
1791362788,6554668,0,0.54,128237000,354852864,18716672000,177119232
1791362793,6394116,0,0.74,344816264,395608064,18716672000,239390720
1791362798,6239944,0,0.76,449128560,397090816,18716667904,309784576
1791362803,6341032,0,3.74,288011432,374673408,18716667904,328171520
1791362808,6505412,0,3.68,196633048,364310528,18716667904,326340608
1791362813,6565584,0,3.47,159481496,361435136,18716663808,217436160
1791362818,6589676,0,3.35,185555008,389259264,18716663808,143507456
1791362823,6305480,0,3.24,487765248,405192704,18716663808,226402304
1791362828,6140656,0,3.14,506140320,414531584,18716659712,291586048
1791362833,6260300,0,2.89,330996880,381067264,18716659712,330072064
1791362838,6465796,0,2.66,219455408,362770432,18716659712,336916480
1791362843,6539844,0,2.45,131202768,358768640,18716655616,233529344
1791362848,6402444,0,2.33,410088344,385044480,18716651520,176537600
1791362853,6299884,0,2.14,409171104,394809344,18716647424,244920320
1791362858,6060900,0,2.05,506452688,385032192,18716647424,298561536
1791362863,6378980,0,1.97,307146536,376012800,18716647424,331882496
1791362868,6543072,0,1.81,168465408,362004480,18716647424,310116352
1791362874,6561868,0,1.66,192466440,369618944,18716643328,196747264
1791362879,6333120,0,1.61,436493000,396050432,18716643328,243003392
1791362884,6219812,0,1.72,419060704,400805888,18716643328,305917952
1791362889,6381152,0,2.38,291689328,367919104,18716639232,310943744
1791362894,6545760,0,2.51,195940688,368807936,18716639232,312320000
1791362899,6545476,0,2.31,143567032,364539904,18716639232,210411520
1791362904,6489896,0,2.29,346324056,398405632,18716639232,190451712
1791362909,6179580,0,2.18,560092824,407904256,18716635136,272523264
1791362914,6176240,0,2.01,436709232,383676416,18716635136,311037952
1791362919,6499492,0,1.85,246921056,374611968,18716635136,329646080
1791362924,6575588,0,1.78,173883712,370585600,18716635136,295182336
1791362929,6570772,0,1.72,242698744,373096448,18716635136,158883840
1791362934,6304956,0,1.74,534506224,419975168,18716635136,222273536
1791362939,6074336,0,1.68,547648096,413917184,18716635136,300851200
1791362944,6178064,0,1.63,394069512,383291392,18716631040,311848960
1791362949,6512196,0,1.58,212667400,369364992,18716626944,322654208
1791362954,6546116,0,1.45,146479864,366710784,18716626944,251772928
1791362959,6453204,0,1.41,352521560,381231104,18716626944,144646144
1791362964,6288852,0,1.38,479803152,410066944,18716626944,294539264
1791362969,6290284,0,1.27,344904160,386965504,18716626944,311332864
1791362974,6494140,0,1.17,164898248,399982592,18716626944,324579328
1791362979,6570320,0,1.07,165254248,370577408,18716626944,254160896
1791362984,6641732,0,0.99,97196688,365912064,18716626944,147226624
1791362989,6456588,0,0.99,352383416,406781952,18716622848,214065152
1791362995,6208624,0,0.99,505937712,401055744,18716622848,294674432
1791363000,6285532,0,0.91,338653696,407527424,18716622848,310231040
1791363005,6517412,0,0.92,244292992,378646528,18716622848,327483392
1791363010,6534696,0,0.84,185214912,374771712,18716622848,257249280
1791363015,6595776,0,0.78,227777832,385642496,18716622848,156397568
1791363020,6283056,0,0.79,540184824,411619328,18716622848,235741184
1791363025,6071880,0,0.81,535323600,422821888,18716618752,292835328
1791363030,6228452,0,0.83,383404072,374071296,18716618752,313851904
1791363035,6519752,0,0.76,187254824,373854208,18716618752,341155840
1791363040,6514856,0,0.70,153332272,371642368,18716614656,231391232
1791363045,6323916,0,0.80,380129336,415666176,18716614656,249241600
1791363050,6255660,0,0.82,410185584,407056384,18716614656,300638208
1791363055,6361416,0,0.75,253611488,379056128,18716610560,314597376
1791363060,6501588,0,0.85,192856792,376893440,18716610560,313675776
1791363065,6534896,0,0.87,144677808,374095872,18716610560,200949760
1791363070,6515416,0,0.80,264309080,416608256,18716610560,191778816
1791363075,6284572,0,0.81,498376848,444981248,18716610560,274780160
1791363080,6190388,0,0.83,411793776,423219200,18716610560,311140352
1791363085,6381916,0,0.76,263921760,384409600,18716610560,329035776
1791363090,6570400,0,0.70,185697752,379936768,18716610560,298082304
1791363095,6603128,0,0.64,169790448,374689792,18716606464,175243264
1791363100,6359840,0,0.67,445257688,439427072,18716606464,224579584
1791363105,6100520,0,0.62,545274768,428142592,18716606464,297480192
1791363111,6210324,0,0.81,401451928,410546176,18716602368,312528896
1791363116,6477744,0,0.99,204232008,382967808,18716602368,359043072
1791363121,6540592,0,0.91,149266904,376483840,18716602368,261062656
1791363126,6370296,0,0.91,334258184,418902016,18716602368,257069056
1791363131,6249580,0,0.92,429512192,425615360,18716598272,311459840
1791363136,6360480,0,0.93,298881312,403574784,18716598272,328929280
1791363141,6535724,0,0.85,184102920,395550720,18716598272,318926848
1791363146,6555028,0,0.78,161455912,380628992,18716594176,224235520
1791363151,6601176,0,0.72,136099672,412012544,18716594176,143753216
1791363156,6351876,0,0.74,443662112,441901056,18716594176,225087488
1791363161,6063792,0,0.84,518845328,434327552,18716590080,300294144
1791363166,6227348,0,0.86,339807256,402075648,18716590080,314834944
1791363171,6501016,0,0.87,208426728,389115904,18716590080,323461120
1791363176,6527324,0,0.80,161860152,385867776,18716585984,226136064
1791363181,6535928,0,0.73,239987600,415559680,18716585984,143327232
1791363186,6264176,0,0.92,548781792,434315264,18716581888,227627008
1791363191,6079500,0,0.84,526170376,433676288,18716581888,293224448
1791363196,6204200,0,1.02,363293984,421761024,18716581888,313901056
1791363201,6483520,0,1.09,200283744,388771840,18716581888,339013632
1791363206,6507164,0,1.33,152352544,385015808,18716577792,236974080
1791363211,6386688,0,1.38,361430768,418979840,18716577792,237043712
1791363216,6106676,0,1.35,475426160,427335680,18716573696,295542784
1791363221,6272280,0,1.40,293852856,422981632,18716573696,332005376
1791363227,6477036,0,1.29,208588496,394977280,18716573696,347959296
1791363232,6557736,0,1.19,129987200,388931584,18716573696,220762112
1791363237,6478120,0,1.09,319867848,405807104,18716569600,174288896
1791363242,6196376,0,1.08,579354080,433430528,18716569600,246923264
1791363247,6061644,0,1.16,511165808,408002560,18716565504,312057856
1791363252,6228804,0,1.06,376503720,406925312,18716561408,329281536
1791363257,6476884,0,0.98,186080360,393314304,18716561408,327061504
1791363262,6478588,0,0.90,221513912,407019520,18716561408,220798976
1791363267,6304864,0,0.91,431072232,436142080,18716561408,269508608
1791363272,6265436,0,0.92,376149368,440262656,18716557312,313446400
1791363277,6450944,0,0.92,187711248,409120768,18716549120,332537856
1791363282,6551476,0,0.93,175734568,394657792,18716545024,299372544
1791363287,6583776,0,0.94,123979920,390266880,18716545024,169615360
1791363292,6506704,0,0.86,241405360,402288640,18716545024,180391936
1791363297,6285884,0,0.87,479140352,433897472,18716545024,265834496
1791363302,6246348,0,0.80,375423080,414121984,18716540928,312668160
1791363307,6457224,0,0.74,197413992,401383424,18716540928,329433088
1791363312,6494764,0,0.68,184936232,387231744,18716540928,286609408
1791363317,6529596,0,0.63,134197832,384598016,18716540928,170565632
1791363322,6451140,0,0.66,348845712,405442560,18716536832,204210176
1791363327,6177488,0,0.60,541164832,423514112,18716536832,285573120
1791363332,6197928,0,0.56,430577136,397479936,18716536832,313425920
1791363337,6446328,0,0.51,217866168,384761856,18716536832,332591104
1791363342,6552132,0,0.47,178019856,377589760,18716532736,289779712
1791363348,6618532,0,0.43,126126144,379125760,18716532736,158273536
1791363353,6378948,0,0.48,453258728,408588288,18716528640,200097792
1791363358,6099300,0,0.44,560979632,426541056,18716528640,279834624
1791363363,6120716,0,0.40,413525152,406519808,18716528640,313909248
1791363368,6486708,0,0.37,214449424,392847360,18716528640,325586944
1791363373,6533796,0,0.34,160925776,389787648,18716524544,266113024
1791363378,6402544,0,0.39,399384288,411062272,18716524544,151572480
1791363383,6179884,0,0.36,480903616,443338752,18716524544,301854720
1791363388,6306076,0,0.81,306843112,413335552,18716520448,315752448
1791363393,6519984,0,0.99,187657296,400220160,18716520448,352677888
1791363398,6561544,0,0.99,150022648,392572928,18716520448,233086976
1791363403,6520580,0,0.99,261293984,426532864,18716516352,190664704
1791363408,6220524,0,0.99,546656848,437534720,18716516352,276049920
1791363413,6190648,0,0.91,408534336,438640640,18716516352,313135104
1791363418,6429764,0,0.84,269286592,405590016,18716516352,331489280
1791363423,6527796,0,0.77,175050032,397299712,18716512256,300453888
1791363428,6545016,0,0.71,169061960,401158144,18716512256,178364416
1791363433,6353872,0,0.73,455888168,450510848,18716512256,221102080
1791363438,6098760,0,0.67,543704696,434225152,18716512256,301518848
1791363443,6149068,0,0.70,387656200,408797184,18716508160,315691008
1791363448,6493560,0,0.64,210624496,393699328,18716508160,329277440
1791363453,6500976,0,0.59,148789024,389959680,18716508160,251977728
1791363458,6344772,0,0.63,299464600,417857536,18716504064,149762048
1791363464,6170172,0,1.06,476249016,441487360,18716504064,298020864
1791363469,6338940,0,0.97,317024208,421867520,18716499968,315695104
1791363474,6551756,0,0.89,184349512,411627520,18716499968,322662400
1791363479,6542508,0,0.82,168808096,403034112,18716499968,230400000
1791363484,6637332,0,0.76,104899824,407277568,18716491776,145072128
1791363489,6359252,0,1.18,424008656,435888128,18716491776,227868672
1791363494,6101012,0,1.08,512153896,450293760,18716491776,295890944
1791363499,6299396,0,1.00,335950544,423542784,18716491776,316473344
1791363504,6536144,0,1.00,209679072,409661440,18716487680,325509120
1791363509,6571848,0,0.92,163805008,406884352,18716487680,230375424
1791363514,6473112,0,1.00,309060920,439554048,18716487680,145874944
1791363519,6224112,0,1.08,561074192,464248832,18716483584,229871616
1791363524,5987312,0,1.16,511369800,438775808,18716483584,295235584
1791363529,6300048,0,1.14,340087216,420573184,18716483584,314945536
1791363534,6496812,0,1.05,232835424,409894912,18716479488,325492736
1791363539,6475168,0,0.97,162834712,407142400,18716479488,235917312
1791363544,6367204,0,0.97,362940808,437366784,18716479488,235835392
1791363549,6166972,0,0.89,486081792,443928576,18716479488,295436288
1791363554,6278324,0,0.90,314965440,429420544,18716471296,334319616
1791363559,6482492,0,0.83,201146984,413237248,18716471296,358498304
1791363564,6506288,0,0.76,141433672,411406336,18716471296,231936000
1791363569,6482120,0,0.78,325031912,429043712,18716467200,173760512
1791363575,6194968,0,0.80,541852768,478318592,18716467200,254226432
1791363580,6096652,0,0.81,493031272,441208832,18716467200,307617792
1791363585,6298952,0,0.83,351305688,422055936,18716463104,333393920
1791363590,6498368,0,0.76,168036248,417439744,18716463104,319475712
1791363595,6466816,0,0.70,268269032,429334528,18716463104,209403904
1791363600,6247908,0,0.81,446379400,452890624,18716463104,289714176
1791363605,6239288,0,0.82,357783952,470802432,18716454912,314425344
1791363610,6471792,0,0.84,165924992,437153792,18716454912,332398592
1791363615,6481212,0,0.85,180579800,422080512,18716454912,288882688
1791363620,6543120,0,0.78,114621552,416964608,18716450816,160120832
1791363625,6400856,0,0.80,268369632,440401920,18716450816,200716288
1791363630,6167852,0,0.89,484353744,476979200,18716450816,278798336
1791363635,6178384,0,0.90,373938272,460505088,18716450816,314966016
1791363640,6450668,0,0.91,241463688,427651072,18716446720,335581184
1791363645,6486400,0,0.92,171284208,422555648,18716446720,282492928
1791363650,6544492,0,0.85,198275408,439853056,18716446720,165941248
1791363655,6266108,0,0.86,507232704,472821760,18716442624,233820160
1791363660,6036056,0,0.87,536825536,471654400,18716442624,297050112
1791363665,6215272,0,0.80,345511408,440115200,18716442624,317394944
1791363670,6508808,0,0.82,215940904,426708992,18716438528,328364032
1791363675,6521992,0,0.75,154295520,418963456,18716438528,233500672
1791363680,6456736,0,0.69,305112792,453304320,18716438528,148774912
1791363685,6174620,0,0.71,468752480,467402752,18716438528,297828352
1791363690,5956196,0,0.66,522035120,468033536,18716434432,297828352
1791363696,6186720,0,0.60,344992720,439836672,18716434432,318361600
1791363701,6475728,0,0.56,202221096,431513600,18716434432,327413760
1791363706,6471520,0,0.51,147186120,426721280,18716430336,231428096
1791363711,6350088,0,0.55,314514024,464568320,18716426240,229113856
1791363716,6128580,0,0.59,495611064,472707072,18716426240,296345600
1791363721,6280416,0,0.62,310822680,449196032,18716422144,317468672
1791363726,6496868,0,0.65,188075584,433471488,18716422144,325300224
1791363731,6516872,0,0.60,169951792,427900928,18716422144,229085184
1791363736,6562428,0,0.55,119783664,438636544,18716422144,146665472
1791363741,6314872,0,0.59,435094936,471982080,18716418048,233287680
1791363746,6055356,0,0.70,517556000,473874432,18716418048,303353856
1791363751,6206376,0,0.72,356743768,445403136,18716418048,317222912
1791363756,6456220,0,0.75,210390712,432357376,18716413952,326897664
1791363761,6528840,0,0.69,164070192,429920256,18716413952,234065920
1791363766,6513828,0,0.63,252290600,460832768,18716405760,146391040
1791363771,6215524,0,0.74,562514184,483823616,18716401664,229552128
1791363776,6009776,0,0.68,568449616,451981312,18716401664,296607744
1791363781,6205368,0,0.71,396948608,437121024,18716397568,335777792
1791363786,6420716,0,0.81,207820208,428146688,18716397568,360034304
1791363791,6493016,0,0.75,201667608,424730624,18716397568,233082880
1791363796,6284600,0,0.77,414716808,463429632,18716397568,271372288
1791363801,6243400,0,0.79,366789328,477089792,18716393472,315891712
1791363806,6355112,0,0.72,235924024,444653568,18716393472,315891712
1791363811,6520056,0,0.66,180660952,434905088,18716393472,301129728
1791363817,6587636,0,0.61,101320920,432463872,18716393472,160571392
1791363822,6321916,0,0.56,306129320,460509184,18716389376,230690816
1791363827,6160320,0,0.76,491077376,482930688,18716389376,301006848
1791363832,6218608,0,0.70,373268776,452853760,18716385280,317308928
1791363837,6507912,0,0.64,199244168,441552896,18716385280,328441856
1791363842,6537272,0,0.59,168982152,432533504,18716385280,257236992
1791363847,6558792,0,0.54,121258544,438915072,18716385280,148910080
1791363852,6292540,0,0.58,432580640,473358336,18716381184,225660928
1791363857,6097716,0,0.61,514028584,479903744,18716377088,301346816
1791363862,6223248,0,0.80,347730048,450719744,18716377088,317468672
1791363867,6457568,0,0.90,216860688,442753024,18716377088,328515584
1791363872,6497900,0,0.91,163883672,435957760,18716372992,236978176
1791363877,6546856,0,0.84,227998184,445825024,18716372992,149434368
1791363882,6232476,0,0.93,544301368,477638656,18716372992,230096896
1791363887,6045752,0,1.01,520120064,475983872,18716368896,296812544
1791363892,6195468,0,1.16,340915512,447643648,18716368896,317210624
1791363897,6365780,0,1.07,217075912,443105280,18716368896,350879744
1791363902,6402020,0,0.98,161972448,436776960,18716364800,241950720
1791363907,6303384,0,0.98,399713440,458227712,18716360704,160591872
1791363912,6110144,0,0.90,486392512,486825984,18716360704,300355584
1791363917,6295268,0,0.83,305156312,451497984,18716356608,319451136
1791363922,6461812,0,0.84,183426784,445665280,18716356608,328028160
1791363928,6492216,0,0.78,174116672,437325824,18716356608,234606592
1791363933,6570660,0,0.71,89900016,434958336,18716356608,149340160
1791363938,6290760,0,0.74,399967072,477405184,18716356608,232882176
1791363943,6063704,0,0.68,519058128,476045312,18716352512,298528768
1791363948,6167148,0,0.70,333293800,457875456,18716352512,337190912
1791363953,6369372,0,0.65,210083168,439795712,18716352512,357466112
1791363958,6445052,0,0.60,131804144,434081792,18716348416,238485504
1791363963,6353504,0,0.63,385357472,453087232,18716348416,179269632
1791363968,6138008,0,0.58,543609968,477020160,18716348416,253526016
1791363973,6103444,0,0.69,429494984,456069120,18716344320,297091072
1791363978,6409900,0,0.72,244685312,445448192,18716344320,306958336
1791363983,6503260,0,0.74,188116056,436113408,18716344320,288464896
1791363988,6543772,0,0.68,125964752,434413568,18716344320,163430400
1791363993,6352792,0,0.95,343000976,470994944,18716340224,248467456
1791363998,6179032,0,0.95,429725736,473493504,18716340224,315416576
1791364003,6293056,0,0.95,300328624,453009408,18716340224,332533760
1791364008,6434740,0,0.96,191175096,441278464,18716336128,331128832
1791364013,6449328,0,0.88,145636688,439873536,18716336128,225509376
1791364018,6420796,0,1.45,297231480,445431808,18716336128,189833216
1791364023,6163468,0,1.42,553186088,479559680,18716332032,273539072
1791364028,6162044,0,1.30,438505560,463032320,18716332032,317349888
1791364033,6376256,0,1.20,279871584,445419520,18716332032,335417344
1791364038,6465928,0,1.10,183921752,437903360,18716332032,302239744
1791364044,6505524,0,1.01,155580072,444653568,18716327936,186306560
1791364049,6290000,0,1.01,472953640,478515200,18716327936,206499840
1791364054,6046968,0,1.01,561702376,487718912,18716327936,291901440
1791364059,6047000,0,1.01,435940976,460337152,18716323840,316354560
1791364064,6456604,0,0.93,234438968,447991808,18716323840,334073856
1791364069,6490992,0,0.85,170910456,447340544,18716319744,290709504
1791364074,6482636,0,0.87,259961096,446803968,18716319744,161456128
1791364079,6208888,0,0.96,438834976,498683904,18716319744,283492352
1791364084,6217188,0,0.88,362319680,477278208,18716315648,316162048
1791364089,6426048,0,0.89,177564248,450506752,18716315648,335142912
1791364094,6499400,0,0.90,185948576,446201856,18716315648,295747584
1791364099,6553592,0,0.99,97492168,442904576,18716315648,166289408
1791364104,6370604,0,0.99,287051696,470237184,18716311552,225452032
1791364109,6143400,0,1.63,469663176,497553408,18716311552,294408192
1791364114,6215360,0,1.50,360631960,461033472,18716311552,317591552
1791364119,6455840,0,1.38,233255776,455995392,18716311552,336896000
1791364124,6502376,0,1.27,168605688,447721472,18716307456,259805184
1791364129,6573344,0,1.17,174155808,453718016,18716307456,160235520
1791364134,6260792,0,1.23,491646096,488222720,18716307456,233271296
1791364139,6014808,0,1.13,525070496,489889792,18716303360,302571520
1791364144,6177824,0,1.12,344585080,458743808,18716303360,319680512
1791364149,6397292,0,1.03,213864272,447582208,18716303360,328663040
1791364154,6433440,0,0.95,158546392,445763584,18716299264,230588416
1791364160,6474816,0,0.87,236938448,454656000,18716295168,148094976
1791364165,6195036,0,0.88,532504896,500477952,18716295168,220094464
1791364170,5995184,0,0.89,534362880,474599424,18716295168,297791488
1791364175,6137964,0,0.82,350641296,467898368,18716291072,315310080
1791364180,6428056,0,0.92,260824392,450359296,18716291072,314859520
1791364185,6428848,0,0.84,183495560,445759488,18716291072,254324736
1791364190,6372912,0,0.86,358051104,470429696,18716291072,164274176
1791364195,6199444,0,0.87,455605728,503238656,18716286976,299593728
1791364200,6219472,0,0.80,333482112,482959360,18716286976,317509632
1791364205,6440576,0,0.89,202890368,461557760,18716278784,336695296
1791364210,6472132,0,0.90,184490024,455196672,18716274688,271425536
1791364215,6578532,0,0.91,99957528,447692800,18716274688,162865152
1791364220,6303808,0,1.00,419600376,478236672,18716274688,238632960
1791364225,6044608,0,1.16,514373896,488194048,18716274688,299597824
1791364230,6176424,0,1.07,341583144,465195008,18716270592,319434752
1791364235,6420924,0,0.98,213368432,454705152,18716270592,328552448
1791364240,6466756,0,0.90,169772616,451727360,18716270592,233357312
1791364245,6503564,0,0.83,225556696,456134656,18716266496,148389888
1791364250,6193340,0,0.84,539286528,495034368,18716266496,231510016
1791364255,5967756,0,0.78,544618440,483360768,18716266496,298663936
1791364260,6144448,0,0.71,339722872,459784192,18716266496,319512576
1791364265,6452760,0,0.66,208486560,450654208,18716262400,328232960
1791364270,6486096,0,0.60,153885992,447471616,18716262400,231321600
1791364276,6359140,0,0.64,368621296,474361856,18716262400,148353024
1791364281,6163764,0,0.66,440212368,496951296,18716258304,298266624
1791364286,6302656,0,0.69,271868328,474099712,18716258304,318869504
1791364291,6449788,0,0.64,214430408,460505088,18716258304,331767808
1791364296,6482200,0,0.58,184140544,445792256,18716258304,242143232
1791364301,6571648,0,0.54,91351504,442802176,18716254208,163471360
1791364306,6332444,0,0.58,382939168,473587712,18716254208,238915584
1791364311,6123220,0,0.77,491525992,473448448,18716254208,298491904
1791364316,6276888,0,0.87,323238672,457289728,18716254208,337489920
1791364321,6402484,0,0.88,227818184,443744256,18716250112,353705984
1791364326,6466896,0,0.89,143610656,436727808,18716250112,236642304
1791364331,6397928,0,0.90,335601568,463482880,18716246016,184766464
1791364336,6114732,0,1.15,592095712,488984576,18716246016,253501440
1791364341,5987400,0,1.05,524783656,462405632,18716246016,317751296
1791364346,6166664,0,0.97,359585976,448675840,18716246016,335233024
1791364351,6454796,0,0.89,198435528,450158592,18716241920,327995392
1791364356,6472744,0,0.82,146551072,447352832,18716241920,229797888
1791364361,6310572,0,0.91,368153304,473702400,18716237824,229277696
1791364366,6028244,0,0.92,509479360,486510592,18716233728,300126208
1791364371,6193912,0,0.85,342592544,470253568,18716233728,338989056
1791364376,6408852,0,0.86,210526112,457048064,18716233728,357597184
1791364381,6503944,0,0.79,129189624,452407296,18716229632,242749440
1791364386,6397228,0,0.73,347300408,453881856,18716229632,178110464
1791364392,6159648,0,0.75,552465920,496197632,18716229632,245358592
1791364397,6077492,0,0.77,460935648,467542016,18716225536,303149056
1791364402,6221240,0,0.71,377451512,447111168,18716225536,320417792
1791364407,6417136,0,0.65,192141432,445652992,18716225536,317849600
1791364412,6429472,0,0.60,236279592,448544768,18716225536,214884352
1791364417,6274152,0,0.63,421497264,475701248,18716221440,283967488
1791364422,6261436,0,0.66,377545600,474595328,18716221440,317480960
1791364427,6446584,0,0.85,193125240,447119360,18716221440,334458880
1791364432,6467980,0,0.86,197995328,443781120,18716217344,303255552
1791364437,6525964,0,0.79,145722480,440901632,18716217344,177364992
1791364442,6480488,0,0.81,247784880,458211328,18716217344,193150976
1791364447,6258640,0,0.90,487189128,485249024,18716217344,275918848
1791364452,6209744,0,0.91,392414024,474943488,18716213248,299831296
1791364457,6373376,0,0.84,206879432,458113024,18716213248,315322368
1791364462,6438980,0,0.93,200235624,465391616,18716205056,292941824
1791364467,6508016,0,0.86,114826736,461676544,18716205056,174931968
1791364472,6338772,0,0.79,385432016,490721280,18716205056,236048384
1791364477,6084928,0,0.80,520144424,497983488,18716205056,300171264
1791364482,6180072,0,0.75,351565992,494415872,18716200960,317726720
1791364487,6417588,0,0.69,260044344,479502336,18716200960,336060416
1791364492,6446872,0,0.64,191617176,478756864,18716200960,266256384
1791364497,6476508,0,0.67,229877808,481468416,18716196864,165408768
1791364503,6189668,0,0.69,539281240,524439552,18716196864,242634752
1791364508,6029672,0,0.64,512271528,509050880,18716196864,299425792
1791364513,6140220,0,0.59,361713576,480178176,18716192768,319696896
1791364518,6386072,0,0.54,231339056,483614720,18716192768,335720448
1791364523,6395596,0,0.58,168430112,480460800,18716192768,256012288
1791364528,6351680,0,0.61,365253416,502194176,18716192768,164937728
1791364533,6082768,0,0.56,491342200,519012352,18716188672,301322240
1791364538,6266900,0,0.68,301207472,493998080,18716188672,321085440
1791364543,6466380,0,0.62,190141952,482660352,18716188672,332554240
1791364548,6475528,0,0.57,175007696,479834112,18716184576,234663936
1791364553,6556132,0,0.61,92336680,478134272,18716184576,152256512
1791364558,6291864,0,0.72,384178120,511090688,18716184576,232771584
1791364563,6011240,0,0.74,515980200,513409024,18716184576,301101056
1791364568,6197284,0,0.68,341517520,490086400,18716180480,321069056
1791364573,6413376,0,0.63,216236008,479367168,18716180480,330256384
1791364578,6422140,0,0.58,169760312,476221440,18716180480,235102208
1791364583,6485160,0,0.61,190438752,490688512,18716176384,150138880
1791364588,6200956,0,0.64,509663472,522592256,18716176384,233390080
1791364593,5941480,0,0.83,541861256,520142848,18716176384,301178880
1791364598,6125312,0,0.93,363169152,488796160,18716172288,321380352
1791364603,6382648,0,0.85,220885736,480829440,18716172288,332222464
1791364608,6419764,0,0.78,158447784,477544448,18716172288,242376704
1791364613,6355864,0,0.80,321367928,503369728,18716168192,152416256
1791364618,6173124,0,0.82,445246224,540176384,18716168192,303947776
1791364624,6220032,0,0.83,340233320,509927424,18716168192,339300352
1791364629,6360132,0,0.77,217277680,494129152,18716168192,358359040
1791364634,6396012,0,0.70,148503104,491798528,18716164096,261799936
1791364639,6438204,0,0.65,189256432,502984704,18716164096,184717312
1791364644,6220136,0,0.68,465544616,526454784,18716164096,250716160
1791364649,6111492,0,0.62,452369784,526921728,18716160000,305266688
1791364654,6211548,0,0.65,281635312,503074816,18716160000,340631552
1791364659,6406148,0,0.60,186818656,487825408,18716155904,319094784
1791364664,6431264,0,0.55,138599104,485969920,18716155904,215482368
1791364669,6147000,0,0.67,137743480,885493760,18703372288,208003072
1791364674,5238740,0,0.77,121975728,1867980800,18703368192,124780544
1791364679,7090048,0,0.71,25215360,60731392,18703368192,89010176
1791364684,7044968,0,0.65,58943184,36618240,18703368192,180211712
1791364689,7047136,0,0.60,54635904,36851712,18703368192,124694528
1791364694,4786476,0,0.63,181782216,2328915968,18703364096,157175808
1791364699,6934988,0,0.66,139496672,36937728,18703360000,181493760
1791364704,6455828,0,0.69,218867992,500670464,18703347712,268107776
1791364709,6488556,0,1.44,404371680,49180672,18703339520,155480064
1791364714,6837832,0,1.40,94935168,60403712,18703335424,190124032
1791364719,6026948,0,1.37,414011816,804569088,18703327232,208420864
1791364724,6481616,0,1.34,294396768,47153152,18703323136,149417984
1791364730,6854980,0,1.31,136680432,169070592,18703323136,206319616
1791364735,5850592,0,1.21,520988240,784158720,18703323136,120373248
1791364740,6518004,0,1.19,333513888,43909120,18703319040,180363264
1791364745,6765356,0,1.17,161584032,193302528,18703319040,236855296
1791364750,6620668,0,1.88,435114856,59600896,18703310848,152178688
1791364755,6448004,0,2.05,340099816,39624704,18703306752,168325120
1791364760,6765888,0,2.13,184667136,190861312,18703306752,214777856
1791364765,6071836,0,1.96,445063688,706564096,18703306752,121077760
1791364770,6379704,0,1.80,467404176,48750592,18703298560,152346624
1791364775,6434496,0,1.74,325449168,37896192,18703298560,188133376
1791364780,6846020,0,1.68,138482960,161320960,18698657792,195956736
1791364785,6810132,0,1.54,179888576,173842432,18698653696,189632512
1791364790,6736896,0,1.42,283969704,196939776,18698653696,95854592
1791364795,6502576,0,1.39,467267368,262905856,18698653696,113897472
1791364800,6487584,0,1.27,450497376,296247296,18698653696,132149248
1791364805,6336776,0,1.33,524131712,358273024,18698653696,150528000
1791364810,6286244,0,1.55,544683672,410918912,18698649600,176877568
1791364816,6252412,0,1.82,514655488,439066624,18698649600,203132928
1791364821,6338776,0,1.76,413917640,433344512,18698645504,211890176
1791364826,6378320,0,1.62,413505128,433606656,18698645504,210526208
1791364831,6382524,0,1.49,413298872,433627136,18698645504,209170432
1791364836,6386432,0,1.37,413298872,433602560,18698645504,209170432
1791364841,6363040,0,1.26,414022288,439062528,18698645504,209887232
1791364846,6368664,0,1.16,415890288,440811520,18698641408,209887232
1791364851,6288024,0,1.06,420133840,517521408,18698641408,209276928
1791364856,6305972,0,0.98,563845440,49463296,18698641408,210567168
1791364861,6671272,0,0.98,273951024,38277120,18698641408,224186368
1791364866,6871064,0,1.14,57856984,56889344,18698625024,137289728
1791364871,6943344,0,1.13,112091152,147648512,18698620928,187908096
1791364876,6785248,0,1.04,253301184,200699904,18698616832,231862272
1791364881,6784852,0,0.96,187201120,199254016,18698616832,104005632
1791364886,6740752,0,0.88,186249920,196603904,18698616832,103354368
1791364891,6928748,0,0.81,109669944,64380928,18698616832,104386560
1791364896,6575832,0,0.82,437985840,185376768,18698616832,381034496
1791364901,6827496,0,0.84,281939944,93179904,18698612736,514248704
1791364906,6312356,0,0.85,638243424,198574080,18698608640,624648192
1791364911,6850288,0,0.86,219963928,143450112,18698600448,908910592
1791364916,6774316,0,0.79,208348664,140947456,18698600448,686481408
1791364921,6784480,0,0.81,208348664,140918784,18698600448,168275968
1791364926,6765092,0,0.83,208348664,141365248,18698600448,167464960
1791364932,6779948,0,0.76,208348664,141729792,18698600448,167464960
1791364937,6776912,0,0.70,208348664,141934592,18698600448,167464960
1791364942,6771404,0,0.64,208348664,142028800,18698596352,167464960
1791364947,6771092,0,0.59,208348664,140931072,18698592256,167464960
1791364952,6537464,0,0.54,489454992,154521600,18698592256,329015296
1791364957,6514940,0,0.58,488983720,154628096,18698592256,599617536
1791364962,6609964,0,0.61,428943192,159846400,18698588160,600817664
1791364967,6606660,0,0.64,349643752,159703040,18698588160,699228160
1791364972,6505352,0,0.75,514094176,165269504,18698584064,589066240
1791364977,6663212,0,0.85,351341704,167493632,18698584064,588496896
1791364982,6540328,0,0.87,489009448,153427968,18698584064,574021632
1791364987,6836768,0,0.88,178650016,148226048,18698584064,414396416
1791364992,6249044,0,0.81,770781312,172199936,18698584064,651083776
1791364997,6235708,0,0.90,770149840,174493696,18698579968,648695808
1791365002,6270356,0,0.99,769248544,174383104,18698575872,646111232
1791365007,6420980,0,1.07,609648168,174772224,18698575872,959696896
1791365012,6567732,0,1.15,466375472,179113984,18698575872,794783744
1791365017,6259776,0,1.29,739805520,182349824,18698575872,642142208
1791365022,6250704,0,1.35,737470080,177037312,18698575872,640159744
1791365027,6806900,0,1.32,181515928,175312896,18698575872,640700416
1791365032,5922968,0,1.51,1088992400,192258048,18698575872,1132752896
1791365038,5890436,0,1.95,1094278064,194666496,18698571776,1225732096
1791365043,6148076,0,2.28,822045080,194711552,18698571776,878936064
1791365048,6370384,0,2.66,629229824,194764800,18698571776,1358049280
1791365053,5915744,0,2.92,1081495600,194555904,18698571776,1240887296
1791365058,5902748,0,3.09,1075063528,195403776,18698571776,1211392000
1791365063,5918112,0,3.16,1088837800,195981312,18698571776,1141993472
1791365068,6977604,0,2.91,15266112,175546368,18698567680,1141383168
1791365073,6141540,0,3.16,856592248,211947520,18698563584,811859968
1791365078,5826276,0,3.55,1099709752,223510528,18698563584,1807659008
1791365084,5825852,0,3.90,1091177856,219062272,18698563584,1926561792
1791365089,5807112,0,4.15,1094918856,224280576,18698563584,1726005248
1791365094,5949292,0,4.54,941830888,221597696,18698563584,1848942592
1791365099,5872132,0,4.74,1085726632,223764480,18698563584,1753976832
1791365104,5740108,0,5.08,1087041624,225337344,18698563584,1979326464
1791365109,6016472,0,4.99,979178704,183750656,18698563584,1738907648
1791365114,6969216,0,4.59,15532864,175063040,18698559488,1738264576
1791365119,6905280,0,4.30,131703376,158367744,18698555392,246829056
1791365124,6817856,0,3.96,172236032,169267200,18698555392,165548032
1791365130,6814832,0,3.72,168141984,169504768,18698551296,131932160
1791365135,6805104,0,3.42,168141984,164474880,18698547200,130781184
1791365140,6623788,0,3.95,372532512,192479232,18698547200,240603136
1791365145,6698884,0,3.71,302375856,194551808,18698547200,489873408
1791365150,6497864,0,3.50,500141792,191447040,18698547200,584339456
1791365155,6610504,0,3.22,375947640,202887168,18698547200,470155264
1791365160,6468436,0,3.04,344194176,343281664,18698543104,587915264
1791365165,6335480,0,2.87,431333880,417234944,18698543104,421408768
1791365170,6322312,0,2.72,398197160,424325120,18698543104,439107584
1791365175,6549204,0,2.59,395767032,208490496,18698543104,405536768
1791365180,6555892,0,2.38,390088544,209805312,18698543104,368058368
1791365185,6085908,0,2.19,390967000,704516096,18698539008,368435200
1791365190,6513312,0,2.25,391151936,260415488,18698539008,362729472
1791365195,6285196,0,2.31,632215264,263925760,18698530816,524447744
1791365200,6451820,0,2.21,469754336,261111808,18698530816,914583552
1791365205,6479276,0,2.11,422965064,283168768,18698530816,809209856
1791365210,6535788,0,2.02,343319120,279248896,18698530816,692977664
1791365215,6538460,0,1.94,344094440,279859200,18698530816,414871552
1791365220,6557700,0,1.94,346097312,269545472,18698526720,324804608
1791365225,6502412,0,1.95,419433608,277512192,18698452992,381976576
1791365230,6336816,0,2.03,523334320,274907136,18698444800,540954624
1791365235,6536296,0,1.95,545907080,68198400,18698440704,662294528
1791365241,6820172,0,1.87,176458208,177422336,18698436608,738312192
1791365246,6788500,0,1.72,181012544,182296576,18698436608,148578304
1791365251,6799856,0,1.59,171240280,182497280,18698436608,150507520
1791365256,6722948,0,1.46,238480784,204333056,18698432512,130678784
1791365261,6524120,0,1.42,473451728,204955648,18698428416,417759232
1791365266,6615704,0,1.39,374476984,203583488,18698428416,510992384
1791365271,6487228,0,1.36,494553472,202592256,18698428416,472817664
1791365276,6938936,0,1.25,168340552,39514112,18698420224,471412736
1791365281,6927144,0,1.15,87658368,120053760,18698420224,488615936
1791365286,6757616,0,1.13,251094440,186798080,18698420224,97345536
1791365291,6584216,0,1.12,358153024,236347392,18698416128,126025728
1791365296,6403808,0,1.11,432802856,298004480,18698416128,144564224
1791365301,6390860,0,1.10,475114840,342245376,18698416128,172769280
1791365306,6312004,0,1.10,489002808,392622080,18698416128,200290304
1791365311,6178272,0,1.01,502348096,457101312,18698416128,227590144
1791365316,6212212,0,1.09,514790944,499261440,18698416128,254504960
1791365321,6095172,0,1.32,531008328,532017152,18698412032,281468928
1791365326,6070936,0,1.29,542025744,579616768,18698412032,309354496
1791365331,6025368,0,1.27,554438672,612802560,18698412032,336564224
1791365336,5993272,0,1.33,566973504,659599360,18698407936,363573248
1791365341,5874824,0,1.38,623827632,756645888,18698407936,378642432
1791365346,5774028,0,1.43,648351880,807452672,18698407936,401326080
1791365352,5721276,0,1.40,654552488,860286976,18698407936,426483712
1791365357,5656104,0,1.37,661898376,912171008,18698407936,450318336
1791365362,5716556,0,1.26,568998112,912596992,18698407936,466018304
1791365367,5732504,0,1.16,571860000,915107840,18698407936,464621568
1791365372,5741024,0,1.06,577149552,917037056,18698407936,463097856
1791365377,5739052,0,0.98,576841304,919183360,18698399744,463097856
1791365382,5752280,0,0.90,581767816,914296832,18698399744,463097856
1791365387,5742420,0,0.83,586780888,920354816,18698399744,463097856
1791365392,5696716,0,0.76,586961080,917884928,18698395648,463097856
1791365397,5721028,0,0.70,592361400,918552576,18698395648,463097856
1791365402,5720160,0,0.64,593119752,919011328,18698391552,463097856
1791365407,5720192,0,0.59,598598144,923197440,18698391552,463097856
1791365412,5717544,0,0.54,600289920,922484736,18698391552,464244736
1791365417,5713812,0,0.66,604822232,926363648,18698387456,464621568
1791365422,5710956,0,0.61,604922968,927178752,18698387456,463839232
1791365427,5705560,0,0.56,610846312,925478912,18698387456,463462400
1791365432,5714848,0,0.51,612758400,918900736,18698387456,463626240
1791365437,5548984,0,0.47,616448680,1083977728,18698387456,463626240
1791365442,5540908,0,0.51,620042808,1081389056,18698387456,466468864
1791365447,5528596,0,0.47,624807808,1082064896,18698387456,468905984
1791365452,5525812,0,0.52,632787208,1082826752,18698387456,468987904
1791365457,5597400,0,0.55,636207024,1003352064,18698383360,468914176
1791365463,5260272,0,1.08,657449848,1340182528,18698383360,469737472
1791365468,5246772,0,2.04,662627720,1344249856,18698383360,473427968
1791365473,5223656,0,2.60,670415424,1359376384,18698383360,476004352
1791365478,5208556,0,3.83,675293032,1365221376,18698383360,477675520
1791365483,6466856,0,3.52,685049216,63406080,18698383360,480251904
1791365488,6295768,0,3.32,616137616,47185920,18698383360,490897408
1791365493,6377376,0,3.30,450583640,46718976,18698383360,463269888
1791365498,6301844,0,3.11,572149248,46546944,18698379264,433864704
1791365503,6502320,0,2.94,422289816,45531136,18698379264,374091776
1791365508,6555160,0,2.79,304111384,44707840,18698379264,344059904
1791365513,6589824,0,2.64,357592016,44412928,18698379264,282468352
1791365518,6708504,0,2.67,174878864,43159552,18698375168,220876800
1791365523,6686108,0,2.54,230441376,41779200,18698371072,190402560
1791365528,7117144,0,2.33,7962776,41779200,18698371072,157876224
1791365533,7048676,0,2.15,32511000,69074944,18698371072,123953152
1791365538,6759144,0,1.97,135552816,211132416,18698371072,190414848
1791365543,6614148,0,1.90,215725784,297279488,18698371072,186519552
1791365549,6286208,0,1.90,578274552,396017664,18698371072,217366528
1791365554,6071588,0,1.91,560015208,467304448,18698366976,271368192
1791365559,5892444,0,2.00,641373776,581095424,18698366976,301854720
1791365564,5830528,0,2.24,649117048,667328512,18698366976,362176512
1791365569,5807380,0,2.38,648605112,765038592,18698366976,422961152
1791365574,5551044,0,2.43,760402568,880492544,18698366976,453124096
1791365579,5512912,0,2.48,742111224,945119232,18698366976,513290240
1791365584,5425456,0,2.52,685012752,1015767040,18698362880,573808640
1791365589,5550784,0,2.32,663673624,1015758848,18698362880,577523712
1791365594,5558500,0,2.13,660959064,1015664640,18698362880,575160320
1791365599,5556440,0,1.96,663113144,1022468096,18698362880,573702144
1791365604,5569604,0,1.80,665477376,1021857792,18698362880,573702144
1791365609,5566320,0,1.66,674320344,1025671168,18698362880,574513152
1791365614,5558808,0,1.61,680322784,1031618560,18698362880,574885888
1791365619,5548160,0,1.48,683189560,1036611584,18698362880,573755392
1791365624,5542896,0,1.36,691844088,1037746176,18698358784,573755392
1791365629,5510592,0,1.33,698399624,1048358912,18698358784,573394944
1791365634,5510976,0,1.22,701444600,1057853440,18698358784,574783488
1791365639,5463780,0,1.12,710901272,1063346176,18698358784,575184896
1791365644,5456984,0,1.03,722111440,1068490752,18698358784,574787584
1791365649,5444244,0,0.95,735432080,1077637120,18698358784,574406656
1791365655,5425568,0,0.87,746628456,1087746048,18698354688,573808640
1791365660,5411916,0,0.80,750034352,1091481600,18698354688,575926272
1791365665,5237164,0,0.82,766677432,1264574464,18698354688,576286720
1791365670,5213740,0,0.92,771583112,1279488000,18698354688,577835008
1791365675,5205952,0,1.00,778814016,1284681728,18698354688,581173248
1791365680,5194812,0,1.24,783059576,1285980160,18698350592,581947392
1791365685,5264320,0,1.38,786485992,1205149696,18698350592,581107712
1791365690,4941004,0,1.43,813146952,1511174144,18698346496,582897664
1791365695,4940252,0,1.80,805970920,1504436224,18698346496,595255296
1791365700,4948508,0,4.38,807479640,1499348992,18698346496,598745088
1791365705,4949168,0,4.99,808044192,1499189248,18698346496,596164608
1791365710,5713376,0,4.59,810744376,725340160,18698346496,595849216
1791365715,5686284,0,4.30,577868144,707178496,18698346496,601145344
1791365720,5570144,0,4.04,680736608,706187264,18698346496,565071872
1791365725,5757440,0,3.79,487166248,704172032,18698342400,501231616
1791365730,5599264,0,3.73,602358488,700944384,18698342400,469061632
1791365735,6563372,0,3.51,404058248,45527040,18698342400,409796608
1791365740,6580316,0,3.31,288809936,44703744,18698342400,316018688
1791365746,6556956,0,3.12,346356168,44449792,18698342400,245952512
1791365751,6798440,0,3.03,138930392,43667456,18698342400,177651712
1791365756,7076684,0,2.79,7150336,43667456,18698342400,140210176
1791365761,7056292,0,2.57,30246768,48701440,18698342400,103661568
1791365766,6556664,0,2.44,253873608,287186944,18698342400,234893312
1791365771,6510420,0,2.25,229459800,368791552,18698338304,278106112
1791365776,6236444,0,2.15,397681760,569479168,18698338304,245743616
1791365781,5691752,0,2.45,674850640,668487680,18698338304,387182592
1791365786,5581004,0,2.82,759088488,809807872,18698338304,476033024
1791365791,5363592,0,2.99,810086104,927207424,18698338304,536494080
1791365796,5180048,0,3.15,844925016,1095548928,18698338304,627183616
1791365801,5003740,0,3.62,980367600,1225416704,18698334208,686096384
1791365806,4942588,0,3.89,870665248,1268027392,18698334208,746364928
1791365811,5138280,0,3.66,832459720,1267580928,18698334208,752144384
1791365816,5133608,0,3.37,832459720,1267572736,18698334208,748494848
1791365821,5131840,0,3.10,832459720,1267564544,18698334208,745091072
1791365826,5120560,0,2.85,833131064,1271021568,18698330112,745893888
1791365831,5150308,0,2.62,841051952,1278935040,18698330112,746627072
1791365836,5163056,0,2.49,844079448,1284407296,18698330112,745947136
1791365841,5145020,0,2.29,854483488,1298124800,18698330112,745353216
1791365847,5118092,0,2.11,861615448,1306001408,18698330112,748003328
1791365852,5099428,0,1.94,872630248,1311105024,18698330112,748544000
1791365857,5080408,0,1.78,883325048,1318203392,18698326016,746106880
1791365862,5051076,0,1.64,897091152,1337520128,18698326016,745553920
1791365867,5039120,0,1.51,907404008,1336545280,18698326016,746020864
1791365872,5029432,0,1.39,913205760,1337462784,18698326016,746631168
1791365877,5003952,0,1.28,919693152,1342160896,18698326016,746438656
1791365882,4965744,0,1.25,931305800,1361108992,18698321920,745803776
1791365887,4784496,0,1.15,949066600,1526558720,18698321920,750649344
1791365892,4791232,0,1.30,946919064,1524047872,18698321920,756047872
1791365897,4779860,0,1.44,950978576,1528758272,18698321920,757616640
1791365902,4780844,0,1.32,958042672,1528111104,18698321920,759255040
1791365907,4692940,0,1.38,941318704,1637740544,18698321920,761405440
1791365912,4556628,0,1.83,956995952,1764765696,18698317824,763555840
1791365917,4544396,0,2.16,953403512,1767723008,18698317824,763887616
1791365922,4539888,0,2.95,955094952,1767874560,18698317824,764825600
1791365927,4708976,0,4.80,951287072,1589997568,18698317824,766201856
1791365932,4929164,0,4.57,961132456,1212104704,18698317824,766533632
1791365938,4871432,0,4.45,804895912,1201463296,18698317824,770936832
1791365943,5410780,0,4.89,743898824,824475648,18698317824,735694848
1791365948,5560680,0,4.37,556025600,830758912,18698309632,637272064
1791365953,5847156,0,4.10,664086616,438550528,18698309632,546238464
1791365958,6097760,0,3.85,478187864,438124544,18698309632,495689728
1791365963,6475016,0,3.78,299472864,46276608,18698309632,403320832
1791365968,6582752,0,3.56,326539112,44843008,18698309632,337879040
1791365973,6967212,0,3.27,29215344,44003328,18698305536,147914752
1791365978,7110052,0,3.01,6683824,44003328,18698305536,108040192
1791365983,7063792,0,2.85,83600696,39391232,18698293248,96849920
1791365988,6499396,0,3.18,227750648,479408128,18695745536,96849920
1791365993,6184164,0,3.57,352761640,597819392,18693767168,405704704
1791365998,6105524,0,4.00,387767392,693112832,18692268032,775753728
1791366003,6168516,0,4.16,361084248,686985216,18691497984,810229760
1791366008,6045620,0,4.71,395732952,776433664,18687467520,588382208
1791366013,5946956,0,4.49,489652464,792293376,18686369792,571359232
1791366018,6204284,0,4.29,87887592,,18684133376,759320576
1791366023,7057884,0,3.95,30630200,,18684133376,474726400
